22/07/1949,כה תמוז תשט
23/07/1949,כו תמוז תשט
24/07/1949,כז תמוז תשט
25/07/1949,כח תמוז תשט
26/07/1949,כט תמוז תשט
27/07/1949,א אב תשט
28/07/1949,ב אב תשט
29/07/1949,ג אב תשט
30/07/1949,ד אב תשט
31/07/1949,ה אב תשט
01/08/1949,ו אב תשט
02/08/1949,ז אב תשט
03/08/1949,ח אב תשט
04/08/1949,ט אב תשט
05/08/1949,י אב תשט
06/08/1949,יא אב תשט
07/08/1949,יב אב תשט
08/08/1949,יג אב תשט
09/08/1949,יד אב תשט
10/08/1949,טו אב תשט
11/08/1949,טז אב תשט
12/08/1949,יז אב תשט
13/08/1949,יח אב תשט
14/08/1949,יט אב תשט
15/08/1949,כ אב תשט
16/08/1949,כא אב תשט
17/08/1949,כב אב תשט
18/08/1949,כג אב תשט
19/08/1949,כד אב תשט
20/08/1949,כה אב תשט
21/08/1949,כו אב תשט
22/08/1949,כז אב תשט
23/08/1949,כח אב תשט
24/08/1949,כט אב תשט
25/08/1949,ל אב תשט
26/08/1949,א אלול תשט
27/08/1949,ב אלול תשט
28/08/1949,ג אלול תשט
29/08/1949,ד אלול תשט
30/08/1949,ה אלול תשט
31/08/1949,ו אלול תשט
01/09/1949,ז אלול תשט
02/09/1949,ח אלול תשט
03/09/1949,ט אלול תשט
04/09/1949,י אלול תשט
05/09/1949,יא אלול תשט
06/09/1949,יב אלול תשט
07/09/1949,יג אלול תשט
08/09/1949,יד אלול תשט
09/09/1949,טו אלול תשט
10/09/1949,טז אלול תשט
11/09/1949,יז אלול תשט
12/09/1949,יח אלול תשט
13/09/1949,יט אלול תשט
14/09/1949,כ אלול תשט
15/09/1949,כא אלול תשט
16/09/1949,כב אלול תשט
17/09/1949,כג אלול תשט
18/09/1949,כד אלול תשט
19/09/1949,כה אלול תשט
20/09/1949,כו אלול תשט
21/09/1949,כז אלול תשט
22/09/1949,כח אלול תשט
23/09/1949,כט אלול תשט
24/09/1949,א תשרי תשי
25/09/1949,ב תשרי תשי
26/09/1949,ג תשרי תשי
27/09/1949,ד תשרי תשי
28/09/1949,ה תשרי תשי
29/09/1949,ו תשרי תשי
30/09/1949,ז תשרי תשי
01/10/1949,ח תשרי תשי
02/10/1949,ט תשרי תשי
03/10/1949,י תשרי תשי
04/10/1949,יא תשרי תשי
05/10/1949,יב תשרי תשי
06/10/1949,יג תשרי תשי
07/10/1949,יד תשרי תשי
08/10/1949,טו תשרי תשי
09/10/1949,טז תשרי תשי
10/10/1949,יז תשרי תשי
11/10/1949,יח תשרי תשי
12/10/1949,יט תשרי תשי
13/10/1949,כ תשרי תשי
14/10/1949,כא תשרי תשי
15/10/1949,כב תשרי תשי
16/10/1949,כג תשרי תשי
17/10/1949,כד תשרי תשי
18/10/1949,כה תשרי תשי
19/10/1949,כו תשרי תשי
20/10/1949,כז תשרי תשי
21/10/1949,כח תשרי תשי
22/10/1949,כט תשרי תשי
23/10/1949,ל תשרי תשי
24/10/1949,א חשון תשי
25/10/1949,ב חשון תשי
26/10/1949,ג חשון תשי
27/10/1949,ד חשון תשי
28/10/1949,ה חשון תשי
29/10/1949,ו חשון תשי
30/10/1949,ז חשון תשי
31/10/1949,ח חשון תשי
01/11/1949,ט חשון תשי
02/11/1949,י חשון תשי
03/11/1949,יא חשון תשי
04/11/1949,יב חשון תשי
05/11/1949,יג חשון תשי
06/11/1949,יד חשון תשי
07/11/1949,טו חשון תשי
08/11/1949,טז חשון תשי
09/11/1949,יז חשון תשי
10/11/1949,יח חשון תשי
11/11/1949,יט חשון תשי
12/11/1949,כ חשון תשי
13/11/1949,כא חשון תשי
14/11/1949,כב חשון תשי
15/11/1949,כג חשון תשי
16/11/1949,כד חשון תשי
17/11/1949,כה חשון תשי
18/11/1949,כו חשון תשי
19/11/1949,כז חשון תשי
20/11/1949,כח חשון תשי
21/11/1949,כט חשון תשי
22/11/1949,א כסלו תשי
23/11/1949,ב כסלו תשי
24/11/1949,ג כסלו תשי
25/11/1949,ד כסלו תשי
26/11/1949,ה כסלו תשי
27/11/1949,ו כסלו תשי
28/11/1949,ז כסלו תשי
29/11/1949,ח כסלו תשי
30/11/1949,ט כסלו תשי
01/12/1949,י כסלו תשי
02/12/1949,יא כסלו תשי
03/12/1949,יב כסלו תשי
04/12/1949,יג כסלו תשי
05/12/1949,יד כסלו תשי
06/12/1949,טו כסלו תשי
07/12/1949,טז כסלו תשי
08/12/1949,יז כסלו תשי
09/12/1949,יח כסלו תשי
10/12/1949,יט כסלו תשי
11/12/1949,כ כסלו תשי
12/12/1949,כא כסלו תשי
13/12/1949,כב כסלו תשי
14/12/1949,כג כסלו תשי
15/12/1949,כד כסלו תשי
16/12/1949,כה כסלו תשי
17/12/1949,כו כסלו תשי
18/12/1949,כז כסלו תשי
19/12/1949,כח כסלו תשי
20/12/1949,כט כסלו תשי
21/12/1949,א טבת תשי
22/12/1949,ב טבת תשי
23/12/1949,ג טבת תשי
24/12/1949,ד טבת תשי
25/12/1949,ה טבת תשי
26/12/1949,ו טבת תשי
27/12/1949,ז טבת תשי
28/12/1949,ח טבת תשי
29/12/1949,ט טבת תשי
30/12/1949,י טבת תשי
31/12/1949,יא טבת תשי
01/01/1950,יב טבת תשי
02/01/1950,יג טבת תשי
03/01/1950,יד טבת תשי
04/01/1950,טו טבת תשי
05/01/1950,טז טבת תשי
06/01/1950,יז טבת תשי
07/01/1950,יח טבת תשי
08/01/1950,יט טבת תשי
09/01/1950,כ טבת תשי
10/01/1950,כא טבת תשי
11/01/1950,כב טבת תשי
12/01/1950,כג טבת תשי
13/01/1950,כד טבת תשי
14/01/1950,כה טבת תשי
15/01/1950,כו טבת תשי
16/01/1950,כז טבת תשי
17/01/1950,כח טבת תשי
18/01/1950,כט טבת תשי
19/01/1950,א שבט תשי
20/01/1950,ב שבט תשי
21/01/1950,ג שבט תשי
22/01/1950,ד שבט תשי
23/01/1950,ה שבט תשי
24/01/1950,ו שבט תשי
25/01/1950,ז שבט תשי
26/01/1950,ח שבט תשי
27/01/1950,ט שבט תשי
28/01/1950,י שבט תשי
29/01/1950,יא שבט תשי
30/01/1950,יב שבט תשי
31/01/1950,יג שבט תשי
01/02/1950,יד שבט תשי
02/02/1950,טו שבט תשי
03/02/1950,טז שבט תשי
04/02/1950,יז שבט תשי
05/02/1950,יח שבט תשי
06/02/1950,יט שבט תשי
07/02/1950,כ שבט תשי
08/02/1950,כא שבט תשי
09/02/1950,כב שבט תשי
10/02/1950,כג שבט תשי
11/02/1950,כד שבט תשי
12/02/1950,כה שבט תשי
13/02/1950,כו שבט תשי
14/02/1950,כז שבט תשי
15/02/1950,כח שבט תשי
16/02/1950,כט שבט תשי
17/02/1950,ל שבט תשי
18/02/1950,א אדר תשי
19/02/1950,ב אדר תשי
20/02/1950,ג אדר תשי
21/02/1950,ד אדר תשי
22/02/1950,ה אדר תשי
23/02/1950,ו אדר תשי
24/02/1950,ז אדר תשי
25/02/1950,ח אדר תשי
26/02/1950,ט אדר תשי
27/02/1950,י אדר תשי
28/02/1950,יא אדר תשי
01/03/1950,יב אדר תשי
02/03/1950,יג אדר תשי
03/03/1950,יד אדר תשי
04/03/1950,טו אדר תשי
05/03/1950,טז אדר תשי
06/03/1950,יז אדר תשי
07/03/1950,יח אדר תשי
08/03/1950,יט אדר תשי
09/03/1950,כ אדר תשי
10/03/1950,כא אדר תשי
11/03/1950,כב אדר תשי
12/03/1950,כג אדר תשי
13/03/1950,כד אדר תשי
14/03/1950,כה אדר תשי
15/03/1950,כו אדר תשי
16/03/1950,כז אדר תשי
17/03/1950,כח אדר תשי
18/03/1950,כט אדר תשי
19/03/1950,א ניסן תשי
20/03/1950,ב ניסן תשי
21/03/1950,ג ניסן תשי
22/03/1950,ד ניסן תשי
23/03/1950,ה ניסן תשי
24/03/1950,ו ניסן תשי
25/03/1950,ז ניסן תשי
26/03/1950,ח ניסן תשי
27/03/1950,ט ניסן תשי
28/03/1950,י ניסן תשי
29/03/1950,יא ניסן תשי
30/03/1950,יב ניסן תשי
31/03/1950,יג ניסן תשי
01/04/1950,יד ניסן תשי
02/04/1950,טו ניסן תשי
03/04/1950,טז ניסן תשי
04/04/1950,יז ניסן תשי
05/04/1950,יח ניסן תשי
06/04/1950,יט ניסן תשי
07/04/1950,כ ניסן תשי
08/04/1950,כא ניסן תשי
09/04/1950,כב ניסן תשי
10/04/1950,כג ניסן תשי
11/04/1950,כד ניסן תשי
12/04/1950,כה ניסן תשי
13/04/1950,כו ניסן תשי
14/04/1950,כז ניסן תשי
15/04/1950,כח ניסן תשי
16/04/1950,כט ניסן תשי
17/04/1950,ל ניסן תשי
18/04/1950,א אייר תשי
19/04/1950,ב אייר תשי
20/04/1950,ג אייר תשי
21/04/1950,ד אייר תשי
22/04/1950,ה אייר תשי
23/04/1950,ו אייר תשי
24/04/1950,ז אייר תשי
25/04/1950,ח אייר תשי
26/04/1950,ט אייר תשי
27/04/1950,י אייר תשי
28/04/1950,יא אייר תשי
29/04/1950,יב אייר תשי
30/04/1950,יג אייר תשי
01/05/1950,יד אייר תשי
02/05/1950,טו אייר תשי
03/05/1950,טז אייר תשי
04/05/1950,יז אייר תשי
05/05/1950,יח אייר תשי
06/05/1950,יט אייר תשי
07/05/1950,כ אייר תשי
08/05/1950,כא אייר תשי
09/05/1950,כב אייר תשי
10/05/1950,כג אייר תשי
11/05/1950,כד אייר תשי
12/05/1950,כה אייר תשי
13/05/1950,כו אייר תשי
14/05/1950,כז אייר תשי
15/05/1950,כח אייר תשי
16/05/1950,כט אייר תשי
17/05/1950,א סיון תשי
18/05/1950,ב סיון תשי
19/05/1950,ג סיון תשי
20/05/1950,ד סיון תשי
21/05/1950,ה סיון תשי
22/05/1950,ו סיון תשי
23/05/1950,ז סיון תשי
24/05/1950,ח סיון תשי
25/05/1950,ט סיון תשי
26/05/1950,י סיון תשי
27/05/1950,יא סיון תשי
28/05/1950,יב סיון תשי
29/05/1950,יג סיון תשי
30/05/1950,יד סיון תשי
31/05/1950,טו סיון תשי
01/06/1950,טז סיון תשי
02/06/1950,יז סיון תשי
03/06/1950,יח סיון תשי
04/06/1950,יט סיון תשי
05/06/1950,כ סיון תשי
06/06/1950,כא סיון תשי
07/06/1950,כב סיון תשי
08/06/1950,כג סיון תשי
09/06/1950,כד סיון תשי
10/06/1950,כה סיון תשי
11/06/1950,כו סיון תשי
12/06/1950,כז סיון תשי
13/06/1950,כח סיון תשי
14/06/1950,כט סיון תשי
15/06/1950,ל סיון תשי
16/06/1950,א תמוז תשי
17/06/1950,ב תמוז תשי
18/06/1950,ג תמוז תשי
19/06/1950,ד תמוז תשי
20/06/1950,ה תמוז תשי
21/06/1950,ו תמוז תשי
22/06/1950,ז תמוז תשי
23/06/1950,ח תמוז תשי
24/06/1950,ט תמוז תשי
25/06/1950,י תמוז תשי
26/06/1950,יא תמוז תשי
27/06/1950,יב תמוז תשי
28/06/1950,יג תמוז תשי
29/06/1950,יד תמוז תשי
30/06/1950,טו תמוז תשי
01/07/1950,טז תמוז תשי
02/07/1950,יז תמוז תשי
03/07/1950,יח תמוז תשי
04/07/1950,יט תמוז תשי
05/07/1950,כ תמוז תשי
06/07/1950,כא תמוז תשי
07/07/1950,כב תמוז תשי
08/07/1950,כג תמוז תשי
09/07/1950,כד תמוז תשי
10/07/1950,כה תמוז תשי
11/07/1950,כו תמוז תשי
12/07/1950,כז תמוז תשי
13/07/1950,כח תמוז תשי
14/07/1950,כט תמוז תשי
15/07/1950,א אב תשי
16/07/1950,ב אב תשי
17/07/1950,ג אב תשי
18/07/1950,ד אב תשי
19/07/1950,ה אב תשי
20/07/1950,ו אב תשי
21/07/1950,ז אב תשי
22/07/1950,ח אב תשי
23/07/1950,ט אב תשי
24/07/1950,י אב תשי
25/07/1950,יא אב תשי
26/07/1950,יב אב תשי
27/07/1950,יג אב תשי
28/07/1950,יד אב תשי
29/07/1950,טו אב תשי
30/07/1950,טז אב תשי
31/07/1950,יז אב תשי
01/08/1950,יח אב תשי
02/08/1950,יט אב תשי
03/08/1950,כ אב תשי
04/08/1950,כא אב תשי
05/08/1950,כב אב תשי
06/08/1950,כג אב תשי
07/08/1950,כד אב תשי
08/08/1950,כה אב תשי
09/08/1950,כו אב תשי
10/08/1950,כז אב תשי
11/08/1950,כח אב תשי
12/08/1950,כט אב תשי
13/08/1950,ל אב תשי
14/08/1950,א אלול תשי
15/08/1950,ב אלול תשי
16/08/1950,ג אלול תשי
17/08/1950,ד אלול תשי
18/08/1950,ה אלול תשי
19/08/1950,ו אלול תשי
20/08/1950,ז אלול תשי
21/08/1950,ח אלול תשי
22/08/1950,ט אלול תשי
23/08/1950,י אלול תשי
24/08/1950,יא אלול תשי
25/08/1950,יב אלול תשי
26/08/1950,יג אלול תשי
27/08/1950,יד אלול תשי
28/08/1950,טו אלול תשי
29/08/1950,טז אלול תשי
30/08/1950,יז אלול תשי
31/08/1950,יח אלול תשי
01/09/1950,יט אלול תשי
02/09/1950,כ אלול תשי
03/09/1950,כא אלול תשי
04/09/1950,כב אלול תשי
05/09/1950,כג אלול תשי
06/09/1950,כד אלול תשי
07/09/1950,כה אלול תשי
08/09/1950,כו אלול תשי
09/09/1950,כז אלול תשי
10/09/1950,כח אלול תשי
11/09/1950,כט אלול תשי
12/09/1950,א תשרי תשיא
13/09/1950,ב תשרי תשיא
14/09/1950,ג תשרי תשיא
15/09/1950,ד תשרי תשיא
16/09/1950,ה תשרי תשיא
17/09/1950,ו תשרי תשיא
18/09/1950,ז תשרי תשיא
19/09/1950,ח תשרי תשיא
20/09/1950,ט תשרי תשיא
21/09/1950,י תשרי תשיא
22/09/1950,יא תשרי תשיא
23/09/1950,יב תשרי תשיא
24/09/1950,יג תשרי תשיא
25/09/1950,יד תשרי תשיא
26/09/1950,טו תשרי תשיא
27/09/1950,טז תשרי תשיא
28/09/1950,יז תשרי תשיא
29/09/1950,יח תשרי תשיא
30/09/1950,יט תשרי תשיא
01/10/1950,כ תשרי תשיא
02/10/1950,כא תשרי תשיא
03/10/1950,כב תשרי תשיא
04/10/1950,כג תשרי תשיא
05/10/1950,כד תשרי תשיא
06/10/1950,כה תשרי תשיא
07/10/1950,כו תשרי תשיא
08/10/1950,כז תשרי תשיא
09/10/1950,כח תשרי תשיא
10/10/1950,כט תשרי תשיא
11/10/1950,ל תשרי תשיא
12/10/1950,א חשון תשיא
13/10/1950,ב חשון תשיא
14/10/1950,ג חשון תשיא
15/10/1950,ד חשון תשיא
16/10/1950,ה חשון תשיא
17/10/1950,ו חשון תשיא
18/10/1950,ז חשון תשיא
19/10/1950,ח חשון תשיא
20/10/1950,ט חשון תשיא
21/10/1950,י חשון תשיא
22/10/1950,יא חשון תשיא
23/10/1950,יב חשון תשיא
24/10/1950,יג חשון תשיא
25/10/1950,יד חשון תשיא
26/10/1950,טו חשון תשיא
27/10/1950,טז חשון תשיא
28/10/1950,יז חשון תשיא
29/10/1950,יח חשון תשיא
30/10/1950,יט חשון תשיא
31/10/1950,כ חשון תשיא
01/11/1950,כא חשון תשיא
02/11/1950,כב חשון תשיא
03/11/1950,כג חשון תשיא
04/11/1950,כד חשון תשיא
05/11/1950,כה חשון תשיא
06/11/1950,כו חשון תשיא
07/11/1950,כז חשון תשיא
08/11/1950,כח חשון תשיא
09/11/1950,כט חשון תשיא
10/11/1950,א כסלו תשיא
11/11/1950,ב כסלו תשיא
12/11/1950,ג כסלו תשיא
13/11/1950,ד כסלו תשיא
14/11/1950,ה כסלו תשיא
15/11/1950,ו כסלו תשיא
16/11/1950,ז כסלו תשיא
17/11/1950,ח כסלו תשיא
18/11/1950,ט כסלו תשיא
19/11/1950,י כסלו תשיא
20/11/1950,יא כסלו תשיא
21/11/1950,יב כסלו תשיא
22/11/1950,יג כסלו תשיא
23/11/1950,יד כסלו תשיא
24/11/1950,טו כסלו תשיא
25/11/1950,טז כסלו תשיא
26/11/1950,יז כסלו תשיא
27/11/1950,יח כסלו תשיא
28/11/1950,יט כסלו תשיא
29/11/1950,כ כסלו תשיא
30/11/1950,כא כסלו תשיא
01/12/1950,כב כסלו תשיא
02/12/1950,כג כסלו תשיא
03/12/1950,כד כסלו תשיא
04/12/1950,כה כסלו תשיא
05/12/1950,כו כסלו תשיא
06/12/1950,כז כסלו תשיא
07/12/1950,כח כסלו תשיא
08/12/1950,כט כסלו תשיא
09/12/1950,ל כסלו תשיא
10/12/1950,א טבת תשיא
11/12/1950,ב טבת תשיא
12/12/1950,ג טבת תשיא
13/12/1950,ד טבת תשיא
14/12/1950,ה טבת תשיא
15/12/1950,ו טבת תשיא
16/12/1950,ז טבת תשיא
17/12/1950,ח טבת תשיא
18/12/1950,ט טבת תשיא
19/12/1950,י טבת תשיא
20/12/1950,יא טבת תשיא
21/12/1950,יב טבת תשיא
22/12/1950,יג טבת תשיא
23/12/1950,יד טבת תשיא
24/12/1950,טו טבת תשיא
25/12/1950,טז טבת תשיא
26/12/1950,יז טבת תשיא
27/12/1950,יח טבת תשיא
28/12/1950,יט טבת תשיא
29/12/1950,כ טבת תשיא
30/12/1950,כא טבת תשיא
31/12/1950,כב טבת תשיא
01/01/1951,כג טבת תשיא
02/01/1951,כד טבת תשיא
03/01/1951,כה טבת תשיא
04/01/1951,כו טבת תשיא
05/01/1951,כז טבת תשיא
06/01/1951,כח טבת תשיא
07/01/1951,כט טבת תשיא
08/01/1951,א שבט תשיא
09/01/1951,ב שבט תשיא
10/01/1951,ג שבט תשיא
11/01/1951,ד שבט תשיא
12/01/1951,ה שבט תשיא
13/01/1951,ו שבט תשיא
14/01/1951,ז שבט תשיא
15/01/1951,ח שבט תשיא
16/01/1951,ט שבט תשיא
17/01/1951,י שבט תשיא
18/01/1951,יא שבט תשיא
19/01/1951,יב שבט תשיא
20/01/1951,יג שבט תשיא
21/01/1951,יד שבט תשיא
22/01/1951,טו שבט תשיא
23/01/1951,טז שבט תשיא
24/01/1951,יז שבט תשיא
25/01/1951,יח שבט תשיא
26/01/1951,יט שבט תשיא
27/01/1951,כ שבט תשיא
28/01/1951,כא שבט תשיא
29/01/1951,כב שבט תשיא
30/01/1951,כג שבט תשיא
31/01/1951,כד שבט תשיא
01/02/1951,כה שבט תשיא
02/02/1951,כו שבט תשיא
03/02/1951,כז שבט תשיא
04/02/1951,כח שבט תשיא
05/02/1951,כט שבט תשיא
06/02/1951,ל שבט תשיא
07/02/1951,א אדר-א תשיא
08/02/1951,ב אדר-א תשיא
09/02/1951,ג אדר-א תשיא
10/02/1951,ד אדר-א תשיא
11/02/1951,ה אדר-א תשיא
12/02/1951,ו אדר-א תשיא
13/02/1951,ז אדר-א תשיא
14/02/1951,ח אדר-א תשיא
15/02/1951,ט אדר-א תשיא
16/02/1951,י אדר-א תשיא
17/02/1951,יא אדר-א תשיא
18/02/1951,יב אדר-א תשיא
19/02/1951,יג אדר-א תשיא
20/02/1951,יד אדר-א תשיא
21/02/1951,טו אדר-א תשיא
22/02/1951,טז אדר-א תשיא
23/02/1951,יז אדר-א תשיא
24/02/1951,יח אדר-א תשיא
25/02/1951,יט אדר-א תשיא
26/02/1951,כ אדר-א תשיא
27/02/1951,כא אדר-א תשיא
28/02/1951,כב אדר-א תשיא
01/03/1951,כג אדר-א תשיא
02/03/1951,כד אדר-א תשיא
03/03/1951,כה אדר-א תשיא
04/03/1951,כו אדר-א תשיא
05/03/1951,כז אדר-א תשיא
06/03/1951,כח אדר-א תשיא
07/03/1951,כט אדר-א תשיא
08/03/1951,ל אדר-א תשיא
09/03/1951,א אדר-ב תשיא
10/03/1951,ב אדר-ב תשיא
11/03/1951,ג אדר-ב תשיא
12/03/1951,ד אדר-ב תשיא
13/03/1951,ה אדר-ב תשיא
14/03/1951,ו אדר-ב תשיא
15/03/1951,ז אדר-ב תשיא
16/03/1951,ח אדר-ב תשיא
17/03/1951,ט אדר-ב תשיא
18/03/1951,י אדר-ב תשיא
19/03/1951,יא אדר-ב תשיא
20/03/1951,יב אדר-ב תשיא
21/03/1951,יג אדר-ב תשיא
22/03/1951,יד אדר-ב תשיא
23/03/1951,טו אדר-ב תשיא
24/03/1951,טז אדר-ב תשיא
25/03/1951,יז אדר-ב תשיא
26/03/1951,יח אדר-ב תשיא
27/03/1951,יט אדר-ב תשיא
28/03/1951,כ אדר-ב תשיא
29/03/1951,כא אדר-ב תשיא
30/03/1951,כב אדר-ב תשיא
31/03/1951,כג אדר-ב תשיא
01/04/1951,כד אדר-ב תשיא
02/04/1951,כה אדר-ב תשיא
03/04/1951,כו אדר-ב תשיא
04/04/1951,כז אדר-ב תשיא
05/04/1951,כח אדר-ב תשיא
06/04/1951,כט אדר-ב תשיא
07/04/1951,א ניסן תשיא
08/04/1951,ב ניסן תשיא
09/04/1951,ג ניסן תשיא
10/04/1951,ד ניסן תשיא
11/04/1951,ה ניסן תשיא
12/04/1951,ו ניסן תשיא
13/04/1951,ז ניסן תשיא
14/04/1951,ח ניסן תשיא
15/04/1951,ט ניסן תשיא
16/04/1951,י ניסן תשיא
17/04/1951,יא ניסן תשיא
18/04/1951,יב ניסן תשיא
19/04/1951,יג ניסן תשיא
20/04/1951,יד ניסן תשיא
21/04/1951,טו ניסן תשיא
22/04/1951,טז ניסן תשיא
23/04/1951,יז ניסן תשיא
24/04/1951,יח ניסן תשיא
25/04/1951,יט ניסן תשיא
26/04/1951,כ ניסן תשיא
27/04/1951,כא ניסן תשיא
28/04/1951,כב ניסן תשיא
29/04/1951,כג ניסן תשיא
30/04/1951,כד ניסן תשיא
01/05/1951,כה ניסן תשיא
02/05/1951,כו ניסן תשיא
03/05/1951,כז ניסן תשיא
04/05/1951,כח ניסן תשיא
05/05/1951,כט ניסן תשיא
06/05/1951,ל ניסן תשיא
07/05/1951,א אייר תשיא
08/05/1951,ב אייר תשיא
09/05/1951,ג אייר תשיא
10/05/1951,ד אייר תשיא
11/05/1951,ה אייר תשיא
12/05/1951,ו אייר תשיא
13/05/1951,ז אייר תשיא
14/05/1951,ח אייר תשיא
15/05/1951,ט אייר תשיא
16/05/1951,י אייר תשיא
17/05/1951,יא אייר תשיא
18/05/1951,יב אייר תשיא
19/05/1951,יג אייר תשיא
20/05/1951,יד אייר תשיא
21/05/1951,טו אייר תשיא
22/05/1951,טז אייר תשיא
23/05/1951,יז אייר תשיא
24/05/1951,יח אייר תשיא
25/05/1951,יט אייר תשיא
26/05/1951,כ אייר תשיא
27/05/1951,כא אייר תשיא
28/05/1951,כב אייר תשיא
29/05/1951,כג אייר תשיא
30/05/1951,כד אייר תשיא
31/05/1951,כה אייר תשיא
01/06/1951,כו אייר תשיא
02/06/1951,כז אייר תשיא
03/06/1951,כח אייר תשיא
04/06/1951,כט אייר תשיא
05/06/1951,א סיון תשיא
06/06/1951,ב סיון תשיא
07/06/1951,ג סיון תשיא
08/06/1951,ד סיון תשיא
09/06/1951,ה סיון תשיא
10/06/1951,ו סיון תשיא
11/06/1951,ז סיון תשיא
12/06/1951,ח סיון תשיא
13/06/1951,ט סיון תשיא
14/06/1951,י סיון תשיא
15/06/1951,יא סיון תשיא
16/06/1951,יב סיון תשיא
17/06/1951,יג סיון תשיא
18/06/1951,יד סיון תשיא
19/06/1951,טו סיון תשיא
20/06/1951,טז סיון תשיא
21/06/1951,יז סיון תשיא
22/06/1951,יח סיון תשיא
23/06/1951,יט סיון תשיא
24/06/1951,כ סיון תשיא
25/06/1951,כא סיון תשיא
26/06/1951,כב סיון תשיא
27/06/1951,כג סיון תשיא
28/06/1951,כד סיון תשיא
29/06/1951,כה סיון תשיא
30/06/1951,כו סיון תשיא
01/07/1951,כז סיון תשיא
02/07/1951,כח סיון תשיא
03/07/1951,כט סיון תשיא
04/07/1951,ל סיון תשיא
05/07/1951,א תמוז תשיא
06/07/1951,ב תמוז תשיא
07/07/1951,ג תמוז תשיא
08/07/1951,ד תמוז תשיא
09/07/1951,ה תמוז תשיא
10/07/1951,ו תמוז תשיא
11/07/1951,ז תמוז תשיא
12/07/1951,ח תמוז תשיא
13/07/1951,ט תמוז תשיא
14/07/1951,י תמוז תשיא
15/07/1951,יא תמוז תשיא
16/07/1951,יב תמוז תשיא
17/07/1951,יג תמוז תשיא
18/07/1951,יד תמוז תשיא
19/07/1951,טו תמוז תשיא
20/07/1951,טז תמוז תשיא
21/07/1951,יז תמוז תשיא
22/07/1951,יח תמוז תשיא
23/07/1951,יט תמוז תשיא
24/07/1951,כ תמוז תשיא
25/07/1951,כא תמוז תשיא
26/07/1951,כב תמוז תשיא
27/07/1951,כג תמוז תשיא
28/07/1951,כד תמוז תשיא
29/07/1951,כה תמוז תשיא
30/07/1951,כו תמוז תשיא
31/07/1951,כז תמוז תשיא
01/08/1951,כח תמוז תשיא
02/08/1951,כט תמוז תשיא
03/08/1951,א אב תשיא
04/08/1951,ב אב תשיא
05/08/1951,ג אב תשיא
06/08/1951,ד אב תשיא
07/08/1951,ה אב תשיא
08/08/1951,ו אב תשיא
09/08/1951,ז אב תשיא
10/08/1951,ח אב תשיא
11/08/1951,ט אב תשיא
12/08/1951,י אב תשיא
13/08/1951,יא אב תשיא
14/08/1951,יב אב תשיא
15/08/1951,יג אב תשיא
16/08/1951,יד אב תשיא
17/08/1951,טו אב תשיא
18/08/1951,טז אב תשיא
19/08/1951,יז אב תשיא
20/08/1951,יח אב תשיא
21/08/1951,יט אב תשיא
22/08/1951,כ אב תשיא
23/08/1951,כא אב תשיא
24/08/1951,כב אב תשיא
25/08/1951,כג אב תשיא
26/08/1951,כד אב תשיא
27/08/1951,כה אב תשיא
28/08/1951,כו אב תשיא
29/08/1951,כז אב תשיא
30/08/1951,כח אב תשיא
31/08/1951,כט אב תשיא
01/09/1951,ל אב תשיא
02/09/1951,א אלול תשיא
03/09/1951,ב אלול תשיא
04/09/1951,ג אלול תשיא
05/09/1951,ד אלול תשיא
06/09/1951,ה אלול תשיא
07/09/1951,ו אלול תשיא
08/09/1951,ז אלול תשיא
09/09/1951,ח אלול תשיא
10/09/1951,ט אלול תשיא
11/09/1951,י אלול תשיא
12/09/1951,יא אלול תשיא
13/09/1951,יב אלול תשיא
14/09/1951,יג אלול תשיא
15/09/1951,יד אלול תשיא
16/09/1951,טו אלול תשיא
17/09/1951,טז אלול תשיא
18/09/1951,יז אלול תשיא
19/09/1951,יח אלול תשיא
20/09/1951,יט אלול תשיא
21/09/1951,כ אלול תשיא
22/09/1951,כא אלול תשיא
23/09/1951,כב אלול תשיא
24/09/1951,כג אלול תשיא
25/09/1951,כד אלול תשיא
26/09/1951,כה אלול תשיא
27/09/1951,כו אלול תשיא
28/09/1951,כז אלול תשיא
29/09/1951,כח אלול תשיא
30/09/1951,כט אלול תשיא
01/10/1951,א תשרי תשיב
02/10/1951,ב תשרי תשיב
03/10/1951,ג תשרי תשיב
04/10/1951,ד תשרי תשיב
05/10/1951,ה תשרי תשיב
06/10/1951,ו תשרי תשיב
07/10/1951,ז תשרי תשיב
08/10/1951,ח תשרי תשיב
09/10/1951,ט תשרי תשיב
10/10/1951,י תשרי תשיב
11/10/1951,יא תשרי תשיב
12/10/1951,יב תשרי תשיב
13/10/1951,יג תשרי תשיב
14/10/1951,יד תשרי תשיב
15/10/1951,טו תשרי תשיב
16/10/1951,טז תשרי תשיב
17/10/1951,יז תשרי תשיב
18/10/1951,יח תשרי תשיב
19/10/1951,יט תשרי תשיב
20/10/1951,כ תשרי תשיב
21/10/1951,כא תשרי תשיב
22/10/1951,כב תשרי תשיב
23/10/1951,כג תשרי תשיב
24/10/1951,כד תשרי תשיב
25/10/1951,כה תשרי תשיב
26/10/1951,כו תשרי תשיב
27/10/1951,כז תשרי תשיב
28/10/1951,כח תשרי תשיב
29/10/1951,כט תשרי תשיב
30/10/1951,ל תשרי תשיב
31/10/1951,א חשון תשיב
01/11/1951,ב חשון תשיב
02/11/1951,ג חשון תשיב
03/11/1951,ד חשון תשיב
04/11/1951,ה חשון תשיב
05/11/1951,ו חשון תשיב
06/11/1951,ז חשון תשיב
07/11/1951,ח חשון תשיב
08/11/1951,ט חשון תשיב
09/11/1951,י חשון תשיב
10/11/1951,יא חשון תשיב
11/11/1951,יב חשון תשיב
12/11/1951,יג חשון תשיב
13/11/1951,יד חשון תשיב
14/11/1951,טו חשון תשיב
15/11/1951,טז חשון תשיב
16/11/1951,יז חשון תשיב
17/11/1951,יח חשון תשיב
18/11/1951,יט חשון תשיב
19/11/1951,כ חשון תשיב
20/11/1951,כא חשון תשיב
21/11/1951,כב חשון תשיב
22/11/1951,כג חשון תשיב
23/11/1951,כד חשון תשיב
24/11/1951,כה חשון תשיב
25/11/1951,כו חשון תשיב
26/11/1951,כז חשון תשיב
27/11/1951,כח חשון תשיב
28/11/1951,כט חשון תשיב
29/11/1951,ל חשון תשיב
30/11/1951,א כסלו תשיב
01/12/1951,ב כסלו תשיב
02/12/1951,ג כסלו תשיב
03/12/1951,ד כסלו תשיב
04/12/1951,ה כסלו תשיב
05/12/1951,ו כסלו תשיב
06/12/1951,ז כסלו תשיב
07/12/1951,ח כסלו תשיב
08/12/1951,ט כסלו תשיב
09/12/1951,י כסלו תשיב
10/12/1951,יא כסלו תשיב
11/12/1951,יב כסלו תשיב
12/12/1951,יג כסלו תשיב
13/12/1951,יד כסלו תשיב
14/12/1951,טו כסלו תשיב
15/12/1951,טז כסלו תשיב
16/12/1951,יז כסלו תשיב
17/12/1951,יח כסלו תשיב
18/12/1951,יט כסלו תשיב
19/12/1951,כ כסלו תשיב
20/12/1951,כא כסלו תשיב
21/12/1951,כב כסלו תשיב
22/12/1951,כג כסלו תשיב
23/12/1951,כד כסלו תשיב
24/12/1951,כה כסלו תשיב
25/12/1951,כו כסלו תשיב
26/12/1951,כז כסלו תשיב
27/12/1951,כח כסלו תשיב
28/12/1951,כט כסלו תשיב
29/12/1951,ל כסלו תשיב
30/12/1951,א טבת תשיב
31/12/1951,ב טבת תשיב
01/01/1952,ג טבת תשיב
02/01/1952,ד טבת תשיב
03/01/1952,ה טבת תשיב
04/01/1952,ו טבת תשיב
05/01/1952,ז טבת תשיב
06/01/1952,ח טבת תשיב
07/01/1952,ט טבת תשיב
08/01/1952,י טבת תשיב
09/01/1952,יא טבת תשיב
10/01/1952,יב טבת תשיב
11/01/1952,יג טבת תשיב
12/01/1952,יד טבת תשיב
13/01/1952,טו טבת תשיב
14/01/1952,טז טבת תשיב
15/01/1952,יז טבת תשיב
16/01/1952,יח טבת תשיב
17/01/1952,יט טבת תשיב
18/01/1952,כ טבת תשיב
19/01/1952,כא טבת תשיב
20/01/1952,כב טבת תשיב
21/01/1952,כג טבת תשיב
22/01/1952,כד טבת תשיב
23/01/1952,כה טבת תשיב
24/01/1952,כו טבת תשיב
25/01/1952,כז טבת תשיב
26/01/1952,כח טבת תשיב
27/01/1952,כט טבת תשיב
28/01/1952,א שבט תשיב
29/01/1952,ב שבט תשיב
30/01/1952,ג שבט תשיב
31/01/1952,ד שבט תשיב
01/02/1952,ה שבט תשיב
02/02/1952,ו שבט תשיב
03/02/1952,ז שבט תשיב
04/02/1952,ח שבט תשיב
05/02/1952,ט שבט תשיב
06/02/1952,י שבט תשיב
07/02/1952,יא שבט תשיב
08/02/1952,יב שבט תשיב
09/02/1952,יג שבט תשיב
10/02/1952,יד שבט תשיב
11/02/1952,טו שבט תשיב
12/02/1952,טז שבט תשיב
13/02/1952,יז שבט תשיב
14/02/1952,יח שבט תשיב
15/02/1952,יט שבט תשיב
16/02/1952,כ שבט תשיב
17/02/1952,כא שבט תשיב
18/02/1952,כב שבט תשיב
19/02/1952,כג שבט תשיב
20/02/1952,כד שבט תשיב
21/02/1952,כה שבט תשיב
22/02/1952,כו שבט תשיב
23/02/1952,כז שבט תשיב
24/02/1952,כח שבט תשיב
25/02/1952,כט שבט תשיב
26/02/1952,ל שבט תשיב
27/02/1952,א אדר תשיב
28/02/1952,ב אדר תשיב
29/02/1952,ג אדר תשיב
01/03/1952,ד אדר תשיב
02/03/1952,ה אדר תשיב
03/03/1952,ו אדר תשיב
04/03/1952,ז אדר תשיב
05/03/1952,ח אדר תשיב
06/03/1952,ט אדר תשיב
07/03/1952,י אדר תשיב
08/03/1952,יא אדר תשיב
09/03/1952,יב אדר תשיב
10/03/1952,יג אדר תשיב
11/03/1952,יד אדר תשיב
12/03/1952,טו אדר תשיב
13/03/1952,טז אדר תשיב
14/03/1952,יז אדר תשיב
15/03/1952,יח אדר תשיב
16/03/1952,יט אדר תשיב
17/03/1952,כ אדר תשיב
18/03/1952,כא אדר תשיב
19/03/1952,כב אדר תשיב
20/03/1952,כג אדר תשיב
21/03/1952,כד אדר תשיב
22/03/1952,כה אדר תשיב
23/03/1952,כו אדר תשיב
24/03/1952,כז אדר תשיב
25/03/1952,כח אדר תשיב
26/03/1952,כט אדר תשיב
27/03/1952,א ניסן תשיב
28/03/1952,ב ניסן תשיב
29/03/1952,ג ניסן תשיב
30/03/1952,ד ניסן תשיב
31/03/1952,ה ניסן תשיב
01/04/1952,ו ניסן תשיב
02/04/1952,ז ניסן תשיב
03/04/1952,ח ניסן תשיב
04/04/1952,ט ניסן תשיב
05/04/1952,י ניסן תשיב
06/04/1952,יא ניסן תשיב
07/04/1952,יב ניסן תשיב
08/04/1952,יג ניסן תשיב
09/04/1952,יד ניסן תשיב
10/04/1952,טו ניסן תשיב
11/04/1952,טז ניסן תשיב
12/04/1952,יז ניסן תשיב
13/04/1952,יח ניסן תשיב
14/04/1952,יט ניסן תשיב
15/04/1952,כ ניסן תשיב
16/04/1952,כא ניסן תשיב
17/04/1952,כב ניסן תשיב
18/04/1952,כג ניסן תשיב
19/04/1952,כד ניסן תשיב
20/04/1952,כה ניסן תשיב
21/04/1952,כו ניסן תשיב
22/04/1952,כז ניסן תשיב
23/04/1952,כח ניסן תשיב
24/04/1952,כט ניסן תשיב
25/04/1952,ל ניסן תשיב
26/04/1952,א אייר תשיב
27/04/1952,ב אייר תשיב
28/04/1952,ג אייר תשיב
29/04/1952,ד אייר תשיב
30/04/1952,ה אייר תשיב
01/05/1952,ו אייר תשיב
02/05/1952,ז אייר תשיב
03/05/1952,ח אייר תשיב
04/05/1952,ט אייר תשיב
05/05/1952,י אייר תשיב
06/05/1952,יא אייר תשיב
07/05/1952,יב אייר תשיב
08/05/1952,יג אייר תשיב
09/05/1952,יד אייר תשיב
10/05/1952,טו אייר תשיב
11/05/1952,טז אייר תשיב
12/05/1952,יז אייר תשיב
13/05/1952,יח אייר תשיב
14/05/1952,יט אייר תשיב
15/05/1952,כ אייר תשיב
16/05/1952,כא אייר תשיב
17/05/1952,כב אייר תשיב
18/05/1952,כג אייר תשיב
19/05/1952,כד אייר תשיב
20/05/1952,כה אייר תשיב
21/05/1952,כו אייר תשיב
22/05/1952,כז אייר תשיב
23/05/1952,כח אייר תשיב
24/05/1952,כט אייר תשיב
25/05/1952,א סיון תשיב
26/05/1952,ב סיון תשיב
27/05/1952,ג סיון תשיב
28/05/1952,ד סיון תשיב
29/05/1952,ה סיון תשיב
30/05/1952,ו סיון תשיב
31/05/1952,ז סיון תשיב
01/06/1952,ח סיון תשיב
02/06/1952,ט סיון תשיב
03/06/1952,י סיון תשיב
04/06/1952,יא סיון תשיב
05/06/1952,יב סיון תשיב
06/06/1952,יג סיון תשיב
07/06/1952,יד סיון תשיב
08/06/1952,טו סיון תשיב
09/06/1952,טז סיון תשיב
10/06/1952,יז סיון תשיב
11/06/1952,יח סיון תשיב
12/06/1952,יט סיון תשיב
13/06/1952,כ סיון תשיב
14/06/1952,כא סיון תשיב
15/06/1952,כב סיון תשיב
16/06/1952,כג סיון תשיב
17/06/1952,כד סיון תשיב
18/06/1952,כה סיון תשיב
19/06/1952,כו סיון תשיב
20/06/1952,כז סיון תשיב
21/06/1952,כח סיון תשיב
22/06/1952,כט סיון תשיב
23/06/1952,ל סיון תשיב
24/06/1952,א תמוז תשיב
25/06/1952,ב תמוז תשיב
26/06/1952,ג תמוז תשיב
27/06/1952,ד תמוז תשיב
28/06/1952,ה תמוז תשיב
29/06/1952,ו תמוז תשיב
30/06/1952,ז תמוז תשיב
01/07/1952,ח תמוז תשיב
02/07/1952,ט תמוז תשיב
03/07/1952,י תמוז תשיב
04/07/1952,יא תמוז תשיב
05/07/1952,יב תמוז תשיב
06/07/1952,יג תמוז תשיב
07/07/1952,יד תמוז תשיב
08/07/1952,טו תמוז תשיב
09/07/1952,טז תמוז תשיב
10/07/1952,יז תמוז תשיב
11/07/1952,יח תמוז תשיב
12/07/1952,יט תמוז תשיב
13/07/1952,כ תמוז תשיב
14/07/1952,כא תמוז תשיב
15/07/1952,כב תמוז תשיב
16/07/1952,כג תמוז תשיב
17/07/1952,כד תמוז תשיב
18/07/1952,כה תמוז תשיב
19/07/1952,כו תמוז תשיב
20/07/1952,כז תמוז תשיב
21/07/1952,כח תמוז תשיב
22/07/1952,כט תמוז תשיב
23/07/1952,א אב תשיב
24/07/1952,ב אב תשיב
25/07/1952,ג אב תשיב
26/07/1952,ד אב תשיב
27/07/1952,ה אב תשיב
28/07/1952,ו אב תשיב
29/07/1952,ז אב תשיב
30/07/1952,ח אב תשיב
31/07/1952,ט אב תשיב
01/08/1952,י אב תשיב
02/08/1952,יא אב תשיב
03/08/1952,יב אב תשיב
04/08/1952,יג אב תשיב
05/08/1952,יד אב תשיב
06/08/1952,טו אב תשיב
07/08/1952,טז אב תשיב
08/08/1952,יז אב תשיב
09/08/1952,יח אב תשיב
10/08/1952,יט אב תשיב
11/08/1952,כ אב תשיב
12/08/1952,כא אב תשיב
13/08/1952,כב אב תשיב
14/08/1952,כג אב תשיב
15/08/1952,כד אב תשיב
16/08/1952,כה אב תשיב
17/08/1952,כו אב תשיב
18/08/1952,כז אב תשיב
19/08/1952,כח אב תשיב
20/08/1952,כט אב תשיב
21/08/1952,ל אב תשיב
22/08/1952,א אלול תשיב
23/08/1952,ב אלול תשיב
24/08/1952,ג אלול תשיב
25/08/1952,ד אלול תשיב
26/08/1952,ה אלול תשיב
27/08/1952,ו אלול תשיב
28/08/1952,ז אלול תשיב
29/08/1952,ח אלול תשיב
30/08/1952,ט אלול תשיב
31/08/1952,י אלול תשיב
01/09/1952,יא אלול תשיב
02/09/1952,יב אלול תשיב
03/09/1952,יג אלול תשיב
04/09/1952,יד אלול תשיב
05/09/1952,טו אלול תשיב
06/09/1952,טז אלול תשיב
07/09/1952,יז אלול תשיב
08/09/1952,יח אלול תשיב
09/09/1952,יט אלול תשיב
10/09/1952,כ אלול תשיב
11/09/1952,כא אלול תשיב
12/09/1952,כב אלול תשיב
13/09/1952,כג אלול תשיב
14/09/1952,כד אלול תשיב
15/09/1952,כה אלול תשיב
16/09/1952,כו אלול תשיב
17/09/1952,כז אלול תשיב
18/09/1952,כח אלול תשיב
19/09/1952,כט אלול תשיב
20/09/1952,א תשרי תשיג
21/09/1952,ב תשרי תשיג
22/09/1952,ג תשרי תשיג
23/09/1952,ד תשרי תשיג
24/09/1952,ה תשרי תשיג
25/09/1952,ו תשרי תשיג
26/09/1952,ז תשרי תשיג
27/09/1952,ח תשרי תשיג
28/09/1952,ט תשרי תשיג
29/09/1952,י תשרי תשיג
30/09/1952,יא תשרי תשיג
01/10/1952,יב תשרי תשיג
02/10/1952,יג תשרי תשיג
03/10/1952,יד תשרי תשיג
04/10/1952,טו תשרי תשיג
05/10/1952,טז תשרי תשיג
06/10/1952,יז תשרי תשיג
07/10/1952,יח תשרי תשיג
08/10/1952,יט תשרי תשיג
09/10/1952,כ תשרי תשיג
10/10/1952,כא תשרי תשיג
11/10/1952,כב תשרי תשיג
12/10/1952,כג תשרי תשיג
13/10/1952,כד תשרי תשיג
14/10/1952,כה תשרי תשיג
15/10/1952,כו תשרי תשיג
16/10/1952,כז תשרי תשיג
17/10/1952,כח תשרי תשיג
18/10/1952,כט תשרי תשיג
19/10/1952,ל תשרי תשיג
20/10/1952,א חשון תשיג
21/10/1952,ב חשון תשיג
22/10/1952,ג חשון תשיג
23/10/1952,ד חשון תשיג
24/10/1952,ה חשון תשיג
25/10/1952,ו חשון תשיג
26/10/1952,ז חשון תשיג
27/10/1952,ח חשון תשיג
28/10/1952,ט חשון תשיג
29/10/1952,י חשון תשיג
30/10/1952,יא חשון תשיג
31/10/1952,יב חשון תשיג
01/11/1952,יג חשון תשיג
02/11/1952,יד חשון תשיג
03/11/1952,טו חשון תשיג
04/11/1952,טז חשון תשיג
05/11/1952,יז חשון תשיג
06/11/1952,יח חשון תשיג
07/11/1952,יט חשון תשיג
08/11/1952,כ חשון תשיג
09/11/1952,כא חשון תשיג
10/11/1952,כב חשון תשיג
11/11/1952,כג חשון תשיג
12/11/1952,כד חשון תשיג
13/11/1952,כה חשון תשיג
14/11/1952,כו חשון תשיג
15/11/1952,כז חשון תשיג
16/11/1952,כח חשון תשיג
17/11/1952,כט חשון תשיג
18/11/1952,ל חשון תשיג
19/11/1952,א כסלו תשיג
20/11/1952,ב כסלו תשיג
21/11/1952,ג כסלו תשיג
22/11/1952,ד כסלו תשיג
23/11/1952,ה כסלו תשיג
24/11/1952,ו כסלו תשיג
25/11/1952,ז כסלו תשיג
26/11/1952,ח כסלו תשיג
27/11/1952,ט כסלו תשיג
28/11/1952,י כסלו תשיג
29/11/1952,יא כסלו תשיג
30/11/1952,יב כסלו תשיג
01/12/1952,יג כסלו תשיג
02/12/1952,יד כסלו תשיג
03/12/1952,טו כסלו תשיג
04/12/1952,טז כסלו תשיג
05/12/1952,יז כסלו תשיג
06/12/1952,יח כסלו תשיג
07/12/1952,יט כסלו תשיג
08/12/1952,כ כסלו תשיג
09/12/1952,כא כסלו תשיג
10/12/1952,כב כסלו תשיג
11/12/1952,כג כסלו תשיג
12/12/1952,כד כסלו תשיג
13/12/1952,כה כסלו תשיג
14/12/1952,כו כסלו תשיג
15/12/1952,כז כסלו תשיג
16/12/1952,כח כסלו תשיג
17/12/1952,כט כסלו תשיג
18/12/1952,ל כסלו תשיג
19/12/1952,א טבת תשיג
20/12/1952,ב טבת תשיג
21/12/1952,ג טבת תשיג
22/12/1952,ד טבת תשיג
23/12/1952,ה טבת תשיג
24/12/1952,ו טבת תשיג
25/12/1952,ז טבת תשיג
26/12/1952,ח טבת תשיג
27/12/1952,ט טבת תשיג
28/12/1952,י טבת תשיג
29/12/1952,יא טבת תשיג
30/12/1952,יב טבת תשיג
31/12/1952,יג טבת תשיג
01/01/1953,יד טבת תשיג
02/01/1953,טו טבת תשיג
03/01/1953,טז טבת תשיג
04/01/1953,יז טבת תשיג
05/01/1953,יח טבת תשיג
06/01/1953,יט טבת תשיג
07/01/1953,כ טבת תשיג
08/01/1953,כא טבת תשיג
09/01/1953,כב טבת תשיג
10/01/1953,כג טבת תשיג
11/01/1953,כד טבת תשיג
12/01/1953,כה טבת תשיג
13/01/1953,כו טבת תשיג
14/01/1953,כז טבת תשיג
15/01/1953,כח טבת תשיג
16/01/1953,כט טבת תשיג
17/01/1953,א שבט תשיג
18/01/1953,ב שבט תשיג
19/01/1953,ג שבט תשיג
20/01/1953,ד שבט תשיג
21/01/1953,ה שבט תשיג
22/01/1953,ו שבט תשיג
23/01/1953,ז שבט תשיג
24/01/1953,ח שבט תשיג
25/01/1953,ט שבט תשיג
26/01/1953,י שבט תשיג
27/01/1953,יא שבט תשיג
28/01/1953,יב שבט תשיג
29/01/1953,יג שבט תשיג
30/01/1953,יד שבט תשיג
31/01/1953,טו שבט תשיג
01/02/1953,טז שבט תשיג
02/02/1953,יז שבט תשיג
03/02/1953,יח שבט תשיג
04/02/1953,יט שבט תשיג
05/02/1953,כ שבט תשיג
06/02/1953,כא שבט תשיג
07/02/1953,כב שבט תשיג
08/02/1953,כג שבט תשיג
09/02/1953,כד שבט תשיג
10/02/1953,כה שבט תשיג
11/02/1953,כו שבט תשיג
12/02/1953,כז שבט תשיג
13/02/1953,כח שבט תשיג
14/02/1953,כט שבט תשיג
15/02/1953,ל שבט תשיג
16/02/1953,א אדר תשיג
17/02/1953,ב אדר תשיג
18/02/1953,ג אדר תשיג
19/02/1953,ד אדר תשיג
20/02/1953,ה אדר תשיג
21/02/1953,ו אדר תשיג
22/02/1953,ז אדר תשיג
23/02/1953,ח אדר תשיג
24/02/1953,ט אדר תשיג
25/02/1953,י אדר תשיג
26/02/1953,יא אדר תשיג
27/02/1953,יב אדר תשיג
28/02/1953,יג אדר תשיג
01/03/1953,יד אדר תשיג
02/03/1953,טו אדר תשיג
03/03/1953,טז אדר תשיג
04/03/1953,יז אדר תשיג
05/03/1953,יח אדר תשיג
06/03/1953,יט אדר תשיג
07/03/1953,כ אדר תשיג
08/03/1953,כא אדר תשיג
09/03/1953,כב אדר תשיג
10/03/1953,כג אדר תשיג
11/03/1953,כד אדר תשיג
12/03/1953,כה אדר תשיג
13/03/1953,כו אדר תשיג
14/03/1953,כז אדר תשיג
15/03/1953,כח אדר תשיג
16/03/1953,כט אדר תשיג
17/03/1953,א ניסן תשיג
18/03/1953,ב ניסן תשיג
19/03/1953,ג ניסן תשיג
20/03/1953,ד ניסן תשיג
21/03/1953,ה ניסן תשיג
22/03/1953,ו ניסן תשיג
23/03/1953,ז ניסן תשיג
24/03/1953,ח ניסן תשיג
25/03/1953,ט ניסן תשיג
26/03/1953,י ניסן תשיג
27/03/1953,יא ניסן תשיג
28/03/1953,יב ניסן תשיג
29/03/1953,יג ניסן תשיג
30/03/1953,יד ניסן תשיג
31/03/1953,טו ניסן תשיג
01/04/1953,טז ניסן תשיג
02/04/1953,יז ניסן תשיג
03/04/1953,יח ניסן תשיג
04/04/1953,יט ניסן תשיג
05/04/1953,כ ניסן תשיג
06/04/1953,כא ניסן תשיג
07/04/1953,כב ניסן תשיג
08/04/1953,כג ניסן תשיג
09/04/1953,כד ניסן תשיג
10/04/1953,כה ניסן תשיג
11/04/1953,כו ניסן תשיג
12/04/1953,כז ניסן תשיג
13/04/1953,כח ניסן תשיג
14/04/1953,כט ניסן תשיג
15/04/1953,ל ניסן תשיג
16/04/1953,א אייר תשיג
17/04/1953,ב אייר תשיג
18/04/1953,ג אייר תשיג
19/04/1953,ד אייר תשיג
20/04/1953,ה אייר תשיג
21/04/1953,ו אייר תשיג
22/04/1953,ז אייר תשיג
23/04/1953,ח אייר תשיג
24/04/1953,ט אייר תשיג
25/04/1953,י אייר תשיג
26/04/1953,יא אייר תשיג
27/04/1953,יב אייר תשיג
28/04/1953,יג אייר תשיג
29/04/1953,יד אייר תשיג
30/04/1953,טו אייר תשיג
01/05/1953,טז אייר תשיג
02/05/1953,יז אייר תשיג
03/05/1953,יח אייר תשיג
04/05/1953,יט אייר תשיג
05/05/1953,כ אייר תשיג
06/05/1953,כא אייר תשיג
07/05/1953,כב אייר תשיג
08/05/1953,כג אייר תשיג
09/05/1953,כד אייר תשיג
10/05/1953,כה אייר תשיג
11/05/1953,כו אייר תשיג
12/05/1953,כז אייר תשיג
13/05/1953,כח אייר תשיג
14/05/1953,כט אייר תשיג
15/05/1953,א סיון תשיג
16/05/1953,ב סיון תשיג
17/05/1953,ג סיון תשיג
18/05/1953,ד סיון תשיג
19/05/1953,ה סיון תשיג
20/05/1953,ו סיון תשיג
21/05/1953,ז סיון תשיג
22/05/1953,ח סיון תשיג
23/05/1953,ט סיון תשיג
24/05/1953,י סיון תשיג
25/05/1953,יא סיון תשיג
26/05/1953,יב סיון תשיג
27/05/1953,יג סיון תשיג
28/05/1953,יד סיון תשיג
29/05/1953,טו סיון תשיג
30/05/1953,טז סיון תשיג
31/05/1953,יז סיון תשיג
01/06/1953,יח סיון תשיג
02/06/1953,יט סיון תשיג
03/06/1953,כ סיון תשיג
04/06/1953,כא סיון תשיג
05/06/1953,כב סיון תשיג
06/06/1953,כג סיון תשיג
07/06/1953,כד סיון תשיג
08/06/1953,כה סיון תשיג
09/06/1953,כו סיון תשיג
10/06/1953,כז סיון תשיג
11/06/1953,כח סיון תשיג
12/06/1953,כט סיון תשיג
13/06/1953,ל סיון תשיג
14/06/1953,א תמוז תשיג
15/06/1953,ב תמוז תשיג
16/06/1953,ג תמוז תשיג
17/06/1953,ד תמוז תשיג
18/06/1953,ה תמוז תשיג
19/06/1953,ו תמוז תשיג
20/06/1953,ז תמוז תשיג
21/06/1953,ח תמוז תשיג
22/06/1953,ט תמוז תשיג
23/06/1953,י תמוז תשיג
24/06/1953,יא תמוז תשיג
25/06/1953,יב תמוז תשיג
26/06/1953,יג תמוז תשיג
27/06/1953,יד תמוז תשיג
28/06/1953,טו תמוז תשיג
29/06/1953,טז תמוז תשיג
30/06/1953,יז תמוז תשיג
01/07/1953,יח תמוז תשיג
02/07/1953,יט תמוז תשיג
03/07/1953,כ תמוז תשיג
04/07/1953,כא תמוז תשיג
05/07/1953,כב תמוז תשיג
06/07/1953,כג תמוז תשיג
07/07/1953,כד תמוז תשיג
08/07/1953,כה תמוז תשיג
09/07/1953,כו תמוז תשיג
10/07/1953,כז תמוז תשיג
11/07/1953,כח תמוז תשיג
12/07/1953,כט תמוז תשיג
13/07/1953,א אב תשיג
14/07/1953,ב אב תשיג
15/07/1953,ג אב תשיג
16/07/1953,ד אב תשיג
17/07/1953,ה אב תשיג
18/07/1953,ו אב תשיג
19/07/1953,ז אב תשיג
20/07/1953,ח אב תשיג
21/07/1953,ט אב תשיג
22/07/1953,י אב תשיג
23/07/1953,יא אב תשיג
24/07/1953,יב אב תשיג
25/07/1953,יג אב תשיג
26/07/1953,יד אב תשיג
27/07/1953,טו אב תשיג
28/07/1953,טז אב תשיג
29/07/1953,יז אב תשיג
30/07/1953,יח אב תשיג
31/07/1953,יט אב תשיג
01/08/1953,כ אב תשיג
02/08/1953,כא אב תשיג
03/08/1953,כב אב תשיג
04/08/1953,כג אב תשיג
05/08/1953,כד אב תשיג
06/08/1953,כה אב תשיג
07/08/1953,כו אב תשיג
08/08/1953,כז אב תשיג
09/08/1953,כח אב תשיג
10/08/1953,כט אב תשיג
11/08/1953,ל אב תשיג
12/08/1953,א אלול תשיג
13/08/1953,ב אלול תשיג
14/08/1953,ג אלול תשיג
15/08/1953,ד אלול תשיג
16/08/1953,ה אלול תשיג
17/08/1953,ו אלול תשיג
18/08/1953,ז אלול תשיג
19/08/1953,ח אלול תשיג
20/08/1953,ט אלול תשיג
21/08/1953,י אלול תשיג
22/08/1953,יא אלול תשיג
23/08/1953,יב אלול תשיג
24/08/1953,יג אלול תשיג
25/08/1953,יד אלול תשיג
26/08/1953,טו אלול תשיג
27/08/1953,טז אלול תשיג
28/08/1953,יז אלול תשיג
29/08/1953,יח אלול תשיג
30/08/1953,יט אלול תשיג
31/08/1953,כ אלול תשיג
01/09/1953,כא אלול תשיג
02/09/1953,כב אלול תשיג
03/09/1953,כג אלול תשיג
04/09/1953,כד אלול תשיג
05/09/1953,כה אלול תשיג
06/09/1953,כו אלול תשיג
07/09/1953,כז אלול תשיג
08/09/1953,כח אלול תשיג
09/09/1953,כט אלול תשיג
10/09/1953,א תשרי תשיד
11/09/1953,ב תשרי תשיד
12/09/1953,ג תשרי תשיד
13/09/1953,ד תשרי תשיד
14/09/1953,ה תשרי תשיד
15/09/1953,ו תשרי תשיד
16/09/1953,ז תשרי תשיד
17/09/1953,ח תשרי תשיד
18/09/1953,ט תשרי תשיד
19/09/1953,י תשרי תשיד
20/09/1953,יא תשרי תשיד
21/09/1953,יב תשרי תשיד
22/09/1953,יג תשרי תשיד
23/09/1953,יד תשרי תשיד
24/09/1953,טו תשרי תשיד
25/09/1953,טז תשרי תשיד
26/09/1953,יז תשרי תשיד
27/09/1953,יח תשרי תשיד
28/09/1953,יט תשרי תשיד
29/09/1953,כ תשרי תשיד
30/09/1953,כא תשרי תשיד
01/10/1953,כב תשרי תשיד
02/10/1953,כג תשרי תשיד
03/10/1953,כד תשרי תשיד
04/10/1953,כה תשרי תשיד
05/10/1953,כו תשרי תשיד
06/10/1953,כז תשרי תשיד
07/10/1953,כח תשרי תשיד
08/10/1953,כט תשרי תשיד
09/10/1953,ל תשרי תשיד
10/10/1953,א חשון תשיד
11/10/1953,ב חשון תשיד
12/10/1953,ג חשון תשיד
13/10/1953,ד חשון תשיד
14/10/1953,ה חשון תשיד
15/10/1953,ו חשון תשיד
16/10/1953,ז חשון תשיד
17/10/1953,ח חשון תשיד
18/10/1953,ט חשון תשיד
19/10/1953,י חשון תשיד
20/10/1953,יא חשון תשיד
21/10/1953,יב חשון תשיד
22/10/1953,יג חשון תשיד
23/10/1953,יד חשון תשיד
24/10/1953,טו חשון תשיד
25/10/1953,טז חשון תשיד
26/10/1953,יז חשון תשיד
27/10/1953,יח חשון תשיד
28/10/1953,יט חשון תשיד
29/10/1953,כ חשון תשיד
30/10/1953,כא חשון תשיד
31/10/1953,כב חשון תשיד
01/11/1953,כג חשון תשיד
02/11/1953,כד חשון תשיד
03/11/1953,כה חשון תשיד
04/11/1953,כו חשון תשיד
05/11/1953,כז חשון תשיד
06/11/1953,כח חשון תשיד
07/11/1953,כט חשון תשיד
08/11/1953,א כסלו תשיד
09/11/1953,ב כסלו תשיד
10/11/1953,ג כסלו תשיד
11/11/1953,ד כסלו תשיד
12/11/1953,ה כסלו תשיד
13/11/1953,ו כסלו תשיד
14/11/1953,ז כסלו תשיד
15/11/1953,ח כסלו תשיד
16/11/1953,ט כסלו תשיד
17/11/1953,י כסלו תשיד
18/11/1953,יא כסלו תשיד
19/11/1953,יב כסלו תשיד
20/11/1953,יג כסלו תשיד
21/11/1953,יד כסלו תשיד
22/11/1953,טו כסלו תשיד
23/11/1953,טז כסלו תשיד
24/11/1953,יז כסלו תשיד
25/11/1953,יח כסלו תשיד
26/11/1953,יט כסלו תשיד
27/11/1953,כ כסלו תשיד
28/11/1953,כא כסלו תשיד
29/11/1953,כב כסלו תשיד
30/11/1953,כג כסלו תשיד
01/12/1953,כד כסלו תשיד
02/12/1953,כה כסלו תשיד
03/12/1953,כו כסלו תשיד
04/12/1953,כז כסלו תשיד
05/12/1953,כח כסלו תשיד
06/12/1953,כט כסלו תשיד
07/12/1953,א טבת תשיד
08/12/1953,ב טבת תשיד
09/12/1953,ג טבת תשיד
10/12/1953,ד טבת תשיד
11/12/1953,ה טבת תשיד
12/12/1953,ו טבת תשיד
13/12/1953,ז טבת תשיד
14/12/1953,ח טבת תשיד
15/12/1953,ט טבת תשיד
16/12/1953,י טבת תשיד
17/12/1953,יא טבת תשיד
18/12/1953,יב טבת תשיד
19/12/1953,יג טבת תשיד
20/12/1953,יד טבת תשיד
21/12/1953,טו טבת תשיד
22/12/1953,טז טבת תשיד
23/12/1953,יז טבת תשיד
24/12/1953,יח טבת תשיד
25/12/1953,יט טבת תשיד
26/12/1953,כ טבת תשיד
27/12/1953,כא טבת תשיד
28/12/1953,כב טבת תשיד
29/12/1953,כג טבת תשיד
30/12/1953,כד טבת תשיד
31/12/1953,כה טבת תשיד
01/01/1954,כו טבת תשיד
02/01/1954,כז טבת תשיד
03/01/1954,כח טבת תשיד
04/01/1954,כט טבת תשיד
05/01/1954,א שבט תשיד
06/01/1954,ב שבט תשיד
07/01/1954,ג שבט תשיד
08/01/1954,ד שבט תשיד
09/01/1954,ה שבט תשיד
10/01/1954,ו שבט תשיד
11/01/1954,ז שבט תשיד
12/01/1954,ח שבט תשיד
13/01/1954,ט שבט תשיד
14/01/1954,י שבט תשיד
15/01/1954,יא שבט תשיד
16/01/1954,יב שבט תשיד
17/01/1954,יג שבט תשיד
18/01/1954,יד שבט תשיד
19/01/1954,טו שבט תשיד
20/01/1954,טז שבט תשיד
21/01/1954,יז שבט תשיד
22/01/1954,יח שבט תשיד
23/01/1954,יט שבט תשיד
24/01/1954,כ שבט תשיד
25/01/1954,כא שבט תשיד
26/01/1954,כב שבט תשיד
27/01/1954,כג שבט תשיד
28/01/1954,כד שבט תשיד
29/01/1954,כה שבט תשיד
30/01/1954,כו שבט תשיד
31/01/1954,כז שבט תשיד
01/02/1954,כח שבט תשיד
02/02/1954,כט שבט תשיד
03/02/1954,ל שבט תשיד
04/02/1954,א אדר-א תשיד
05/02/1954,ב אדר-א תשיד
06/02/1954,ג אדר-א תשיד
07/02/1954,ד אדר-א תשיד
08/02/1954,ה אדר-א תשיד
09/02/1954,ו אדר-א תשיד
10/02/1954,ז אדר-א תשיד
11/02/1954,ח אדר-א תשיד
12/02/1954,ט אדר-א תשיד
13/02/1954,י אדר-א תשיד
14/02/1954,יא אדר-א תשיד
15/02/1954,יב אדר-א תשיד
16/02/1954,יג אדר-א תשיד
17/02/1954,יד אדר-א תשיד
18/02/1954,טו אדר-א תשיד
19/02/1954,טז אדר-א תשיד
20/02/1954,יז אדר-א תשיד
21/02/1954,יח אדר-א תשיד
22/02/1954,יט אדר-א תשיד
23/02/1954,כ אדר-א תשיד
24/02/1954,כא אדר-א תשיד
25/02/1954,כב אדר-א תשיד
26/02/1954,כג אדר-א תשיד
27/02/1954,כד אדר-א תשיד
28/02/1954,כה אדר-א תשיד
01/03/1954,כו אדר-א תשיד
02/03/1954,כז אדר-א תשיד
03/03/1954,כח אדר-א תשיד
04/03/1954,כט אדר-א תשיד
05/03/1954,ל אדר-א תשיד
06/03/1954,א אדר-ב תשיד
07/03/1954,ב אדר-ב תשיד
08/03/1954,ג אדר-ב תשיד
09/03/1954,ד אדר-ב תשיד
10/03/1954,ה אדר-ב תשיד
11/03/1954,ו אדר-ב תשיד
12/03/1954,ז אדר-ב תשיד
13/03/1954,ח אדר-ב תשיד
14/03/1954,ט אדר-ב תשיד
15/03/1954,י אדר-ב תשיד
16/03/1954,יא אדר-ב תשיד
17/03/1954,יב אדר-ב תשיד
18/03/1954,יג אדר-ב תשיד
19/03/1954,יד אדר-ב תשיד
20/03/1954,טו אדר-ב תשיד
21/03/1954,טז אדר-ב תשיד
22/03/1954,יז אדר-ב תשיד
23/03/1954,יח אדר-ב תשיד
24/03/1954,יט אדר-ב תשיד
25/03/1954,כ אדר-ב תשיד
26/03/1954,כא אדר-ב תשיד
27/03/1954,כב אדר-ב תשיד
28/03/1954,כג אדר-ב תשיד
29/03/1954,כד אדר-ב תשיד
30/03/1954,כה אדר-ב תשיד
31/03/1954,כו אדר-ב תשיד
01/04/1954,כז אדר-ב תשיד
02/04/1954,כח אדר-ב תשיד
03/04/1954,כט אדר-ב תשיד
04/04/1954,א ניסן תשיד
05/04/1954,ב ניסן תשיד
06/04/1954,ג ניסן תשיד
07/04/1954,ד ניסן תשיד
08/04/1954,ה ניסן תשיד
09/04/1954,ו ניסן תשיד
10/04/1954,ז ניסן תשיד
11/04/1954,ח ניסן תשיד
12/04/1954,ט ניסן תשיד
13/04/1954,י ניסן תשיד
14/04/1954,יא ניסן תשיד
15/04/1954,יב ניסן תשיד
16/04/1954,יג ניסן תשיד
17/04/1954,יד ניסן תשיד
18/04/1954,טו ניסן תשיד
19/04/1954,טז ניסן תשיד
20/04/1954,יז ניסן תשיד
21/04/1954,יח ניסן תשיד
22/04/1954,יט ניסן תשיד
23/04/1954,כ ניסן תשיד
24/04/1954,כא ניסן תשיד
25/04/1954,כב ניסן תשיד
26/04/1954,כג ניסן תשיד
27/04/1954,כד ניסן תשיד
28/04/1954,כה ניסן תשיד
29/04/1954,כו ניסן תשיד
30/04/1954,כז ניסן תשיד
01/05/1954,כח ניסן תשיד
02/05/1954,כט ניסן תשיד
03/05/1954,ל ניסן תשיד
04/05/1954,א אייר תשיד
05/05/1954,ב אייר תשיד
06/05/1954,ג אייר תשיד
07/05/1954,ד אייר תשיד
08/05/1954,ה אייר תשיד
09/05/1954,ו אייר תשיד
10/05/1954,ז אייר תשיד
11/05/1954,ח אייר תשיד
12/05/1954,ט אייר תשיד
13/05/1954,י אייר תשיד
14/05/1954,יא אייר תשיד
15/05/1954,יב אייר תשיד
16/05/1954,יג אייר תשיד
17/05/1954,יד אייר תשיד
18/05/1954,טו אייר תשיד
19/05/1954,טז אייר תשיד
20/05/1954,יז אייר תשיד
21/05/1954,יח אייר תשיד
22/05/1954,יט אייר תשיד
23/05/1954,כ אייר תשיד
24/05/1954,כא אייר תשיד
25/05/1954,כב אייר תשיד
26/05/1954,כג אייר תשיד
27/05/1954,כד אייר תשיד
28/05/1954,כה אייר תשיד
29/05/1954,כו אייר תשיד
30/05/1954,כז אייר תשיד
31/05/1954,כח אייר תשיד
01/06/1954,כט אייר תשיד
02/06/1954,א סיון תשיד
03/06/1954,ב סיון תשיד
04/06/1954,ג סיון תשיד
05/06/1954,ד סיון תשיד
06/06/1954,ה סיון תשיד
07/06/1954,ו סיון תשיד
08/06/1954,ז סיון תשיד
09/06/1954,ח סיון תשיד
10/06/1954,ט סיון תשיד
11/06/1954,י סיון תשיד
12/06/1954,יא סיון תשיד
13/06/1954,יב סיון תשיד
14/06/1954,יג סיון תשיד
15/06/1954,יד סיון תשיד
16/06/1954,טו סיון תשיד
17/06/1954,טז סיון תשיד
18/06/1954,יז סיון תשיד
19/06/1954,יח סיון תשיד
20/06/1954,יט סיון תשיד
21/06/1954,כ סיון תשיד
22/06/1954,כא סיון תשיד
23/06/1954,כב סיון תשיד
24/06/1954,כג סיון תשיד
25/06/1954,כד סיון תשיד
26/06/1954,כה סיון תשיד
27/06/1954,כו סיון תשיד
28/06/1954,כז סיון תשיד
29/06/1954,כח סיון תשיד
30/06/1954,כט סיון תשיד
01/07/1954,ל סיון תשיד
02/07/1954,א תמוז תשיד
03/07/1954,ב תמוז תשיד
04/07/1954,ג תמוז תשיד
05/07/1954,ד תמוז תשיד
06/07/1954,ה תמוז תשיד
07/07/1954,ו תמוז תשיד
08/07/1954,ז תמוז תשיד
09/07/1954,ח תמוז תשיד
10/07/1954,ט תמוז תשיד
11/07/1954,י תמוז תשיד
12/07/1954,יא תמוז תשיד
13/07/1954,יב תמוז תשיד
14/07/1954,יג תמוז תשיד
15/07/1954,יד תמוז תשיד
16/07/1954,טו תמוז תשיד
17/07/1954,טז תמוז תשיד
18/07/1954,יז תמוז תשיד
19/07/1954,יח תמוז תשיד
20/07/1954,יט תמוז תשיד
21/07/1954,כ תמוז תשיד
22/07/1954,כא תמוז תשיד
23/07/1954,כב תמוז תשיד
24/07/1954,כג תמוז תשיד
25/07/1954,כד תמוז תשיד
26/07/1954,כה תמוז תשיד
27/07/1954,כו תמוז תשיד
28/07/1954,כז תמוז תשיד
29/07/1954,כח תמוז תשיד
30/07/1954,כט תמוז תשיד
31/07/1954,א אב תשיד
01/08/1954,ב אב תשיד
02/08/1954,ג אב תשיד
03/08/1954,ד אב תשיד
04/08/1954,ה אב תשיד
05/08/1954,ו אב תשיד
06/08/1954,ז אב תשיד
07/08/1954,ח אב תשיד
08/08/1954,ט אב תשיד
09/08/1954,י אב תשיד
10/08/1954,יא אב תשיד
11/08/1954,יב אב תשיד
12/08/1954,יג אב תשיד
13/08/1954,יד אב תשיד
14/08/1954,טו אב תשיד
15/08/1954,טז אב תשיד
16/08/1954,יז אב תשיד
17/08/1954,יח אב תשיד
18/08/1954,יט אב תשיד
19/08/1954,כ אב תשיד
20/08/1954,כא אב תשיד
21/08/1954,כב אב תשיד
22/08/1954,כג אב תשיד
23/08/1954,כד אב תשיד
24/08/1954,כה אב תשיד
25/08/1954,כו אב תשיד
26/08/1954,כז אב תשיד
27/08/1954,כח אב תשיד
28/08/1954,כט אב תשיד
29/08/1954,ל אב תשיד
30/08/1954,א אלול תשיד
31/08/1954,ב אלול תשיד
01/09/1954,ג אלול תשיד
02/09/1954,ד אלול תשיד
03/09/1954,ה אלול תשיד
04/09/1954,ו אלול תשיד
05/09/1954,ז אלול תשיד
06/09/1954,ח אלול תשיד
07/09/1954,ט אלול תשיד
08/09/1954,י אלול תשיד
09/09/1954,יא אלול תשיד
10/09/1954,יב אלול תשיד
11/09/1954,יג אלול תשיד
12/09/1954,יד אלול תשיד
13/09/1954,טו אלול תשיד
14/09/1954,טז אלול תשיד
15/09/1954,יז אלול תשיד
16/09/1954,יח אלול תשיד
17/09/1954,יט אלול תשיד
18/09/1954,כ אלול תשיד
19/09/1954,כא אלול תשיד
20/09/1954,כב אלול תשיד
21/09/1954,כג אלול תשיד
22/09/1954,כד אלול תשיד
23/09/1954,כה אלול תשיד
24/09/1954,כו אלול תשיד
25/09/1954,כז אלול תשיד
26/09/1954,כח אלול תשיד
27/09/1954,כט אלול תשיד
28/09/1954,א תשרי תשיה
29/09/1954,ב תשרי תשיה
30/09/1954,ג תשרי תשיה
01/10/1954,ד תשרי תשיה
02/10/1954,ה תשרי תשיה
03/10/1954,ו תשרי תשיה
04/10/1954,ז תשרי תשיה
05/10/1954,ח תשרי תשיה
06/10/1954,ט תשרי תשיה
07/10/1954,י תשרי תשיה
08/10/1954,יא תשרי תשיה
09/10/1954,יב תשרי תשיה
10/10/1954,יג תשרי תשיה
11/10/1954,יד תשרי תשיה
12/10/1954,טו תשרי תשיה
13/10/1954,טז תשרי תשיה
14/10/1954,יז תשרי תשיה
15/10/1954,יח תשרי תשיה
16/10/1954,יט תשרי תשיה
17/10/1954,כ תשרי תשיה
18/10/1954,כא תשרי תשיה
19/10/1954,כב תשרי תשיה
20/10/1954,כג תשרי תשיה
21/10/1954,כד תשרי תשיה
22/10/1954,כה תשרי תשיה
23/10/1954,כו תשרי תשיה
24/10/1954,כז תשרי תשיה
25/10/1954,כח תשרי תשיה
26/10/1954,כט תשרי תשיה
27/10/1954,ל תשרי תשיה
28/10/1954,א חשון תשיה
29/10/1954,ב חשון תשיה
30/10/1954,ג חשון תשיה
31/10/1954,ד חשון תשיה
01/11/1954,ה חשון תשיה
02/11/1954,ו חשון תשיה
03/11/1954,ז חשון תשיה
04/11/1954,ח חשון תשיה
05/11/1954,ט חשון תשיה
06/11/1954,י חשון תשיה
07/11/1954,יא חשון תשיה
08/11/1954,יב חשון תשיה
09/11/1954,יג חשון תשיה
10/11/1954,יד חשון תשיה
11/11/1954,טו חשון תשיה
12/11/1954,טז חשון תשיה
13/11/1954,יז חשון תשיה
14/11/1954,יח חשון תשיה
15/11/1954,יט חשון תשיה
16/11/1954,כ חשון תשיה
17/11/1954,כא חשון תשיה
18/11/1954,כב חשון תשיה
19/11/1954,כג חשון תשיה
20/11/1954,כד חשון תשיה
21/11/1954,כה חשון תשיה
22/11/1954,כו חשון תשיה
23/11/1954,כז חשון תשיה
24/11/1954,כח חשון תשיה
25/11/1954,כט חשון תשיה
26/11/1954,א כסלו תשיה
27/11/1954,ב כסלו תשיה
28/11/1954,ג כסלו תשיה
29/11/1954,ד כסלו תשיה
30/11/1954,ה כסלו תשיה
01/12/1954,ו כסלו תשיה
02/12/1954,ז כסלו תשיה
03/12/1954,ח כסלו תשיה
04/12/1954,ט כסלו תשיה
05/12/1954,י כסלו תשיה
06/12/1954,יא כסלו תשיה
07/12/1954,יב כסלו תשיה
08/12/1954,יג כסלו תשיה
09/12/1954,יד כסלו תשיה
10/12/1954,טו כסלו תשיה
11/12/1954,טז כסלו תשיה
12/12/1954,יז כסלו תשיה
13/12/1954,יח כסלו תשיה
14/12/1954,יט כסלו תשיה
15/12/1954,כ כסלו תשיה
16/12/1954,כא כסלו תשיה
17/12/1954,כב כסלו תשיה
18/12/1954,כג כסלו תשיה
19/12/1954,כד כסלו תשיה
20/12/1954,כה כסלו תשיה
21/12/1954,כו כסלו תשיה
22/12/1954,כז כסלו תשיה
23/12/1954,כח כסלו תשיה
24/12/1954,כט כסלו תשיה
25/12/1954,ל כסלו תשיה
26/12/1954,א טבת תשיה
27/12/1954,ב טבת תשיה
28/12/1954,ג טבת תשיה
29/12/1954,ד טבת תשיה
30/12/1954,ה טבת תשיה
31/12/1954,ו טבת תשיה
01/01/1955,ז טבת תשיה
02/01/1955,ח טבת תשיה
03/01/1955,ט טבת תשיה
04/01/1955,י טבת תשיה
05/01/1955,יא טבת תשיה
06/01/1955,יב טבת תשיה
07/01/1955,יג טבת תשיה
08/01/1955,יד טבת תשיה
09/01/1955,טו טבת תשיה
10/01/1955,טז טבת תשיה
11/01/1955,יז טבת תשיה
12/01/1955,יח טבת תשיה
13/01/1955,יט טבת תשיה
14/01/1955,כ טבת תשיה
15/01/1955,כא טבת תשיה
16/01/1955,כב טבת תשיה
17/01/1955,כג טבת תשיה
18/01/1955,כד טבת תשיה
19/01/1955,כה טבת תשיה
20/01/1955,כו טבת תשיה
21/01/1955,כז טבת תשיה
22/01/1955,כח טבת תשיה
23/01/1955,כט טבת תשיה
24/01/1955,א שבט תשיה
25/01/1955,ב שבט תשיה
26/01/1955,ג שבט תשיה
27/01/1955,ד שבט תשיה
28/01/1955,ה שבט תשיה
29/01/1955,ו שבט תשיה
30/01/1955,ז שבט תשיה
31/01/1955,ח שבט תשיה
01/02/1955,ט שבט תשיה
02/02/1955,י שבט תשיה
03/02/1955,יא שבט תשיה
04/02/1955,יב שבט תשיה
05/02/1955,יג שבט תשיה
06/02/1955,יד שבט תשיה
07/02/1955,טו שבט תשיה
08/02/1955,טז שבט תשיה
09/02/1955,יז שבט תשיה
10/02/1955,יח שבט תשיה
11/02/1955,יט שבט תשיה
12/02/1955,כ שבט תשיה
13/02/1955,כא שבט תשיה
14/02/1955,כב שבט תשיה
15/02/1955,כג שבט תשיה
16/02/1955,כד שבט תשיה
17/02/1955,כה שבט תשיה
18/02/1955,כו שבט תשיה
19/02/1955,כז שבט תשיה
20/02/1955,כח שבט תשיה
21/02/1955,כט שבט תשיה
22/02/1955,ל שבט תשיה
23/02/1955,א אדר תשיה
24/02/1955,ב אדר תשיה
25/02/1955,ג אדר תשיה
26/02/1955,ד אדר תשיה
27/02/1955,ה אדר תשיה
28/02/1955,ו אדר תשיה
01/03/1955,ז אדר תשיה
02/03/1955,ח אדר תשיה
03/03/1955,ט אדר תשיה
04/03/1955,י אדר תשיה
05/03/1955,יא אדר תשיה
06/03/1955,יב אדר תשיה
07/03/1955,יג אדר תשיה
08/03/1955,יד אדר תשיה
09/03/1955,טו אדר תשיה
10/03/1955,טז אדר תשיה
11/03/1955,יז אדר תשיה
12/03/1955,יח אדר תשיה
13/03/1955,יט אדר תשיה
14/03/1955,כ אדר תשיה
15/03/1955,כא אדר תשיה
16/03/1955,כב אדר תשיה
17/03/1955,כג אדר תשיה
18/03/1955,כד אדר תשיה
19/03/1955,כה אדר תשיה
20/03/1955,כו אדר תשיה
21/03/1955,כז אדר תשיה
22/03/1955,כח אדר תשיה
23/03/1955,כט אדר תשיה
24/03/1955,א ניסן תשיה
25/03/1955,ב ניסן תשיה
26/03/1955,ג ניסן תשיה
27/03/1955,ד ניסן תשיה
28/03/1955,ה ניסן תשיה
29/03/1955,ו ניסן תשיה
30/03/1955,ז ניסן תשיה
31/03/1955,ח ניסן תשיה
01/04/1955,ט ניסן תשיה
02/04/1955,י ניסן תשיה
03/04/1955,יא ניסן תשיה
04/04/1955,יב ניסן תשיה
05/04/1955,יג ניסן תשיה
06/04/1955,יד ניסן תשיה
07/04/1955,טו ניסן תשיה
08/04/1955,טז ניסן תשיה
09/04/1955,יז ניסן תשיה
10/04/1955,יח ניסן תשיה
11/04/1955,יט ניסן תשיה
12/04/1955,כ ניסן תשיה
13/04/1955,כא ניסן תשיה
14/04/1955,כב ניסן תשיה
15/04/1955,כג ניסן תשיה
16/04/1955,כד ניסן תשיה
17/04/1955,כה ניסן תשיה
18/04/1955,כו ניסן תשיה
19/04/1955,כז ניסן תשיה
20/04/1955,כח ניסן תשיה
21/04/1955,כט ניסן תשיה
22/04/1955,ל ניסן תשיה
23/04/1955,א אייר תשיה
24/04/1955,ב אייר תשיה
25/04/1955,ג אייר תשיה
26/04/1955,ד אייר תשיה
27/04/1955,ה אייר תשיה
28/04/1955,ו אייר תשיה
29/04/1955,ז אייר תשיה
30/04/1955,ח אייר תשיה
01/05/1955,ט אייר תשיה
02/05/1955,י אייר תשיה
03/05/1955,יא אייר תשיה
04/05/1955,יב אייר תשיה
05/05/1955,יג אייר תשיה
06/05/1955,יד אייר תשיה
07/05/1955,טו אייר תשיה
08/05/1955,טז אייר תשיה
09/05/1955,יז אייר תשיה
10/05/1955,יח אייר תשיה
11/05/1955,יט אייר תשיה
12/05/1955,כ אייר תשיה
13/05/1955,כא אייר תשיה
14/05/1955,כב אייר תשיה
15/05/1955,כג אייר תשיה
16/05/1955,כד אייר תשיה
17/05/1955,כה אייר תשיה
18/05/1955,כו אייר תשיה
19/05/1955,כז אייר תשיה
20/05/1955,כח אייר תשיה
21/05/1955,כט אייר תשיה
22/05/1955,א סיון תשיה
23/05/1955,ב סיון תשיה
24/05/1955,ג סיון תשיה
25/05/1955,ד סיון תשיה
26/05/1955,ה סיון תשיה
27/05/1955,ו סיון תשיה
28/05/1955,ז סיון תשיה
29/05/1955,ח סיון תשיה
30/05/1955,ט סיון תשיה
31/05/1955,י סיון תשיה
01/06/1955,יא סיון תשיה
02/06/1955,יב סיון תשיה
03/06/1955,יג סיון תשיה
04/06/1955,יד סיון תשיה
05/06/1955,טו סיון תשיה
06/06/1955,טז סיון תשיה
07/06/1955,יז סיון תשיה
08/06/1955,יח סיון תשיה
09/06/1955,יט סיון תשיה
10/06/1955,כ סיון תשיה
11/06/1955,כא סיון תשיה
12/06/1955,כב סיון תשיה
13/06/1955,כג סיון תשיה
14/06/1955,כד סיון תשיה
15/06/1955,כה סיון תשיה
16/06/1955,כו סיון תשיה
17/06/1955,כז סיון תשיה
18/06/1955,כח סיון תשיה
19/06/1955,כט סיון תשיה
20/06/1955,ל סיון תשיה
21/06/1955,א תמוז תשיה
22/06/1955,ב תמוז תשיה
23/06/1955,ג תמוז תשיה
24/06/1955,ד תמוז תשיה
25/06/1955,ה תמוז תשיה
26/06/1955,ו תמוז תשיה
27/06/1955,ז תמוז תשיה
28/06/1955,ח תמוז תשיה
29/06/1955,ט תמוז תשיה
30/06/1955,י תמוז תשיה
01/07/1955,יא תמוז תשיה
02/07/1955,יב תמוז תשיה
03/07/1955,יג תמוז תשיה
04/07/1955,יד תמוז תשיה
05/07/1955,טו תמוז תשיה
06/07/1955,טז תמוז תשיה
07/07/1955,יז תמוז תשיה
08/07/1955,יח תמוז תשיה
09/07/1955,יט תמוז תשיה
10/07/1955,כ תמוז תשיה
11/07/1955,כא תמוז תשיה
12/07/1955,כב תמוז תשיה
13/07/1955,כג תמוז תשיה
14/07/1955,כד תמוז תשיה
15/07/1955,כה תמוז תשיה
16/07/1955,כו תמוז תשיה
17/07/1955,כז תמוז תשיה
18/07/1955,כח תמוז תשיה
19/07/1955,כט תמוז תשיה
20/07/1955,א אב תשיה
21/07/1955,ב אב תשיה
22/07/1955,ג אב תשיה
23/07/1955,ד אב תשיה
24/07/1955,ה אב תשיה
25/07/1955,ו אב תשיה
26/07/1955,ז אב תשיה
27/07/1955,ח אב תשיה
28/07/1955,ט אב תשיה
29/07/1955,י אב תשיה
30/07/1955,יא אב תשיה
31/07/1955,יב אב תשיה
01/08/1955,יג אב תשיה
02/08/1955,יד אב תשיה
03/08/1955,טו אב תשיה
04/08/1955,טז אב תשיה
05/08/1955,יז אב תשיה
06/08/1955,יח אב תשיה
07/08/1955,יט אב תשיה
08/08/1955,כ אב תשיה
09/08/1955,כא אב תשיה
10/08/1955,כב אב תשיה
11/08/1955,כג אב תשיה
12/08/1955,כד אב תשיה
13/08/1955,כה אב תשיה
14/08/1955,כו אב תשיה
15/08/1955,כז אב תשיה
16/08/1955,כח אב תשיה
17/08/1955,כט אב תשיה
18/08/1955,ל אב תשיה
19/08/1955,א אלול תשיה
20/08/1955,ב אלול תשיה
21/08/1955,ג אלול תשיה
22/08/1955,ד אלול תשיה
23/08/1955,ה אלול תשיה
24/08/1955,ו אלול תשיה
25/08/1955,ז אלול תשיה
26/08/1955,ח אלול תשיה
27/08/1955,ט אלול תשיה
28/08/1955,י אלול תשיה
29/08/1955,יא אלול תשיה
30/08/1955,יב אלול תשיה
31/08/1955,יג אלול תשיה
01/09/1955,יד אלול תשיה
02/09/1955,טו אלול תשיה
03/09/1955,טז אלול תשיה
04/09/1955,יז אלול תשיה
05/09/1955,יח אלול תשיה
06/09/1955,יט אלול תשיה
07/09/1955,כ אלול תשיה
08/09/1955,כא אלול תשיה
09/09/1955,כב אלול תשיה
10/09/1955,כג אלול תשיה
11/09/1955,כד אלול תשיה
12/09/1955,כה אלול תשיה
13/09/1955,כו אלול תשיה
14/09/1955,כז אלול תשיה
15/09/1955,כח אלול תשיה
16/09/1955,כט אלול תשיה
17/09/1955,א תשרי תשיו
18/09/1955,ב תשרי תשיו
19/09/1955,ג תשרי תשיו
20/09/1955,ד תשרי תשיו
21/09/1955,ה תשרי תשיו
22/09/1955,ו תשרי תשיו
23/09/1955,ז תשרי תשיו
24/09/1955,ח תשרי תשיו
25/09/1955,ט תשרי תשיו
26/09/1955,י תשרי תשיו
27/09/1955,יא תשרי תשיו
28/09/1955,יב תשרי תשיו
29/09/1955,יג תשרי תשיו
30/09/1955,יד תשרי תשיו
01/10/1955,טו תשרי תשיו
02/10/1955,טז תשרי תשיו
03/10/1955,יז תשרי תשיו
04/10/1955,יח תשרי תשיו
05/10/1955,יט תשרי תשיו
06/10/1955,כ תשרי תשיו
07/10/1955,כא תשרי תשיו
08/10/1955,כב תשרי תשיו
09/10/1955,כג תשרי תשיו
10/10/1955,כד תשרי תשיו
11/10/1955,כה תשרי תשיו
12/10/1955,כו תשרי תשיו
13/10/1955,כז תשרי תשיו
14/10/1955,כח תשרי תשיו
15/10/1955,כט תשרי תשיו
16/10/1955,ל תשרי תשיו
17/10/1955,א חשון תשיו
18/10/1955,ב חשון תשיו
19/10/1955,ג חשון תשיו
20/10/1955,ד חשון תשיו
21/10/1955,ה חשון תשיו
22/10/1955,ו חשון תשיו
23/10/1955,ז חשון תשיו
24/10/1955,ח חשון תשיו
25/10/1955,ט חשון תשיו
26/10/1955,י חשון תשיו
27/10/1955,יא חשון תשיו
28/10/1955,יב חשון תשיו
29/10/1955,יג חשון תשיו
30/10/1955,יד חשון תשיו
31/10/1955,טו חשון תשיו
01/11/1955,טז חשון תשיו
02/11/1955,יז חשון תשיו
03/11/1955,יח חשון תשיו
04/11/1955,יט חשון תשיו
05/11/1955,כ חשון תשיו
06/11/1955,כא חשון תשיו
07/11/1955,כב חשון תשיו
08/11/1955,כג חשון תשיו
09/11/1955,כד חשון תשיו
10/11/1955,כה חשון תשיו
11/11/1955,כו חשון תשיו
12/11/1955,כז חשון תשיו
13/11/1955,כח חשון תשיו
14/11/1955,כט חשון תשיו
15/11/1955,ל חשון תשיו
16/11/1955,א כסלו תשיו
17/11/1955,ב כסלו תשיו
18/11/1955,ג כסלו תשיו
19/11/1955,ד כסלו תשיו
20/11/1955,ה כסלו תשיו
21/11/1955,ו כסלו תשיו
22/11/1955,ז כסלו תשיו
23/11/1955,ח כסלו תשיו
24/11/1955,ט כסלו תשיו
25/11/1955,י כסלו תשיו
26/11/1955,יא כסלו תשיו
27/11/1955,יב כסלו תשיו
28/11/1955,יג כסלו תשיו
29/11/1955,יד כסלו תשיו
30/11/1955,טו כסלו תשיו
01/12/1955,טז כסלו תשיו
02/12/1955,יז כסלו תשיו
03/12/1955,יח כסלו תשיו
04/12/1955,יט כסלו תשיו
05/12/1955,כ כסלו תשיו
06/12/1955,כא כסלו תשיו
07/12/1955,כב כסלו תשיו
08/12/1955,כג כסלו תשיו
09/12/1955,כד כסלו תשיו
10/12/1955,כה כסלו תשיו
11/12/1955,כו כסלו תשיו
12/12/1955,כז כסלו תשיו
13/12/1955,כח כסלו תשיו
14/12/1955,כט כסלו תשיו
15/12/1955,ל כסלו תשיו
16/12/1955,א טבת תשיו
17/12/1955,ב טבת תשיו
18/12/1955,ג טבת תשיו
19/12/1955,ד טבת תשיו
20/12/1955,ה טבת תשיו
21/12/1955,ו טבת תשיו
22/12/1955,ז טבת תשיו
23/12/1955,ח טבת תשיו
24/12/1955,ט טבת תשיו
25/12/1955,י טבת תשיו
26/12/1955,יא טבת תשיו
27/12/1955,יב טבת תשיו
28/12/1955,יג טבת תשיו
29/12/1955,יד טבת תשיו
30/12/1955,טו טבת תשיו
31/12/1955,טז טבת תשיו
01/01/1956,יז טבת תשיו
02/01/1956,יח טבת תשיו
03/01/1956,יט טבת תשיו
04/01/1956,כ טבת תשיו
05/01/1956,כא טבת תשיו
06/01/1956,כב טבת תשיו
07/01/1956,כג טבת תשיו
08/01/1956,כד טבת תשיו
09/01/1956,כה טבת תשיו
10/01/1956,כו טבת תשיו
11/01/1956,כז טבת תשיו
12/01/1956,כח טבת תשיו
13/01/1956,כט טבת תשיו
14/01/1956,א שבט תשיו
15/01/1956,ב שבט תשיו
16/01/1956,ג שבט תשיו
17/01/1956,ד שבט תשיו
18/01/1956,ה שבט תשיו
19/01/1956,ו שבט תשיו
20/01/1956,ז שבט תשיו
21/01/1956,ח שבט תשיו
22/01/1956,ט שבט תשיו
23/01/1956,י שבט תשיו
24/01/1956,יא שבט תשיו
25/01/1956,יב שבט תשיו
26/01/1956,יג שבט תשיו
27/01/1956,יד שבט תשיו
28/01/1956,טו שבט תשיו
29/01/1956,טז שבט תשיו
30/01/1956,יז שבט תשיו
31/01/1956,יח שבט תשיו
01/02/1956,יט שבט תשיו
02/02/1956,כ שבט תשיו
03/02/1956,כא שבט תשיו
04/02/1956,כב שבט תשיו
05/02/1956,כג שבט תשיו
06/02/1956,כד שבט תשיו
07/02/1956,כה שבט תשיו
08/02/1956,כו שבט תשיו
09/02/1956,כז שבט תשיו
10/02/1956,כח שבט תשיו
11/02/1956,כט שבט תשיו
12/02/1956,ל שבט תשיו
13/02/1956,א אדר תשיו
14/02/1956,ב אדר תשיו
15/02/1956,ג אדר תשיו
16/02/1956,ד אדר תשיו
17/02/1956,ה אדר תשיו
18/02/1956,ו אדר תשיו
19/02/1956,ז אדר תשיו
20/02/1956,ח אדר תשיו
21/02/1956,ט אדר תשיו
22/02/1956,י אדר תשיו
23/02/1956,יא אדר תשיו
24/02/1956,יב אדר תשיו
25/02/1956,יג אדר תשיו
26/02/1956,יד אדר תשיו
27/02/1956,טו אדר תשיו
28/02/1956,טז אדר תשיו
29/02/1956,יז אדר תשיו
01/03/1956,יח אדר תשיו
02/03/1956,יט אדר תשיו
03/03/1956,כ אדר תשיו
04/03/1956,כא אדר תשיו
05/03/1956,כב אדר תשיו
06/03/1956,כג אדר תשיו
07/03/1956,כד אדר תשיו
08/03/1956,כה אדר תשיו
09/03/1956,כו אדר תשיו
10/03/1956,כז אדר תשיו
11/03/1956,כח אדר תשיו
12/03/1956,כט אדר תשיו
13/03/1956,א ניסן תשיו
14/03/1956,ב ניסן תשיו
15/03/1956,ג ניסן תשיו
16/03/1956,ד ניסן תשיו
17/03/1956,ה ניסן תשיו
18/03/1956,ו ניסן תשיו
19/03/1956,ז ניסן תשיו
20/03/1956,ח ניסן תשיו
21/03/1956,ט ניסן תשיו
22/03/1956,י ניסן תשיו
23/03/1956,יא ניסן תשיו
24/03/1956,יב ניסן תשיו
25/03/1956,יג ניסן תשיו
26/03/1956,יד ניסן תשיו
27/03/1956,טו ניסן תשיו
28/03/1956,טז ניסן תשיו
29/03/1956,יז ניסן תשיו
30/03/1956,יח ניסן תשיו
31/03/1956,יט ניסן תשיו
01/04/1956,כ ניסן תשיו
02/04/1956,כא ניסן תשיו
03/04/1956,כב ניסן תשיו
04/04/1956,כג ניסן תשיו
05/04/1956,כד ניסן תשיו
06/04/1956,כה ניסן תשיו
07/04/1956,כו ניסן תשיו
08/04/1956,כז ניסן תשיו
09/04/1956,כח ניסן תשיו
10/04/1956,כט ניסן תשיו
11/04/1956,ל ניסן תשיו
12/04/1956,א אייר תשיו
13/04/1956,ב אייר תשיו
14/04/1956,ג אייר תשיו
15/04/1956,ד אייר תשיו
16/04/1956,ה אייר תשיו
17/04/1956,ו אייר תשיו
18/04/1956,ז אייר תשיו
19/04/1956,ח אייר תשיו
20/04/1956,ט אייר תשיו
21/04/1956,י אייר תשיו
22/04/1956,יא אייר תשיו
23/04/1956,יב אייר תשיו
24/04/1956,יג אייר תשיו
25/04/1956,יד אייר תשיו
26/04/1956,טו אייר תשיו
27/04/1956,טז אייר תשיו
28/04/1956,יז אייר תשיו
29/04/1956,יח אייר תשיו
30/04/1956,יט אייר תשיו
01/05/1956,כ אייר תשיו
02/05/1956,כא אייר תשיו
03/05/1956,כב אייר תשיו
04/05/1956,כג אייר תשיו
05/05/1956,כד אייר תשיו
06/05/1956,כה אייר תשיו
07/05/1956,כו אייר תשיו
08/05/1956,כז אייר תשיו
09/05/1956,כח אייר תשיו
10/05/1956,כט אייר תשיו
11/05/1956,א סיון תשיו
12/05/1956,ב סיון תשיו
13/05/1956,ג סיון תשיו
14/05/1956,ד סיון תשיו
15/05/1956,ה סיון תשיו
16/05/1956,ו סיון תשיו
17/05/1956,ז סיון תשיו
18/05/1956,ח סיון תשיו
19/05/1956,ט סיון תשיו
20/05/1956,י סיון תשיו
21/05/1956,יא סיון תשיו
22/05/1956,יב סיון תשיו
23/05/1956,יג סיון תשיו
24/05/1956,יד סיון תשיו
25/05/1956,טו סיון תשיו
26/05/1956,טז סיון תשיו
27/05/1956,יז סיון תשיו
28/05/1956,יח סיון תשיו
29/05/1956,יט סיון תשיו
30/05/1956,כ סיון תשיו
31/05/1956,כא סיון תשיו
01/06/1956,כב סיון תשיו
02/06/1956,כג סיון תשיו
03/06/1956,כד סיון תשיו
04/06/1956,כה סיון תשיו
05/06/1956,כו סיון תשיו
06/06/1956,כז סיון תשיו
07/06/1956,כח סיון תשיו
08/06/1956,כט סיון תשיו
09/06/1956,ל סיון תשיו
10/06/1956,א תמוז תשיו
11/06/1956,ב תמוז תשיו
12/06/1956,ג תמוז תשיו
13/06/1956,ד תמוז תשיו
14/06/1956,ה תמוז תשיו
15/06/1956,ו תמוז תשיו
16/06/1956,ז תמוז תשיו
17/06/1956,ח תמוז תשיו
18/06/1956,ט תמוז תשיו
19/06/1956,י תמוז תשיו
20/06/1956,יא תמוז תשיו
21/06/1956,יב תמוז תשיו
22/06/1956,יג תמוז תשיו
23/06/1956,יד תמוז תשיו
24/06/1956,טו תמוז תשיו
25/06/1956,טז תמוז תשיו
26/06/1956,יז תמוז תשיו
27/06/1956,יח תמוז תשיו
28/06/1956,יט תמוז תשיו
29/06/1956,כ תמוז תשיו
30/06/1956,כא תמוז תשיו
01/07/1956,כב תמוז תשיו
02/07/1956,כג תמוז תשיו
03/07/1956,כד תמוז תשיו
04/07/1956,כה תמוז תשיו
05/07/1956,כו תמוז תשיו
06/07/1956,כז תמוז תשיו
07/07/1956,כח תמוז תשיו
08/07/1956,כט תמוז תשיו
09/07/1956,א אב תשיו
10/07/1956,ב אב תשיו
11/07/1956,ג אב תשיו
12/07/1956,ד אב תשיו
13/07/1956,ה אב תשיו
14/07/1956,ו אב תשיו
15/07/1956,ז אב תשיו
16/07/1956,ח אב תשיו
17/07/1956,ט אב תשיו
18/07/1956,י אב תשיו
19/07/1956,יא אב תשיו
20/07/1956,יב אב תשיו
21/07/1956,יג אב תשיו
22/07/1956,יד אב תשיו
23/07/1956,טו אב תשיו
24/07/1956,טז אב תשיו
25/07/1956,יז אב תשיו
26/07/1956,יח אב תשיו
27/07/1956,יט אב תשיו
28/07/1956,כ אב תשיו
29/07/1956,כא אב תשיו
30/07/1956,כב אב תשיו
31/07/1956,כג אב תשיו
01/08/1956,כד אב תשיו
02/08/1956,כה אב תשיו
03/08/1956,כו אב תשיו
04/08/1956,כז אב תשיו
05/08/1956,כח אב תשיו
06/08/1956,כט אב תשיו
07/08/1956,ל אב תשיו
08/08/1956,א אלול תשיו
09/08/1956,ב אלול תשיו
10/08/1956,ג אלול תשיו
11/08/1956,ד אלול תשיו
12/08/1956,ה אלול תשיו
13/08/1956,ו אלול תשיו
14/08/1956,ז אלול תשיו
15/08/1956,ח אלול תשיו
16/08/1956,ט אלול תשיו
17/08/1956,י אלול תשיו
18/08/1956,יא אלול תשיו
19/08/1956,יב אלול תשיו
20/08/1956,יג אלול תשיו
21/08/1956,יד אלול תשיו
22/08/1956,טו אלול תשיו
23/08/1956,טז אלול תשיו
24/08/1956,יז אלול תשיו
25/08/1956,יח אלול תשיו
26/08/1956,יט אלול תשיו
27/08/1956,כ אלול תשיו
28/08/1956,כא אלול תשיו
29/08/1956,כב אלול תשיו
30/08/1956,כג אלול תשיו
31/08/1956,כד אלול תשיו
01/09/1956,כה אלול תשיו
02/09/1956,כו אלול תשיו
03/09/1956,כז אלול תשיו
04/09/1956,כח אלול תשיו
05/09/1956,כט אלול תשיו
06/09/1956,א תשרי תשיז
07/09/1956,ב תשרי תשיז
08/09/1956,ג תשרי תשיז
09/09/1956,ד תשרי תשיז
10/09/1956,ה תשרי תשיז
11/09/1956,ו תשרי תשיז
12/09/1956,ז תשרי תשיז
13/09/1956,ח תשרי תשיז
14/09/1956,ט תשרי תשיז
15/09/1956,י תשרי תשיז
16/09/1956,יא תשרי תשיז
17/09/1956,יב תשרי תשיז
18/09/1956,יג תשרי תשיז
19/09/1956,יד תשרי תשיז
20/09/1956,טו תשרי תשיז
21/09/1956,טז תשרי תשיז
22/09/1956,יז תשרי תשיז
23/09/1956,יח תשרי תשיז
24/09/1956,יט תשרי תשיז
25/09/1956,כ תשרי תשיז
26/09/1956,כא תשרי תשיז
27/09/1956,כב תשרי תשיז
28/09/1956,כג תשרי תשיז
29/09/1956,כד תשרי תשיז
30/09/1956,כה תשרי תשיז
01/10/1956,כו תשרי תשיז
02/10/1956,כז תשרי תשיז
03/10/1956,כח תשרי תשיז
04/10/1956,כט תשרי תשיז
05/10/1956,ל תשרי תשיז
06/10/1956,א חשון תשיז
07/10/1956,ב חשון תשיז
08/10/1956,ג חשון תשיז
09/10/1956,ד חשון תשיז
10/10/1956,ה חשון תשיז
11/10/1956,ו חשון תשיז
12/10/1956,ז חשון תשיז
13/10/1956,ח חשון תשיז
14/10/1956,ט חשון תשיז
15/10/1956,י חשון תשיז
16/10/1956,יא חשון תשיז
17/10/1956,יב חשון תשיז
18/10/1956,יג חשון תשיז
19/10/1956,יד חשון תשיז
20/10/1956,טו חשון תשיז
21/10/1956,טז חשון תשיז
22/10/1956,יז חשון תשיז
23/10/1956,יח חשון תשיז
24/10/1956,יט חשון תשיז
25/10/1956,כ חשון תשיז
26/10/1956,כא חשון תשיז
27/10/1956,כב חשון תשיז
28/10/1956,כג חשון תשיז
29/10/1956,כד חשון תשיז
30/10/1956,כה חשון תשיז
31/10/1956,כו חשון תשיז
01/11/1956,כז חשון תשיז
02/11/1956,כח חשון תשיז
03/11/1956,כט חשון תשיז
04/11/1956,ל חשון תשיז
05/11/1956,א כסלו תשיז
06/11/1956,ב כסלו תשיז
07/11/1956,ג כסלו תשיז
08/11/1956,ד כסלו תשיז
09/11/1956,ה כסלו תשיז
10/11/1956,ו כסלו תשיז
11/11/1956,ז כסלו תשיז
12/11/1956,ח כסלו תשיז
13/11/1956,ט כסלו תשיז
14/11/1956,י כסלו תשיז
15/11/1956,יא כסלו תשיז
16/11/1956,יב כסלו תשיז
17/11/1956,יג כסלו תשיז
18/11/1956,יד כסלו תשיז
19/11/1956,טו כסלו תשיז
20/11/1956,טז כסלו תשיז
21/11/1956,יז כסלו תשיז
22/11/1956,יח כסלו תשיז
23/11/1956,יט כסלו תשיז
24/11/1956,כ כסלו תשיז
25/11/1956,כא כסלו תשיז
26/11/1956,כב כסלו תשיז
27/11/1956,כג כסלו תשיז
28/11/1956,כד כסלו תשיז
29/11/1956,כה כסלו תשיז
30/11/1956,כו כסלו תשיז
01/12/1956,כז כסלו תשיז
02/12/1956,כח כסלו תשיז
03/12/1956,כט כסלו תשיז
04/12/1956,ל כסלו תשיז
05/12/1956,א טבת תשיז
06/12/1956,ב טבת תשיז
07/12/1956,ג טבת תשיז
08/12/1956,ד טבת תשיז
09/12/1956,ה טבת תשיז
10/12/1956,ו טבת תשיז
11/12/1956,ז טבת תשיז
12/12/1956,ח טבת תשיז
13/12/1956,ט טבת תשיז
14/12/1956,י טבת תשיז
15/12/1956,יא טבת תשיז
16/12/1956,יב טבת תשיז
17/12/1956,יג טבת תשיז
18/12/1956,יד טבת תשיז
19/12/1956,טו טבת תשיז
20/12/1956,טז טבת תשיז
21/12/1956,יז טבת תשיז
22/12/1956,יח טבת תשיז
23/12/1956,יט טבת תשיז
24/12/1956,כ טבת תשיז
25/12/1956,כא טבת תשיז
26/12/1956,כב טבת תשיז
27/12/1956,כג טבת תשיז
28/12/1956,כד טבת תשיז
29/12/1956,כה טבת תשיז
30/12/1956,כו טבת תשיז
31/12/1956,כז טבת תשיז
01/01/1957,כח טבת תשיז
02/01/1957,כט טבת תשיז
03/01/1957,א שבט תשיז
04/01/1957,ב שבט תשיז
05/01/1957,ג שבט תשיז
06/01/1957,ד שבט תשיז
07/01/1957,ה שבט תשיז
08/01/1957,ו שבט תשיז
09/01/1957,ז שבט תשיז
10/01/1957,ח שבט תשיז
11/01/1957,ט שבט תשיז
12/01/1957,י שבט תשיז
13/01/1957,יא שבט תשיז
14/01/1957,יב שבט תשיז
15/01/1957,יג שבט תשיז
16/01/1957,יד שבט תשיז
17/01/1957,טו שבט תשיז
18/01/1957,טז שבט תשיז
19/01/1957,יז שבט תשיז
20/01/1957,יח שבט תשיז
21/01/1957,יט שבט תשיז
22/01/1957,כ שבט תשיז
23/01/1957,כא שבט תשיז
24/01/1957,כב שבט תשיז
25/01/1957,כג שבט תשיז
26/01/1957,כד שבט תשיז
27/01/1957,כה שבט תשיז
28/01/1957,כו שבט תשיז
29/01/1957,כז שבט תשיז
30/01/1957,כח שבט תשיז
31/01/1957,כט שבט תשיז
01/02/1957,ל שבט תשיז
02/02/1957,א אדר-א תשיז
03/02/1957,ב אדר-א תשיז
04/02/1957,ג אדר-א תשיז
05/02/1957,ד אדר-א תשיז
06/02/1957,ה אדר-א תשיז
07/02/1957,ו אדר-א תשיז
08/02/1957,ז אדר-א תשיז
09/02/1957,ח אדר-א תשיז
10/02/1957,ט אדר-א תשיז
11/02/1957,י אדר-א תשיז
12/02/1957,יא אדר-א תשיז
13/02/1957,יב אדר-א תשיז
14/02/1957,יג אדר-א תשיז
15/02/1957,יד אדר-א תשיז
16/02/1957,טו אדר-א תשיז
17/02/1957,טז אדר-א תשיז
18/02/1957,יז אדר-א תשיז
19/02/1957,יח אדר-א תשיז
20/02/1957,יט אדר-א תשיז
21/02/1957,כ אדר-א תשיז
22/02/1957,כא אדר-א תשיז
23/02/1957,כב אדר-א תשיז
24/02/1957,כג אדר-א תשיז
25/02/1957,כד אדר-א תשיז
26/02/1957,כה אדר-א תשיז
27/02/1957,כו אדר-א תשיז
28/02/1957,כז אדר-א תשיז
01/03/1957,כח אדר-א תשיז
02/03/1957,כט אדר-א תשיז
03/03/1957,ל אדר-א תשיז
04/03/1957,א אדר-ב תשיז
05/03/1957,ב אדר-ב תשיז
06/03/1957,ג אדר-ב תשיז
07/03/1957,ד אדר-ב תשיז
08/03/1957,ה אדר-ב תשיז
09/03/1957,ו אדר-ב תשיז
10/03/1957,ז אדר-ב תשיז
11/03/1957,ח אדר-ב תשיז
12/03/1957,ט אדר-ב תשיז
13/03/1957,י אדר-ב תשיז
14/03/1957,יא אדר-ב תשיז
15/03/1957,יב אדר-ב תשיז
16/03/1957,יג אדר-ב תשיז
17/03/1957,יד אדר-ב תשיז
18/03/1957,טו אדר-ב תשיז
19/03/1957,טז אדר-ב תשיז
20/03/1957,יז אדר-ב תשיז
21/03/1957,יח אדר-ב תשיז
22/03/1957,יט אדר-ב תשיז
23/03/1957,כ אדר-ב תשיז
24/03/1957,כא אדר-ב תשיז
25/03/1957,כב אדר-ב תשיז
26/03/1957,כג אדר-ב תשיז
27/03/1957,כד אדר-ב תשיז
28/03/1957,כה אדר-ב תשיז
29/03/1957,כו אדר-ב תשיז
30/03/1957,כז אדר-ב תשיז
31/03/1957,כח אדר-ב תשיז
01/04/1957,כט אדר-ב תשיז
02/04/1957,א ניסן תשיז
03/04/1957,ב ניסן תשיז
04/04/1957,ג ניסן תשיז
05/04/1957,ד ניסן תשיז
06/04/1957,ה ניסן תשיז
07/04/1957,ו ניסן תשיז
08/04/1957,ז ניסן תשיז
09/04/1957,ח ניסן תשיז
10/04/1957,ט ניסן תשיז
11/04/1957,י ניסן תשיז
12/04/1957,יא ניסן תשיז
13/04/1957,יב ניסן תשיז
14/04/1957,יג ניסן תשיז
15/04/1957,יד ניסן תשיז
16/04/1957,טו ניסן תשיז
17/04/1957,טז ניסן תשיז
18/04/1957,יז ניסן תשיז
19/04/1957,יח ניסן תשיז
20/04/1957,יט ניסן תשיז
21/04/1957,כ ניסן תשיז
22/04/1957,כא ניסן תשיז
23/04/1957,כב ניסן תשיז
24/04/1957,כג ניסן תשיז
25/04/1957,כד ניסן תשיז
26/04/1957,כה ניסן תשיז
27/04/1957,כו ניסן תשיז
28/04/1957,כז ניסן תשיז
29/04/1957,כח ניסן תשיז
30/04/1957,כט ניסן תשיז
01/05/1957,ל ניסן תשיז
02/05/1957,א אייר תשיז
03/05/1957,ב אייר תשיז
04/05/1957,ג אייר תשיז
05/05/1957,ד אייר תשיז
06/05/1957,ה אייר תשיז
07/05/1957,ו אייר תשיז
08/05/1957,ז אייר תשיז
09/05/1957,ח אייר תשיז
10/05/1957,ט אייר תשיז
11/05/1957,י אייר תשיז
12/05/1957,יא אייר תשיז
13/05/1957,יב אייר תשיז
14/05/1957,יג אייר תשיז
15/05/1957,יד אייר תשיז
16/05/1957,טו אייר תשיז
17/05/1957,טז אייר תשיז
18/05/1957,יז אייר תשיז
19/05/1957,יח אייר תשיז
20/05/1957,יט אייר תשיז
21/05/1957,כ אייר תשיז
22/05/1957,כא אייר תשיז
23/05/1957,כב אייר תשיז
24/05/1957,כג אייר תשיז
25/05/1957,כד אייר תשיז
26/05/1957,כה אייר תשיז
27/05/1957,כו אייר תשיז
28/05/1957,כז אייר תשיז
29/05/1957,כח אייר תשיז
30/05/1957,כט אייר תשיז
31/05/1957,א סיון תשיז
01/06/1957,ב סיון תשיז
02/06/1957,ג סיון תשיז
03/06/1957,ד סיון תשיז
04/06/1957,ה סיון תשיז
05/06/1957,ו סיון תשיז
06/06/1957,ז סיון תשיז
07/06/1957,ח סיון תשיז
08/06/1957,ט סיון תשיז
09/06/1957,י סיון תשיז
10/06/1957,יא סיון תשיז
11/06/1957,יב סיון תשיז
12/06/1957,יג סיון תשיז
13/06/1957,יד סיון תשיז
14/06/1957,טו סיון תשיז
15/06/1957,טז סיון תשיז
16/06/1957,יז סיון תשיז
17/06/1957,יח סיון תשיז
18/06/1957,יט סיון תשיז
19/06/1957,כ סיון תשיז
20/06/1957,כא סיון תשיז
21/06/1957,כב סיון תשיז
22/06/1957,כג סיון תשיז
23/06/1957,כד סיון תשיז
24/06/1957,כה סיון תשיז
25/06/1957,כו סיון תשיז
26/06/1957,כז סיון תשיז
27/06/1957,כח סיון תשיז
28/06/1957,כט סיון תשיז
29/06/1957,ל סיון תשיז
30/06/1957,א תמוז תשיז
01/07/1957,ב תמוז תשיז
02/07/1957,ג תמוז תשיז
03/07/1957,ד תמוז תשיז
04/07/1957,ה תמוז תשיז
05/07/1957,ו תמוז תשיז
06/07/1957,ז תמוז תשיז
07/07/1957,ח תמוז תשיז
08/07/1957,ט תמוז תשיז
09/07/1957,י תמוז תשיז
10/07/1957,יא תמוז תשיז
11/07/1957,יב תמוז תשיז
12/07/1957,יג תמוז תשיז
13/07/1957,יד תמוז תשיז
14/07/1957,טו תמוז תשיז
15/07/1957,טז תמוז תשיז
16/07/1957,יז תמוז תשיז
17/07/1957,יח תמוז תשיז
18/07/1957,יט תמוז תשיז
19/07/1957,כ תמוז תשיז
20/07/1957,כא תמוז תשיז
21/07/1957,כב תמוז תשיז
22/07/1957,כג תמוז תשיז
23/07/1957,כד תמוז תשיז
24/07/1957,כה תמוז תשיז
25/07/1957,כו תמוז תשיז
26/07/1957,כז תמוז תשיז
27/07/1957,כח תמוז תשיז
28/07/1957,כט תמוז תשיז
29/07/1957,א אב תשיז
30/07/1957,ב אב תשיז
31/07/1957,ג אב תשיז
01/08/1957,ד אב תשיז
02/08/1957,ה אב תשיז
03/08/1957,ו אב תשיז
04/08/1957,ז אב תשיז
05/08/1957,ח אב תשיז
06/08/1957,ט אב תשיז
07/08/1957,י אב תשיז
08/08/1957,יא אב תשיז
09/08/1957,יב אב תשיז
10/08/1957,יג אב תשיז
11/08/1957,יד אב תשיז
12/08/1957,טו אב תשיז
13/08/1957,טז אב תשיז
14/08/1957,יז אב תשיז
15/08/1957,יח אב תשיז
16/08/1957,יט אב תשיז
17/08/1957,כ אב תשיז
18/08/1957,כא אב תשיז
19/08/1957,כב אב תשיז
20/08/1957,כג אב תשיז
21/08/1957,כד אב תשיז
22/08/1957,כה אב תשיז
23/08/1957,כו אב תשיז
24/08/1957,כז אב תשיז
25/08/1957,כח אב תשיז
26/08/1957,כט אב תשיז
27/08/1957,ל אב תשיז
28/08/1957,א אלול תשיז
29/08/1957,ב אלול תשיז
30/08/1957,ג אלול תשיז
31/08/1957,ד אלול תשיז
01/09/1957,ה אלול תשיז
02/09/1957,ו אלול תשיז
03/09/1957,ז אלול תשיז
04/09/1957,ח אלול תשיז
05/09/1957,ט אלול תשיז
06/09/1957,י אלול תשיז
07/09/1957,יא אלול תשיז
08/09/1957,יב אלול תשיז
09/09/1957,יג אלול תשיז
10/09/1957,יד אלול תשיז
11/09/1957,טו אלול תשיז
12/09/1957,טז אלול תשיז
13/09/1957,יז אלול תשיז
14/09/1957,יח אלול תשיז
15/09/1957,יט אלול תשיז
16/09/1957,כ אלול תשיז
17/09/1957,כא אלול תשיז
18/09/1957,כב אלול תשיז
19/09/1957,כג אלול תשיז
20/09/1957,כד אלול תשיז
21/09/1957,כה אלול תשיז
22/09/1957,כו אלול תשיז
23/09/1957,כז אלול תשיז
24/09/1957,כח אלול תשיז
25/09/1957,כט אלול תשיז
26/09/1957,א תשרי תשיח
27/09/1957,ב תשרי תשיח
28/09/1957,ג תשרי תשיח
29/09/1957,ד תשרי תשיח
30/09/1957,ה תשרי תשיח
01/10/1957,ו תשרי תשיח
02/10/1957,ז תשרי תשיח
03/10/1957,ח תשרי תשיח
04/10/1957,ט תשרי תשיח
05/10/1957,י תשרי תשיח
06/10/1957,יא תשרי תשיח
07/10/1957,יב תשרי תשיח
08/10/1957,יג תשרי תשיח
09/10/1957,יד תשרי תשיח
10/10/1957,טו תשרי תשיח
11/10/1957,טז תשרי תשיח
12/10/1957,יז תשרי תשיח
13/10/1957,יח תשרי תשיח
14/10/1957,יט תשרי תשיח
15/10/1957,כ תשרי תשיח
16/10/1957,כא תשרי תשיח
17/10/1957,כב תשרי תשיח
18/10/1957,כג תשרי תשיח
19/10/1957,כד תשרי תשיח
20/10/1957,כה תשרי תשיח
21/10/1957,כו תשרי תשיח
22/10/1957,כז תשרי תשיח
23/10/1957,כח תשרי תשיח
24/10/1957,כט תשרי תשיח
25/10/1957,ל תשרי תשיח
26/10/1957,א חשון תשיח
27/10/1957,ב חשון תשיח
28/10/1957,ג חשון תשיח
29/10/1957,ד חשון תשיח
30/10/1957,ה חשון תשיח
31/10/1957,ו חשון תשיח
01/11/1957,ז חשון תשיח
02/11/1957,ח חשון תשיח
03/11/1957,ט חשון תשיח
04/11/1957,י חשון תשיח
05/11/1957,יא חשון תשיח
06/11/1957,יב חשון תשיח
07/11/1957,יג חשון תשיח
08/11/1957,יד חשון תשיח
09/11/1957,טו חשון תשיח
10/11/1957,טז חשון תשיח
11/11/1957,יז חשון תשיח
12/11/1957,יח חשון תשיח
13/11/1957,יט חשון תשיח
14/11/1957,כ חשון תשיח
15/11/1957,כא חשון תשיח
16/11/1957,כב חשון תשיח
17/11/1957,כג חשון תשיח
18/11/1957,כד חשון תשיח
19/11/1957,כה חשון תשיח
20/11/1957,כו חשון תשיח
21/11/1957,כז חשון תשיח
22/11/1957,כח חשון תשיח
23/11/1957,כט חשון תשיח
24/11/1957,א כסלו תשיח
25/11/1957,ב כסלו תשיח
26/11/1957,ג כסלו תשיח
27/11/1957,ד כסלו תשיח
28/11/1957,ה כסלו תשיח
29/11/1957,ו כסלו תשיח
30/11/1957,ז כסלו תשיח
01/12/1957,ח כסלו תשיח
02/12/1957,ט כסלו תשיח
03/12/1957,י כסלו תשיח
04/12/1957,יא כסלו תשיח
05/12/1957,יב כסלו תשיח
06/12/1957,יג כסלו תשיח
07/12/1957,יד כסלו תשיח
08/12/1957,טו כסלו תשיח
09/12/1957,טז כסלו תשיח
10/12/1957,יז כסלו תשיח
11/12/1957,יח כסלו תשיח
12/12/1957,יט כסלו תשיח
13/12/1957,כ כסלו תשיח
14/12/1957,כא כסלו תשיח
15/12/1957,כב כסלו תשיח
16/12/1957,כג כסלו תשיח
17/12/1957,כד כסלו תשיח
18/12/1957,כה כסלו תשיח
19/12/1957,כו כסלו תשיח
20/12/1957,כז כסלו תשיח
21/12/1957,כח כסלו תשיח
22/12/1957,כט כסלו תשיח
23/12/1957,ל כסלו תשיח
24/12/1957,א טבת תשיח
25/12/1957,ב טבת תשיח
26/12/1957,ג טבת תשיח
27/12/1957,ד טבת תשיח
28/12/1957,ה טבת תשיח
29/12/1957,ו טבת תשיח
30/12/1957,ז טבת תשיח
31/12/1957,ח טבת תשיח
01/01/1958,ט טבת תשיח
02/01/1958,י טבת תשיח
03/01/1958,יא טבת תשיח
04/01/1958,יב טבת תשיח
05/01/1958,יג טבת תשיח
06/01/1958,יד טבת תשיח
07/01/1958,טו טבת תשיח
08/01/1958,טז טבת תשיח
09/01/1958,יז טבת תשיח
10/01/1958,יח טבת תשיח
11/01/1958,יט טבת תשיח
12/01/1958,כ טבת תשיח
13/01/1958,כא טבת תשיח
14/01/1958,כב טבת תשיח
15/01/1958,כג טבת תשיח
16/01/1958,כד טבת תשיח
17/01/1958,כה טבת תשיח
18/01/1958,כו טבת תשיח
19/01/1958,כז טבת תשיח
20/01/1958,כח טבת תשיח
21/01/1958,כט טבת תשיח
22/01/1958,א שבט תשיח
23/01/1958,ב שבט תשיח
24/01/1958,ג שבט תשיח
25/01/1958,ד שבט תשיח
26/01/1958,ה שבט תשיח
27/01/1958,ו שבט תשיח
28/01/1958,ז שבט תשיח
29/01/1958,ח שבט תשיח
30/01/1958,ט שבט תשיח
31/01/1958,י שבט תשיח
01/02/1958,יא שבט תשיח
02/02/1958,יב שבט תשיח
03/02/1958,יג שבט תשיח
04/02/1958,יד שבט תשיח
05/02/1958,טו שבט תשיח
06/02/1958,טז שבט תשיח
07/02/1958,יז שבט תשיח
08/02/1958,יח שבט תשיח
09/02/1958,יט שבט תשיח
10/02/1958,כ שבט תשיח
11/02/1958,כא שבט תשיח
12/02/1958,כב שבט תשיח
13/02/1958,כג שבט תשיח
14/02/1958,כד שבט תשיח
15/02/1958,כה שבט תשיח
16/02/1958,כו שבט תשיח
17/02/1958,כז שבט תשיח
18/02/1958,כח שבט תשיח
19/02/1958,כט שבט תשיח
20/02/1958,ל שבט תשיח
21/02/1958,א אדר תשיח
22/02/1958,ב אדר תשיח
23/02/1958,ג אדר תשיח
24/02/1958,ד אדר תשיח
25/02/1958,ה אדר תשיח
26/02/1958,ו אדר תשיח
27/02/1958,ז אדר תשיח
28/02/1958,ח אדר תשיח
01/03/1958,ט אדר תשיח
02/03/1958,י אדר תשיח
03/03/1958,יא אדר תשיח
04/03/1958,יב אדר תשיח
05/03/1958,יג אדר תשיח
06/03/1958,יד אדר תשיח
07/03/1958,טו אדר תשיח
08/03/1958,טז אדר תשיח
09/03/1958,יז אדר תשיח
10/03/1958,יח אדר תשיח
11/03/1958,יט אדר תשיח
12/03/1958,כ אדר תשיח
13/03/1958,כא אדר תשיח
14/03/1958,כב אדר תשיח
15/03/1958,כג אדר תשיח
16/03/1958,כד אדר תשיח
17/03/1958,כה אדר תשיח
18/03/1958,כו אדר תשיח
19/03/1958,כז אדר תשיח
20/03/1958,כח אדר תשיח
21/03/1958,כט אדר תשיח
22/03/1958,א ניסן תשיח
23/03/1958,ב ניסן תשיח
24/03/1958,ג ניסן תשיח
25/03/1958,ד ניסן תשיח
26/03/1958,ה ניסן תשיח
27/03/1958,ו ניסן תשיח
28/03/1958,ז ניסן תשיח
29/03/1958,ח ניסן תשיח
30/03/1958,ט ניסן תשיח
31/03/1958,י ניסן תשיח
01/04/1958,יא ניסן תשיח
02/04/1958,יב ניסן תשיח
03/04/1958,יג ניסן תשיח
04/04/1958,יד ניסן תשיח
05/04/1958,טו ניסן תשיח
06/04/1958,טז ניסן תשיח
07/04/1958,יז ניסן תשיח
08/04/1958,יח ניסן תשיח
09/04/1958,יט ניסן תשיח
10/04/1958,כ ניסן תשיח
11/04/1958,כא ניסן תשיח
12/04/1958,כב ניסן תשיח
13/04/1958,כג ניסן תשיח
14/04/1958,כד ניסן תשיח
15/04/1958,כה ניסן תשיח
16/04/1958,כו ניסן תשיח
17/04/1958,כז ניסן תשיח
18/04/1958,כח ניסן תשיח
19/04/1958,כט ניסן תשיח
20/04/1958,ל ניסן תשיח
21/04/1958,א אייר תשיח
22/04/1958,ב אייר תשיח
23/04/1958,ג אייר תשיח
24/04/1958,ד אייר תשיח
25/04/1958,ה אייר תשיח
26/04/1958,ו אייר תשיח
27/04/1958,ז אייר תשיח
28/04/1958,ח אייר תשיח
29/04/1958,ט אייר תשיח
30/04/1958,י אייר תשיח
01/05/1958,יא אייר תשיח
02/05/1958,יב אייר תשיח
03/05/1958,יג אייר תשיח
04/05/1958,יד אייר תשיח
05/05/1958,טו אייר תשיח
06/05/1958,טז אייר תשיח
07/05/1958,יז אייר תשיח
08/05/1958,יח אייר תשיח
09/05/1958,יט אייר תשיח
10/05/1958,כ אייר תשיח
11/05/1958,כא אייר תשיח
12/05/1958,כב אייר תשיח
13/05/1958,כג אייר תשיח
14/05/1958,כד אייר תשיח
15/05/1958,כה אייר תשיח
16/05/1958,כו אייר תשיח
17/05/1958,כז אייר תשיח
18/05/1958,כח אייר תשיח
19/05/1958,כט אייר תשיח
20/05/1958,א סיון תשיח
21/05/1958,ב סיון תשיח
22/05/1958,ג סיון תשיח
23/05/1958,ד סיון תשיח
24/05/1958,ה סיון תשיח
25/05/1958,ו סיון תשיח
26/05/1958,ז סיון תשיח
27/05/1958,ח סיון תשיח
28/05/1958,ט סיון תשיח
29/05/1958,י סיון תשיח
30/05/1958,יא סיון תשיח
31/05/1958,יב סיון תשיח
01/06/1958,יג סיון תשיח
02/06/1958,יד סיון תשיח
03/06/1958,טו סיון תשיח
04/06/1958,טז סיון תשיח
05/06/1958,יז סיון תשיח
06/06/1958,יח סיון תשיח
07/06/1958,יט סיון תשיח
08/06/1958,כ סיון תשיח
09/06/1958,כא סיון תשיח
10/06/1958,כב סיון תשיח
11/06/1958,כג סיון תשיח
12/06/1958,כד סיון תשיח
13/06/1958,כה סיון תשיח
14/06/1958,כו סיון תשיח
15/06/1958,כז סיון תשיח
16/06/1958,כח סיון תשיח
17/06/1958,כט סיון תשיח
18/06/1958,ל סיון תשיח
19/06/1958,א תמוז תשיח
20/06/1958,ב תמוז תשיח
21/06/1958,ג תמוז תשיח
22/06/1958,ד תמוז תשיח
23/06/1958,ה תמוז תשיח
24/06/1958,ו תמוז תשיח
25/06/1958,ז תמוז תשיח
26/06/1958,ח תמוז תשיח
27/06/1958,ט תמוז תשיח
28/06/1958,י תמוז תשיח
29/06/1958,יא תמוז תשיח
30/06/1958,יב תמוז תשיח
01/07/1958,יג תמוז תשיח
02/07/1958,יד תמוז תשיח
03/07/1958,טו תמוז תשיח
04/07/1958,טז תמוז תשיח
05/07/1958,יז תמוז תשיח
06/07/1958,יח תמוז תשיח
07/07/1958,יט תמוז תשיח
08/07/1958,כ תמוז תשיח
09/07/1958,כא תמוז תשיח
10/07/1958,כב תמוז תשיח
11/07/1958,כג תמוז תשיח
12/07/1958,כד תמוז תשיח
13/07/1958,כה תמוז תשיח
14/07/1958,כו תמוז תשיח
15/07/1958,כז תמוז תשיח
16/07/1958,כח תמוז תשיח
17/07/1958,כט תמוז תשיח
18/07/1958,א אב תשיח
19/07/1958,ב אב תשיח
20/07/1958,ג אב תשיח
21/07/1958,ד אב תשיח
22/07/1958,ה אב תשיח
23/07/1958,ו אב תשיח
24/07/1958,ז אב תשיח
25/07/1958,ח אב תשיח
26/07/1958,ט אב תשיח
27/07/1958,י אב תשיח
28/07/1958,יא אב תשיח
29/07/1958,יב אב תשיח
30/07/1958,יג אב תשיח
31/07/1958,יד אב תשיח
01/08/1958,טו אב תשיח
02/08/1958,טז אב תשיח
03/08/1958,יז אב תשיח
04/08/1958,יח אב תשיח
05/08/1958,יט אב תשיח
06/08/1958,כ אב תשיח
07/08/1958,כא אב תשיח
08/08/1958,כב אב תשיח
09/08/1958,כג אב תשיח
10/08/1958,כד אב תשיח
11/08/1958,כה אב תשיח
12/08/1958,כו אב תשיח
13/08/1958,כז אב תשיח
14/08/1958,כח אב תשיח
15/08/1958,כט אב תשיח
16/08/1958,ל אב תשיח
17/08/1958,א אלול תשיח
18/08/1958,ב אלול תשיח
19/08/1958,ג אלול תשיח
20/08/1958,ד אלול תשיח
21/08/1958,ה אלול תשיח
22/08/1958,ו אלול תשיח
23/08/1958,ז אלול תשיח
24/08/1958,ח אלול תשיח
25/08/1958,ט אלול תשיח
26/08/1958,י אלול תשיח
27/08/1958,יא אלול תשיח
28/08/1958,יב אלול תשיח
29/08/1958,יג אלול תשיח
30/08/1958,יד אלול תשיח
31/08/1958,טו אלול תשיח
01/09/1958,טז אלול תשיח
02/09/1958,יז אלול תשיח
03/09/1958,יח אלול תשיח
04/09/1958,יט אלול תשיח
05/09/1958,כ אלול תשיח
06/09/1958,כא אלול תשיח
07/09/1958,כב אלול תשיח
08/09/1958,כג אלול תשיח
09/09/1958,כד אלול תשיח
10/09/1958,כה אלול תשיח
11/09/1958,כו אלול תשיח
12/09/1958,כז אלול תשיח
13/09/1958,כח אלול תשיח
14/09/1958,כט אלול תשיח
15/09/1958,א תשרי תשיט
16/09/1958,ב תשרי תשיט
17/09/1958,ג תשרי תשיט
18/09/1958,ד תשרי תשיט
19/09/1958,ה תשרי תשיט
20/09/1958,ו תשרי תשיט
21/09/1958,ז תשרי תשיט
22/09/1958,ח תשרי תשיט
23/09/1958,ט תשרי תשיט
24/09/1958,י תשרי תשיט
25/09/1958,יא תשרי תשיט
26/09/1958,יב תשרי תשיט
27/09/1958,יג תשרי תשיט
28/09/1958,יד תשרי תשיט
29/09/1958,טו תשרי תשיט
30/09/1958,טז תשרי תשיט
01/10/1958,יז תשרי תשיט
02/10/1958,יח תשרי תשיט
03/10/1958,יט תשרי תשיט
04/10/1958,כ תשרי תשיט
05/10/1958,כא תשרי תשיט
06/10/1958,כב תשרי תשיט
07/10/1958,כג תשרי תשיט
08/10/1958,כד תשרי תשיט
09/10/1958,כה תשרי תשיט
10/10/1958,כו תשרי תשיט
11/10/1958,כז תשרי תשיט
12/10/1958,כח תשרי תשיט
13/10/1958,כט תשרי תשיט
14/10/1958,ל תשרי תשיט
15/10/1958,א חשון תשיט
16/10/1958,ב חשון תשיט
17/10/1958,ג חשון תשיט
18/10/1958,ד חשון תשיט
19/10/1958,ה חשון תשיט
20/10/1958,ו חשון תשיט
21/10/1958,ז חשון תשיט
22/10/1958,ח חשון תשיט
23/10/1958,ט חשון תשיט
24/10/1958,י חשון תשיט
25/10/1958,יא חשון תשיט
26/10/1958,יב חשון תשיט
27/10/1958,יג חשון תשיט
28/10/1958,יד חשון תשיט
29/10/1958,טו חשון תשיט
30/10/1958,טז חשון תשיט
31/10/1958,יז חשון תשיט
01/11/1958,יח חשון תשיט
02/11/1958,יט חשון תשיט
03/11/1958,כ חשון תשיט
04/11/1958,כא חשון תשיט
05/11/1958,כב חשון תשיט
06/11/1958,כג חשון תשיט
07/11/1958,כד חשון תשיט
08/11/1958,כה חשון תשיט
09/11/1958,כו חשון תשיט
10/11/1958,כז חשון תשיט
11/11/1958,כח חשון תשיט
12/11/1958,כט חשון תשיט
13/11/1958,א כסלו תשיט
14/11/1958,ב כסלו תשיט
15/11/1958,ג כסלו תשיט
16/11/1958,ד כסלו תשיט
17/11/1958,ה כסלו תשיט
18/11/1958,ו כסלו תשיט
19/11/1958,ז כסלו תשיט
20/11/1958,ח כסלו תשיט
21/11/1958,ט כסלו תשיט
22/11/1958,י כסלו תשיט
23/11/1958,יא כסלו תשיט
24/11/1958,יב כסלו תשיט
25/11/1958,יג כסלו תשיט
26/11/1958,יד כסלו תשיט
27/11/1958,טו כסלו תשיט
28/11/1958,טז כסלו תשיט
29/11/1958,יז כסלו תשיט
30/11/1958,יח כסלו תשיט
01/12/1958,יט כסלו תשיט
02/12/1958,כ כסלו תשיט
03/12/1958,כא כסלו תשיט
04/12/1958,כב כסלו תשיט
05/12/1958,כג כסלו תשיט
06/12/1958,כד כסלו תשיט
07/12/1958,כה כסלו תשיט
08/12/1958,כו כסלו תשיט
09/12/1958,כז כסלו תשיט
10/12/1958,כח כסלו תשיט
11/12/1958,כט כסלו תשיט
12/12/1958,א טבת תשיט
13/12/1958,ב טבת תשיט
14/12/1958,ג טבת תשיט
15/12/1958,ד טבת תשיט
16/12/1958,ה טבת תשיט
17/12/1958,ו טבת תשיט
18/12/1958,ז טבת תשיט
19/12/1958,ח טבת תשיט
20/12/1958,ט טבת תשיט
21/12/1958,י טבת תשיט
22/12/1958,יא טבת תשיט
23/12/1958,יב טבת תשיט
24/12/1958,יג טבת תשיט
25/12/1958,יד טבת תשיט
26/12/1958,טו טבת תשיט
27/12/1958,טז טבת תשיט
28/12/1958,יז טבת תשיט
29/12/1958,יח טבת תשיט
30/12/1958,יט טבת תשיט
31/12/1958,כ טבת תשיט
01/01/1959,כא טבת תשיט
02/01/1959,כב טבת תשיט
03/01/1959,כג טבת תשיט
04/01/1959,כד טבת תשיט
05/01/1959,כה טבת תשיט
06/01/1959,כו טבת תשיט
07/01/1959,כז טבת תשיט
08/01/1959,כח טבת תשיט
09/01/1959,כט טבת תשיט
10/01/1959,א שבט תשיט
11/01/1959,ב שבט תשיט
12/01/1959,ג שבט תשיט
13/01/1959,ד שבט תשיט
14/01/1959,ה שבט תשיט
15/01/1959,ו שבט תשיט
16/01/1959,ז שבט תשיט
17/01/1959,ח שבט תשיט
18/01/1959,ט שבט תשיט
19/01/1959,י שבט תשיט
20/01/1959,יא שבט תשיט
21/01/1959,יב שבט תשיט
22/01/1959,יג שבט תשיט
23/01/1959,יד שבט תשיט
24/01/1959,טו שבט תשיט
25/01/1959,טז שבט תשיט
26/01/1959,יז שבט תשיט
27/01/1959,יח שבט תשיט
28/01/1959,יט שבט תשיט
29/01/1959,כ שבט תשיט
30/01/1959,כא שבט תשיט
31/01/1959,כב שבט תשיט
01/02/1959,כג שבט תשיט
02/02/1959,כד שבט תשיט
03/02/1959,כה שבט תשיט
04/02/1959,כו שבט תשיט
05/02/1959,כז שבט תשיט
06/02/1959,כח שבט תשיט
07/02/1959,כט שבט תשיט
08/02/1959,ל שבט תשיט
09/02/1959,א אדר-א תשיט
10/02/1959,ב אדר-א תשיט
11/02/1959,ג אדר-א תשיט
12/02/1959,ד אדר-א תשיט
13/02/1959,ה אדר-א תשיט
14/02/1959,ו אדר-א תשיט
15/02/1959,ז אדר-א תשיט
16/02/1959,ח אדר-א תשיט
17/02/1959,ט אדר-א תשיט
18/02/1959,י אדר-א תשיט
19/02/1959,יא אדר-א תשיט
20/02/1959,יב אדר-א תשיט
21/02/1959,יג אדר-א תשיט
22/02/1959,יד אדר-א תשיט
23/02/1959,טו אדר-א תשיט
24/02/1959,טז אדר-א תשיט
25/02/1959,יז אדר-א תשיט
26/02/1959,יח אדר-א תשיט
27/02/1959,יט אדר-א תשיט
28/02/1959,כ אדר-א תשיט
01/03/1959,כא אדר-א תשיט
02/03/1959,כב אדר-א תשיט
03/03/1959,כג אדר-א תשיט
04/03/1959,כד אדר-א תשיט
05/03/1959,כה אדר-א תשיט
06/03/1959,כו אדר-א תשיט
07/03/1959,כז אדר-א תשיט
08/03/1959,כח אדר-א תשיט
09/03/1959,כט אדר-א תשיט
10/03/1959,ל אדר-א תשיט
11/03/1959,א אדר-ב תשיט
12/03/1959,ב אדר-ב תשיט
13/03/1959,ג אדר-ב תשיט
14/03/1959,ד אדר-ב תשיט
15/03/1959,ה אדר-ב תשיט
16/03/1959,ו אדר-ב תשיט
17/03/1959,ז אדר-ב תשיט
18/03/1959,ח אדר-ב תשיט
19/03/1959,ט אדר-ב תשיט
20/03/1959,י אדר-ב תשיט
21/03/1959,יא אדר-ב תשיט
22/03/1959,יב אדר-ב תשיט
23/03/1959,יג אדר-ב תשיט
24/03/1959,יד אדר-ב תשיט
25/03/1959,טו אדר-ב תשיט
26/03/1959,טז אדר-ב תשיט
27/03/1959,יז אדר-ב תשיט
28/03/1959,יח אדר-ב תשיט
29/03/1959,יט אדר-ב תשיט
30/03/1959,כ אדר-ב תשיט
31/03/1959,כא אדר-ב תשיט
01/04/1959,כב אדר-ב תשיט
02/04/1959,כג אדר-ב תשיט
03/04/1959,כד אדר-ב תשיט
04/04/1959,כה אדר-ב תשיט
05/04/1959,כו אדר-ב תשיט
06/04/1959,כז אדר-ב תשיט
07/04/1959,כח אדר-ב תשיט
08/04/1959,כט אדר-ב תשיט
09/04/1959,א ניסן תשיט
10/04/1959,ב ניסן תשיט
11/04/1959,ג ניסן תשיט
12/04/1959,ד ניסן תשיט
13/04/1959,ה ניסן תשיט
14/04/1959,ו ניסן תשיט
15/04/1959,ז ניסן תשיט
16/04/1959,ח ניסן תשיט
17/04/1959,ט ניסן תשיט
18/04/1959,י ניסן תשיט
19/04/1959,יא ניסן תשיט
20/04/1959,יב ניסן תשיט
21/04/1959,יג ניסן תשיט
22/04/1959,יד ניסן תשיט
23/04/1959,טו ניסן תשיט
24/04/1959,טז ניסן תשיט
25/04/1959,יז ניסן תשיט
26/04/1959,יח ניסן תשיט
27/04/1959,יט ניסן תשיט
28/04/1959,כ ניסן תשיט
29/04/1959,כא ניסן תשיט
30/04/1959,כב ניסן תשיט
01/05/1959,כג ניסן תשיט
02/05/1959,כד ניסן תשיט
03/05/1959,כה ניסן תשיט
04/05/1959,כו ניסן תשיט
05/05/1959,כז ניסן תשיט
06/05/1959,כח ניסן תשיט
07/05/1959,כט ניסן תשיט
08/05/1959,ל ניסן תשיט
09/05/1959,א אייר תשיט
10/05/1959,ב אייר תשיט
11/05/1959,ג אייר תשיט
12/05/1959,ד אייר תשיט
13/05/1959,ה אייר תשיט
14/05/1959,ו אייר תשיט
15/05/1959,ז אייר תשיט
16/05/1959,ח אייר תשיט
17/05/1959,ט אייר תשיט
18/05/1959,י אייר תשיט
19/05/1959,יא אייר תשיט
20/05/1959,יב אייר תשיט
21/05/1959,יג אייר תשיט
22/05/1959,יד אייר תשיט
23/05/1959,טו אייר תשיט
24/05/1959,טז אייר תשיט
25/05/1959,יז אייר תשיט
26/05/1959,יח אייר תשיט
27/05/1959,יט אייר תשיט
28/05/1959,כ אייר תשיט
29/05/1959,כא אייר תשיט
30/05/1959,כב אייר תשיט
31/05/1959,כג אייר תשיט
01/06/1959,כד אייר תשיט
02/06/1959,כה אייר תשיט
03/06/1959,כו אייר תשיט
04/06/1959,כז אייר תשיט
05/06/1959,כח אייר תשיט
06/06/1959,כט אייר תשיט
07/06/1959,א סיון תשיט
08/06/1959,ב סיון תשיט
09/06/1959,ג סיון תשיט
10/06/1959,ד סיון תשיט
11/06/1959,ה סיון תשיט
12/06/1959,ו סיון תשיט
13/06/1959,ז סיון תשיט
14/06/1959,ח סיון תשיט
15/06/1959,ט סיון תשיט
16/06/1959,י סיון תשיט
17/06/1959,יא סיון תשיט
18/06/1959,יב סיון תשיט
19/06/1959,יג סיון תשיט
20/06/1959,יד סיון תשיט
21/06/1959,טו סיון תשיט
22/06/1959,טז סיון תשיט
23/06/1959,יז סיון תשיט
24/06/1959,יח סיון תשיט
25/06/1959,יט סיון תשיט
26/06/1959,כ סיון תשיט
27/06/1959,כא סיון תשיט
28/06/1959,כב סיון תשיט
29/06/1959,כג סיון תשיט
30/06/1959,כד סיון תשיט
01/07/1959,כה סיון תשיט
02/07/1959,כו סיון תשיט
03/07/1959,כז סיון תשיט
04/07/1959,כח סיון תשיט
05/07/1959,כט סיון תשיט
06/07/1959,ל סיון תשיט
07/07/1959,א תמוז תשיט
08/07/1959,ב תמוז תשיט
09/07/1959,ג תמוז תשיט
10/07/1959,ד תמוז תשיט
11/07/1959,ה תמוז תשיט
12/07/1959,ו תמוז תשיט
13/07/1959,ז תמוז תשיט
14/07/1959,ח תמוז תשיט
15/07/1959,ט תמוז תשיט
16/07/1959,י תמוז תשיט
17/07/1959,יא תמוז תשיט
18/07/1959,יב תמוז תשיט
19/07/1959,יג תמוז תשיט
20/07/1959,יד תמוז תשיט
21/07/1959,טו תמוז תשיט
22/07/1959,טז תמוז תשיט
23/07/1959,יז תמוז תשיט
24/07/1959,יח תמוז תשיט
25/07/1959,יט תמוז תשיט
26/07/1959,כ תמוז תשיט
27/07/1959,כא תמוז תשיט
28/07/1959,כב תמוז תשיט
29/07/1959,כג תמוז תשיט
30/07/1959,כד תמוז תשיט
31/07/1959,כה תמוז תשיט
01/08/1959,כו תמוז תשיט
02/08/1959,כז תמוז תשיט
03/08/1959,כח תמוז תשיט
04/08/1959,כט תמוז תשיט
05/08/1959,א אב תשיט
06/08/1959,ב אב תשיט
07/08/1959,ג אב תשיט
08/08/1959,ד אב תשיט
09/08/1959,ה אב תשיט
10/08/1959,ו אב תשיט
11/08/1959,ז אב תשיט
12/08/1959,ח אב תשיט
13/08/1959,ט אב תשיט
14/08/1959,י אב תשיט
15/08/1959,יא אב תשיט
16/08/1959,יב אב תשיט
17/08/1959,יג אב תשיט
18/08/1959,יד אב תשיט
19/08/1959,טו אב תשיט
20/08/1959,טז אב תשיט
21/08/1959,יז אב תשיט
22/08/1959,יח אב תשיט
23/08/1959,יט אב תשיט
24/08/1959,כ אב תשיט
25/08/1959,כא אב תשיט
26/08/1959,כב אב תשיט
27/08/1959,כג אב תשיט
28/08/1959,כד אב תשיט
29/08/1959,כה אב תשיט
30/08/1959,כו אב תשיט
31/08/1959,כז אב תשיט
01/09/1959,כח אב תשיט
02/09/1959,כט אב תשיט
03/09/1959,ל אב תשיט
04/09/1959,א אלול תשיט
05/09/1959,ב אלול תשיט
06/09/1959,ג אלול תשיט
07/09/1959,ד אלול תשיט
08/09/1959,ה אלול תשיט
09/09/1959,ו אלול תשיט
10/09/1959,ז אלול תשיט
11/09/1959,ח אלול תשיט
12/09/1959,ט אלול תשיט
13/09/1959,י אלול תשיט
14/09/1959,יא אלול תשיט
15/09/1959,יב אלול תשיט
16/09/1959,יג אלול תשיט
17/09/1959,יד אלול תשיט
18/09/1959,טו אלול תשיט
19/09/1959,טז אלול תשיט
20/09/1959,יז אלול תשיט
21/09/1959,יח אלול תשיט
22/09/1959,יט אלול תשיט
23/09/1959,כ אלול תשיט
24/09/1959,כא אלול תשיט
25/09/1959,כב אלול תשיט
26/09/1959,כג אלול תשיט
27/09/1959,כד אלול תשיט
28/09/1959,כה אלול תשיט
29/09/1959,כו אלול תשיט
30/09/1959,כז אלול תשיט
01/10/1959,כח אלול תשיט
02/10/1959,כט אלול תשיט
03/10/1959,א תשרי תשכ
04/10/1959,ב תשרי תשכ
05/10/1959,ג תשרי תשכ
06/10/1959,ד תשרי תשכ
07/10/1959,ה תשרי תשכ
08/10/1959,ו תשרי תשכ
09/10/1959,ז תשרי תשכ
10/10/1959,ח תשרי תשכ
11/10/1959,ט תשרי תשכ
12/10/1959,י תשרי תשכ
13/10/1959,יא תשרי תשכ
14/10/1959,יב תשרי תשכ
15/10/1959,יג תשרי תשכ
16/10/1959,יד תשרי תשכ
17/10/1959,טו תשרי תשכ
18/10/1959,טז תשרי תשכ
19/10/1959,יז תשרי תשכ
20/10/1959,יח תשרי תשכ
21/10/1959,יט תשרי תשכ
22/10/1959,כ תשרי תשכ
23/10/1959,כא תשרי תשכ
24/10/1959,כב תשרי תשכ
25/10/1959,כג תשרי תשכ
26/10/1959,כד תשרי תשכ
27/10/1959,כה תשרי תשכ
28/10/1959,כו תשרי תשכ
29/10/1959,כז תשרי תשכ
30/10/1959,כח תשרי תשכ
31/10/1959,כט תשרי תשכ
01/11/1959,ל תשרי תשכ
02/11/1959,א חשון תשכ
03/11/1959,ב חשון תשכ
04/11/1959,ג חשון תשכ
05/11/1959,ד חשון תשכ
06/11/1959,ה חשון תשכ
07/11/1959,ו חשון תשכ
08/11/1959,ז חשון תשכ
09/11/1959,ח חשון תשכ
10/11/1959,ט חשון תשכ
11/11/1959,י חשון תשכ
12/11/1959,יא חשון תשכ
13/11/1959,יב חשון תשכ
14/11/1959,יג חשון תשכ
15/11/1959,יד חשון תשכ
16/11/1959,טו חשון תשכ
17/11/1959,טז חשון תשכ
18/11/1959,יז חשון תשכ
19/11/1959,יח חשון תשכ
20/11/1959,יט חשון תשכ
21/11/1959,כ חשון תשכ
22/11/1959,כא חשון תשכ
23/11/1959,כב חשון תשכ
24/11/1959,כג חשון תשכ
25/11/1959,כד חשון תשכ
26/11/1959,כה חשון תשכ
27/11/1959,כו חשון תשכ
28/11/1959,כז חשון תשכ
29/11/1959,כח חשון תשכ
30/11/1959,כט חשון תשכ
01/12/1959,ל חשון תשכ
02/12/1959,א כסלו תשכ
03/12/1959,ב כסלו תשכ
04/12/1959,ג כסלו תשכ
05/12/1959,ד כסלו תשכ
06/12/1959,ה כסלו תשכ
07/12/1959,ו כסלו תשכ
08/12/1959,ז כסלו תשכ
09/12/1959,ח כסלו תשכ
10/12/1959,ט כסלו תשכ
11/12/1959,י כסלו תשכ
12/12/1959,יא כסלו תשכ
13/12/1959,יב כסלו תשכ
14/12/1959,יג כסלו תשכ
15/12/1959,יד כסלו תשכ
16/12/1959,טו כסלו תשכ
17/12/1959,טז כסלו תשכ
18/12/1959,יז כסלו תשכ
19/12/1959,יח כסלו תשכ
20/12/1959,יט כסלו תשכ
21/12/1959,כ כסלו תשכ
22/12/1959,כא כסלו תשכ
23/12/1959,כב כסלו תשכ
24/12/1959,כג כסלו תשכ
25/12/1959,כד כסלו תשכ
26/12/1959,כה כסלו תשכ
27/12/1959,כו כסלו תשכ
28/12/1959,כז כסלו תשכ
29/12/1959,כח כסלו תשכ
30/12/1959,כט כסלו תשכ
31/12/1959,ל כסלו תשכ
01/01/1960,א טבת תשכ
02/01/1960,ב טבת תשכ
03/01/1960,ג טבת תשכ
04/01/1960,ד טבת תשכ
05/01/1960,ה טבת תשכ
06/01/1960,ו טבת תשכ
07/01/1960,ז טבת תשכ
08/01/1960,ח טבת תשכ
09/01/1960,ט טבת תשכ
10/01/1960,י טבת תשכ
11/01/1960,יא טבת תשכ
12/01/1960,יב טבת תשכ
13/01/1960,יג טבת תשכ
14/01/1960,יד טבת תשכ
15/01/1960,טו טבת תשכ
16/01/1960,טז טבת תשכ
17/01/1960,יז טבת תשכ
18/01/1960,יח טבת תשכ
19/01/1960,יט טבת תשכ
20/01/1960,כ טבת תשכ
21/01/1960,כא טבת תשכ
22/01/1960,כב טבת תשכ
23/01/1960,כג טבת תשכ
24/01/1960,כד טבת תשכ
25/01/1960,כה טבת תשכ
26/01/1960,כו טבת תשכ
27/01/1960,כז טבת תשכ
28/01/1960,כח טבת תשכ
29/01/1960,כט טבת תשכ
30/01/1960,א שבט תשכ
31/01/1960,ב שבט תשכ
01/02/1960,ג שבט תשכ
02/02/1960,ד שבט תשכ
03/02/1960,ה שבט תשכ
04/02/1960,ו שבט תשכ
05/02/1960,ז שבט תשכ
06/02/1960,ח שבט תשכ
07/02/1960,ט שבט תשכ
08/02/1960,י שבט תשכ
09/02/1960,יא שבט תשכ
10/02/1960,יב שבט תשכ
11/02/1960,יג שבט תשכ
12/02/1960,יד שבט תשכ
13/02/1960,טו שבט תשכ
14/02/1960,טז שבט תשכ
15/02/1960,יז שבט תשכ
16/02/1960,יח שבט תשכ
17/02/1960,יט שבט תשכ
18/02/1960,כ שבט תשכ
19/02/1960,כא שבט תשכ
20/02/1960,כב שבט תשכ
21/02/1960,כג שבט תשכ
22/02/1960,כד שבט תשכ
23/02/1960,כה שבט תשכ
24/02/1960,כו שבט תשכ
25/02/1960,כז שבט תשכ
26/02/1960,כח שבט תשכ
27/02/1960,כט שבט תשכ
28/02/1960,ל שבט תשכ
29/02/1960,א אדר תשכ
01/03/1960,ב אדר תשכ
02/03/1960,ג אדר תשכ
03/03/1960,ד אדר תשכ
04/03/1960,ה אדר תשכ
05/03/1960,ו אדר תשכ
06/03/1960,ז אדר תשכ
07/03/1960,ח אדר תשכ
08/03/1960,ט אדר תשכ
09/03/1960,י אדר תשכ
10/03/1960,יא אדר תשכ
11/03/1960,יב אדר תשכ
12/03/1960,יג אדר תשכ
13/03/1960,יד אדר תשכ
14/03/1960,טו אדר תשכ
15/03/1960,טז אדר תשכ
16/03/1960,יז אדר תשכ
17/03/1960,יח אדר תשכ
18/03/1960,יט אדר תשכ
19/03/1960,כ אדר תשכ
20/03/1960,כא אדר תשכ
21/03/1960,כב אדר תשכ
22/03/1960,כג אדר תשכ
23/03/1960,כד אדר תשכ
24/03/1960,כה אדר תשכ
25/03/1960,כו אדר תשכ
26/03/1960,כז אדר תשכ
27/03/1960,כח אדר תשכ
28/03/1960,כט אדר תשכ
29/03/1960,א ניסן תשכ
30/03/1960,ב ניסן תשכ
31/03/1960,ג ניסן תשכ
01/04/1960,ד ניסן תשכ
02/04/1960,ה ניסן תשכ
03/04/1960,ו ניסן תשכ
04/04/1960,ז ניסן תשכ
05/04/1960,ח ניסן תשכ
06/04/1960,ט ניסן תשכ
07/04/1960,י ניסן תשכ
08/04/1960,יא ניסן תשכ
09/04/1960,יב ניסן תשכ
10/04/1960,יג ניסן תשכ
11/04/1960,יד ניסן תשכ
12/04/1960,טו ניסן תשכ
13/04/1960,טז ניסן תשכ
14/04/1960,יז ניסן תשכ
15/04/1960,יח ניסן תשכ
16/04/1960,יט ניסן תשכ
17/04/1960,כ ניסן תשכ
18/04/1960,כא ניסן תשכ
19/04/1960,כב ניסן תשכ
20/04/1960,כג ניסן תשכ
21/04/1960,כד ניסן תשכ
22/04/1960,כה ניסן תשכ
23/04/1960,כו ניסן תשכ
24/04/1960,כז ניסן תשכ
25/04/1960,כח ניסן תשכ
26/04/1960,כט ניסן תשכ
27/04/1960,ל ניסן תשכ
28/04/1960,א אייר תשכ
29/04/1960,ב אייר תשכ
30/04/1960,ג אייר תשכ
01/05/1960,ד אייר תשכ
02/05/1960,ה אייר תשכ
03/05/1960,ו אייר תשכ
04/05/1960,ז אייר תשכ
05/05/1960,ח אייר תשכ
06/05/1960,ט אייר תשכ
07/05/1960,י אייר תשכ
08/05/1960,יא אייר תשכ
09/05/1960,יב אייר תשכ
10/05/1960,יג אייר תשכ
11/05/1960,יד אייר תשכ
12/05/1960,טו אייר תשכ
13/05/1960,טז אייר תשכ
14/05/1960,יז אייר תשכ
15/05/1960,יח אייר תשכ
16/05/1960,יט אייר תשכ
17/05/1960,כ אייר תשכ
18/05/1960,כא אייר תשכ
19/05/1960,כב אייר תשכ
20/05/1960,כג אייר תשכ
21/05/1960,כד אייר תשכ
22/05/1960,כה אייר תשכ
23/05/1960,כו אייר תשכ
24/05/1960,כז אייר תשכ
25/05/1960,כח אייר תשכ
26/05/1960,כט אייר תשכ
27/05/1960,א סיון תשכ
28/05/1960,ב סיון תשכ
29/05/1960,ג סיון תשכ
30/05/1960,ד סיון תשכ
31/05/1960,ה סיון תשכ
01/06/1960,ו סיון תשכ
02/06/1960,ז סיון תשכ
03/06/1960,ח סיון תשכ
04/06/1960,ט סיון תשכ
05/06/1960,י סיון תשכ
06/06/1960,יא סיון תשכ
07/06/1960,יב סיון תשכ
08/06/1960,יג סיון תשכ
09/06/1960,יד סיון תשכ
10/06/1960,טו סיון תשכ
11/06/1960,טז סיון תשכ
12/06/1960,יז סיון תשכ
13/06/1960,יח סיון תשכ
14/06/1960,יט סיון תשכ
15/06/1960,כ סיון תשכ
16/06/1960,כא סיון תשכ
17/06/1960,כב סיון תשכ
18/06/1960,כג סיון תשכ
19/06/1960,כד סיון תשכ
20/06/1960,כה סיון תשכ
21/06/1960,כו סיון תשכ
22/06/1960,כז סיון תשכ
23/06/1960,כח סיון תשכ
24/06/1960,כט סיון תשכ
25/06/1960,ל סיון תשכ
26/06/1960,א תמוז תשכ
27/06/1960,ב תמוז תשכ
28/06/1960,ג תמוז תשכ
29/06/1960,ד תמוז תשכ
30/06/1960,ה תמוז תשכ
01/07/1960,ו תמוז תשכ
02/07/1960,ז תמוז תשכ
03/07/1960,ח תמוז תשכ
04/07/1960,ט תמוז תשכ
05/07/1960,י תמוז תשכ
06/07/1960,יא תמוז תשכ
07/07/1960,יב תמוז תשכ
08/07/1960,יג תמוז תשכ
09/07/1960,יד תמוז תשכ
10/07/1960,טו תמוז תשכ
11/07/1960,טז תמוז תשכ
12/07/1960,יז תמוז תשכ
13/07/1960,יח תמוז תשכ
14/07/1960,יט תמוז תשכ
15/07/1960,כ תמוז תשכ
16/07/1960,כא תמוז תשכ
17/07/1960,כב תמוז תשכ
18/07/1960,כג תמוז תשכ
19/07/1960,כד תמוז תשכ
20/07/1960,כה תמוז תשכ
21/07/1960,כו תמוז תשכ
22/07/1960,כז תמוז תשכ
23/07/1960,כח תמוז תשכ
24/07/1960,כט תמוז תשכ
25/07/1960,א אב תשכ
26/07/1960,ב אב תשכ
27/07/1960,ג אב תשכ
28/07/1960,ד אב תשכ
29/07/1960,ה אב תשכ
30/07/1960,ו אב תשכ
31/07/1960,ז אב תשכ
01/08/1960,ח אב תשכ
02/08/1960,ט אב תשכ
03/08/1960,י אב תשכ
04/08/1960,יא אב תשכ
05/08/1960,יב אב תשכ
06/08/1960,יג אב תשכ
07/08/1960,יד אב תשכ
08/08/1960,טו אב תשכ
09/08/1960,טז אב תשכ
10/08/1960,יז אב תשכ
11/08/1960,יח אב תשכ
12/08/1960,יט אב תשכ
13/08/1960,כ אב תשכ
14/08/1960,כא אב תשכ
15/08/1960,כב אב תשכ
16/08/1960,כג אב תשכ
17/08/1960,כד אב תשכ
18/08/1960,כה אב תשכ
19/08/1960,כו אב תשכ
20/08/1960,כז אב תשכ
21/08/1960,כח אב תשכ
22/08/1960,כט אב תשכ
23/08/1960,ל אב תשכ
24/08/1960,א אלול תשכ
25/08/1960,ב אלול תשכ
26/08/1960,ג אלול תשכ
27/08/1960,ד אלול תשכ
28/08/1960,ה אלול תשכ
29/08/1960,ו אלול תשכ
30/08/1960,ז אלול תשכ
31/08/1960,ח אלול תשכ
01/09/1960,ט אלול תשכ
02/09/1960,י אלול תשכ
03/09/1960,יא אלול תשכ
04/09/1960,יב אלול תשכ
05/09/1960,יג אלול תשכ
06/09/1960,יד אלול תשכ
07/09/1960,טו אלול תשכ
08/09/1960,טז אלול תשכ
09/09/1960,יז אלול תשכ
10/09/1960,יח אלול תשכ
11/09/1960,יט אלול תשכ
12/09/1960,כ אלול תשכ
13/09/1960,כא אלול תשכ
14/09/1960,כב אלול תשכ
15/09/1960,כג אלול תשכ
16/09/1960,כד אלול תשכ
17/09/1960,כה אלול תשכ
18/09/1960,כו אלול תשכ
19/09/1960,כז אלול תשכ
20/09/1960,כח אלול תשכ
21/09/1960,כט אלול תשכ
22/09/1960,א תשרי תשכא
23/09/1960,ב תשרי תשכא
24/09/1960,ג תשרי תשכא
25/09/1960,ד תשרי תשכא
26/09/1960,ה תשרי תשכא
27/09/1960,ו תשרי תשכא
28/09/1960,ז תשרי תשכא
29/09/1960,ח תשרי תשכא
30/09/1960,ט תשרי תשכא
01/10/1960,י תשרי תשכא
02/10/1960,יא תשרי תשכא
03/10/1960,יב תשרי תשכא
04/10/1960,יג תשרי תשכא
05/10/1960,יד תשרי תשכא
06/10/1960,טו תשרי תשכא
07/10/1960,טז תשרי תשכא
08/10/1960,יז תשרי תשכא
09/10/1960,יח תשרי תשכא
10/10/1960,יט תשרי תשכא
11/10/1960,כ תשרי תשכא
12/10/1960,כא תשרי תשכא
13/10/1960,כב תשרי תשכא
14/10/1960,כג תשרי תשכא
15/10/1960,כד תשרי תשכא
16/10/1960,כה תשרי תשכא
17/10/1960,כו תשרי תשכא
18/10/1960,כז תשרי תשכא
19/10/1960,כח תשרי תשכא
20/10/1960,כט תשרי תשכא
21/10/1960,ל תשרי תשכא
22/10/1960,א חשון תשכא
23/10/1960,ב חשון תשכא
24/10/1960,ג חשון תשכא
25/10/1960,ד חשון תשכא
26/10/1960,ה חשון תשכא
27/10/1960,ו חשון תשכא
28/10/1960,ז חשון תשכא
29/10/1960,ח חשון תשכא
30/10/1960,ט חשון תשכא
31/10/1960,י חשון תשכא
01/11/1960,יא חשון תשכא
02/11/1960,יב חשון תשכא
03/11/1960,יג חשון תשכא
04/11/1960,יד חשון תשכא
05/11/1960,טו חשון תשכא
06/11/1960,טז חשון תשכא
07/11/1960,יז חשון תשכא
08/11/1960,יח חשון תשכא
09/11/1960,יט חשון תשכא
10/11/1960,כ חשון תשכא
11/11/1960,כא חשון תשכא
12/11/1960,כב חשון תשכא
13/11/1960,כג חשון תשכא
14/11/1960,כד חשון תשכא
15/11/1960,כה חשון תשכא
16/11/1960,כו חשון תשכא
17/11/1960,כז חשון תשכא
18/11/1960,כח חשון תשכא
19/11/1960,כט חשון תשכא
20/11/1960,א כסלו תשכא
21/11/1960,ב כסלו תשכא
22/11/1960,ג כסלו תשכא
23/11/1960,ד כסלו תשכא
24/11/1960,ה כסלו תשכא
25/11/1960,ו כסלו תשכא
26/11/1960,ז כסלו תשכא
27/11/1960,ח כסלו תשכא
28/11/1960,ט כסלו תשכא
29/11/1960,י כסלו תשכא
30/11/1960,יא כסלו תשכא
01/12/1960,יב כסלו תשכא
02/12/1960,יג כסלו תשכא
03/12/1960,יד כסלו תשכא
04/12/1960,טו כסלו תשכא
05/12/1960,טז כסלו תשכא
06/12/1960,יז כסלו תשכא
07/12/1960,יח כסלו תשכא
08/12/1960,יט כסלו תשכא
09/12/1960,כ כסלו תשכא
10/12/1960,כא כסלו תשכא
11/12/1960,כב כסלו תשכא
12/12/1960,כג כסלו תשכא
13/12/1960,כד כסלו תשכא
14/12/1960,כה כסלו תשכא
15/12/1960,כו כסלו תשכא
16/12/1960,כז כסלו תשכא
17/12/1960,כח כסלו תשכא
18/12/1960,כט כסלו תשכא
19/12/1960,ל כסלו תשכא
20/12/1960,א טבת תשכא
21/12/1960,ב טבת תשכא
22/12/1960,ג טבת תשכא
23/12/1960,ד טבת תשכא
24/12/1960,ה טבת תשכא
25/12/1960,ו טבת תשכא
26/12/1960,ז טבת תשכא
27/12/1960,ח טבת תשכא
28/12/1960,ט טבת תשכא
29/12/1960,י טבת תשכא
30/12/1960,יא טבת תשכא
31/12/1960,יב טבת תשכא
01/01/1961,יג טבת תשכא
02/01/1961,יד טבת תשכא
03/01/1961,טו טבת תשכא
04/01/1961,טז טבת תשכא
05/01/1961,יז טבת תשכא
06/01/1961,יח טבת תשכא
07/01/1961,יט טבת תשכא
08/01/1961,כ טבת תשכא
09/01/1961,כא טבת תשכא
10/01/1961,כב טבת תשכא
11/01/1961,כג טבת תשכא
12/01/1961,כד טבת תשכא
13/01/1961,כה טבת תשכא
14/01/1961,כו טבת תשכא
15/01/1961,כז טבת תשכא
16/01/1961,כח טבת תשכא
17/01/1961,כט טבת תשכא
18/01/1961,א שבט תשכא
19/01/1961,ב שבט תשכא
20/01/1961,ג שבט תשכא
21/01/1961,ד שבט תשכא
22/01/1961,ה שבט תשכא
23/01/1961,ו שבט תשכא
24/01/1961,ז שבט תשכא
25/01/1961,ח שבט תשכא
26/01/1961,ט שבט תשכא
27/01/1961,י שבט תשכא
28/01/1961,יא שבט תשכא
29/01/1961,יב שבט תשכא
30/01/1961,יג שבט תשכא
31/01/1961,יד שבט תשכא
01/02/1961,טו שבט תשכא
02/02/1961,טז שבט תשכא
03/02/1961,יז שבט תשכא
04/02/1961,יח שבט תשכא
05/02/1961,יט שבט תשכא
06/02/1961,כ שבט תשכא
07/02/1961,כא שבט תשכא
08/02/1961,כב שבט תשכא
09/02/1961,כג שבט תשכא
10/02/1961,כד שבט תשכא
11/02/1961,כה שבט תשכא
12/02/1961,כו שבט תשכא
13/02/1961,כז שבט תשכא
14/02/1961,כח שבט תשכא
15/02/1961,כט שבט תשכא
16/02/1961,ל שבט תשכא
17/02/1961,א אדר תשכא
18/02/1961,ב אדר תשכא
19/02/1961,ג אדר תשכא
20/02/1961,ד אדר תשכא
21/02/1961,ה אדר תשכא
22/02/1961,ו אדר תשכא
23/02/1961,ז אדר תשכא
24/02/1961,ח אדר תשכא
25/02/1961,ט אדר תשכא
26/02/1961,י אדר תשכא
27/02/1961,יא אדר תשכא
28/02/1961,יב אדר תשכא
01/03/1961,יג אדר תשכא
02/03/1961,יד אדר תשכא
03/03/1961,טו אדר תשכא
04/03/1961,טז אדר תשכא
05/03/1961,יז אדר תשכא
06/03/1961,יח אדר תשכא
07/03/1961,יט אדר תשכא
08/03/1961,כ אדר תשכא
09/03/1961,כא אדר תשכא
10/03/1961,כב אדר תשכא
11/03/1961,כג אדר תשכא
12/03/1961,כד אדר תשכא
13/03/1961,כה אדר תשכא
14/03/1961,כו אדר תשכא
15/03/1961,כז אדר תשכא
16/03/1961,כח אדר תשכא
17/03/1961,כט אדר תשכא
18/03/1961,א ניסן תשכא
19/03/1961,ב ניסן תשכא
20/03/1961,ג ניסן תשכא
21/03/1961,ד ניסן תשכא
22/03/1961,ה ניסן תשכא
23/03/1961,ו ניסן תשכא
24/03/1961,ז ניסן תשכא
25/03/1961,ח ניסן תשכא
26/03/1961,ט ניסן תשכא
27/03/1961,י ניסן תשכא
28/03/1961,יא ניסן תשכא
29/03/1961,יב ניסן תשכא
30/03/1961,יג ניסן תשכא
31/03/1961,יד ניסן תשכא
01/04/1961,טו ניסן תשכא
02/04/1961,טז ניסן תשכא
03/04/1961,יז ניסן תשכא
04/04/1961,יח ניסן תשכא
05/04/1961,יט ניסן תשכא
06/04/1961,כ ניסן תשכא
07/04/1961,כא ניסן תשכא
08/04/1961,כב ניסן תשכא
09/04/1961,כג ניסן תשכא
10/04/1961,כד ניסן תשכא
11/04/1961,כה ניסן תשכא
12/04/1961,כו ניסן תשכא
13/04/1961,כז ניסן תשכא
14/04/1961,כח ניסן תשכא
15/04/1961,כט ניסן תשכא
16/04/1961,ל ניסן תשכא
17/04/1961,א אייר תשכא
18/04/1961,ב אייר תשכא
19/04/1961,ג אייר תשכא
20/04/1961,ד אייר תשכא
21/04/1961,ה אייר תשכא
22/04/1961,ו אייר תשכא
23/04/1961,ז אייר תשכא
24/04/1961,ח אייר תשכא
25/04/1961,ט אייר תשכא
26/04/1961,י אייר תשכא
27/04/1961,יא אייר תשכא
28/04/1961,יב אייר תשכא
29/04/1961,יג אייר תשכא
30/04/1961,יד אייר תשכא
01/05/1961,טו אייר תשכא
02/05/1961,טז אייר תשכא
03/05/1961,יז אייר תשכא
04/05/1961,יח אייר תשכא
05/05/1961,יט אייר תשכא
06/05/1961,כ אייר תשכא
07/05/1961,כא אייר תשכא
08/05/1961,כב אייר תשכא
09/05/1961,כג אייר תשכא
10/05/1961,כד אייר תשכא
11/05/1961,כה אייר תשכא
12/05/1961,כו אייר תשכא
13/05/1961,כז אייר תשכא
14/05/1961,כח אייר תשכא
15/05/1961,כט אייר תשכא
16/05/1961,א סיון תשכא
17/05/1961,ב סיון תשכא
18/05/1961,ג סיון תשכא
19/05/1961,ד סיון תשכא
20/05/1961,ה סיון תשכא
21/05/1961,ו סיון תשכא
22/05/1961,ז סיון תשכא
23/05/1961,ח סיון תשכא
24/05/1961,ט סיון תשכא
25/05/1961,י סיון תשכא
26/05/1961,יא סיון תשכא
27/05/1961,יב סיון תשכא
28/05/1961,יג סיון תשכא
29/05/1961,יד סיון תשכא
30/05/1961,טו סיון תשכא
31/05/1961,טז סיון תשכא
01/06/1961,יז סיון תשכא
02/06/1961,יח סיון תשכא
03/06/1961,יט סיון תשכא
04/06/1961,כ סיון תשכא
05/06/1961,כא סיון תשכא
06/06/1961,כב סיון תשכא
07/06/1961,כג סיון תשכא
08/06/1961,כד סיון תשכא
09/06/1961,כה סיון תשכא
10/06/1961,כו סיון תשכא
11/06/1961,כז סיון תשכא
12/06/1961,כח סיון תשכא
13/06/1961,כט סיון תשכא
14/06/1961,ל סיון תשכא
15/06/1961,א תמוז תשכא
16/06/1961,ב תמוז תשכא
17/06/1961,ג תמוז תשכא
18/06/1961,ד תמוז תשכא
19/06/1961,ה תמוז תשכא
20/06/1961,ו תמוז תשכא
21/06/1961,ז תמוז תשכא
22/06/1961,ח תמוז תשכא
23/06/1961,ט תמוז תשכא
24/06/1961,י תמוז תשכא
25/06/1961,יא תמוז תשכא
26/06/1961,יב תמוז תשכא
27/06/1961,יג תמוז תשכא
28/06/1961,יד תמוז תשכא
29/06/1961,טו תמוז תשכא
30/06/1961,טז תמוז תשכא
01/07/1961,יז תמוז תשכא
02/07/1961,יח תמוז תשכא
03/07/1961,יט תמוז תשכא
04/07/1961,כ תמוז תשכא
05/07/1961,כא תמוז תשכא
06/07/1961,כב תמוז תשכא
07/07/1961,כג תמוז תשכא
08/07/1961,כד תמוז תשכא
09/07/1961,כה תמוז תשכא
10/07/1961,כו תמוז תשכא
11/07/1961,כז תמוז תשכא
12/07/1961,כח תמוז תשכא
13/07/1961,כט תמוז תשכא
14/07/1961,א אב תשכא
15/07/1961,ב אב תשכא
16/07/1961,ג אב תשכא
17/07/1961,ד אב תשכא
18/07/1961,ה אב תשכא
19/07/1961,ו אב תשכא
20/07/1961,ז אב תשכא
21/07/1961,ח אב תשכא
22/07/1961,ט אב תשכא
23/07/1961,י אב תשכא
24/07/1961,יא אב תשכא
25/07/1961,יב אב תשכא
26/07/1961,יג אב תשכא
27/07/1961,יד אב תשכא
28/07/1961,טו אב תשכא
29/07/1961,טז אב תשכא
30/07/1961,יז אב תשכא
31/07/1961,יח אב תשכא
01/08/1961,יט אב תשכא
02/08/1961,כ אב תשכא
03/08/1961,כא אב תשכא
04/08/1961,כב אב תשכא
05/08/1961,כג אב תשכא
06/08/1961,כד אב תשכא
07/08/1961,כה אב תשכא
08/08/1961,כו אב תשכא
09/08/1961,כז אב תשכא
10/08/1961,כח אב תשכא
11/08/1961,כט אב תשכא
12/08/1961,ל אב תשכא
13/08/1961,א אלול תשכא
14/08/1961,ב אלול תשכא
15/08/1961,ג אלול תשכא
16/08/1961,ד אלול תשכא
17/08/1961,ה אלול תשכא
18/08/1961,ו אלול תשכא
19/08/1961,ז אלול תשכא
20/08/1961,ח אלול תשכא
21/08/1961,ט אלול תשכא
22/08/1961,י אלול תשכא
23/08/1961,יא אלול תשכא
24/08/1961,יב אלול תשכא
25/08/1961,יג אלול תשכא
26/08/1961,יד אלול תשכא
27/08/1961,טו אלול תשכא
28/08/1961,טז אלול תשכא
29/08/1961,יז אלול תשכא
30/08/1961,יח אלול תשכא
31/08/1961,יט אלול תשכא
01/09/1961,כ אלול תשכא
02/09/1961,כא אלול תשכא
03/09/1961,כב אלול תשכא
04/09/1961,כג אלול תשכא
05/09/1961,כד אלול תשכא
06/09/1961,כה אלול תשכא
07/09/1961,כו אלול תשכא
08/09/1961,כז אלול תשכא
09/09/1961,כח אלול תשכא
10/09/1961,כט אלול תשכא
11/09/1961,א תשרי תשכב
12/09/1961,ב תשרי תשכב
13/09/1961,ג תשרי תשכב
14/09/1961,ד תשרי תשכב
15/09/1961,ה תשרי תשכב
16/09/1961,ו תשרי תשכב
17/09/1961,ז תשרי תשכב
18/09/1961,ח תשרי תשכב
19/09/1961,ט תשרי תשכב
20/09/1961,י תשרי תשכב
21/09/1961,יא תשרי תשכב
22/09/1961,יב תשרי תשכב
23/09/1961,יג תשרי תשכב
24/09/1961,יד תשרי תשכב
25/09/1961,טו תשרי תשכב
26/09/1961,טז תשרי תשכב
27/09/1961,יז תשרי תשכב
28/09/1961,יח תשרי תשכב
29/09/1961,יט תשרי תשכב
30/09/1961,כ תשרי תשכב
01/10/1961,כא תשרי תשכב
02/10/1961,כב תשרי תשכב
03/10/1961,כג תשרי תשכב
04/10/1961,כד תשרי תשכב
05/10/1961,כה תשרי תשכב
06/10/1961,כו תשרי תשכב
07/10/1961,כז תשרי תשכב
08/10/1961,כח תשרי תשכב
09/10/1961,כט תשרי תשכב
10/10/1961,ל תשרי תשכב
11/10/1961,א חשון תשכב
12/10/1961,ב חשון תשכב
13/10/1961,ג חשון תשכב
14/10/1961,ד חשון תשכב
15/10/1961,ה חשון תשכב
16/10/1961,ו חשון תשכב
17/10/1961,ז חשון תשכב
18/10/1961,ח חשון תשכב
19/10/1961,ט חשון תשכב
20/10/1961,י חשון תשכב
21/10/1961,יא חשון תשכב
22/10/1961,יב חשון תשכב
23/10/1961,יג חשון תשכב
24/10/1961,יד חשון תשכב
25/10/1961,טו חשון תשכב
26/10/1961,טז חשון תשכב
27/10/1961,יז חשון תשכב
28/10/1961,יח חשון תשכב
29/10/1961,יט חשון תשכב
30/10/1961,כ חשון תשכב
31/10/1961,כא חשון תשכב
01/11/1961,כב חשון תשכב
02/11/1961,כג חשון תשכב
03/11/1961,כד חשון תשכב
04/11/1961,כה חשון תשכב
05/11/1961,כו חשון תשכב
06/11/1961,כז חשון תשכב
07/11/1961,כח חשון תשכב
08/11/1961,כט חשון תשכב
09/11/1961,א כסלו תשכב
10/11/1961,ב כסלו תשכב
11/11/1961,ג כסלו תשכב
12/11/1961,ד כסלו תשכב
13/11/1961,ה כסלו תשכב
14/11/1961,ו כסלו תשכב
15/11/1961,ז כסלו תשכב
16/11/1961,ח כסלו תשכב
17/11/1961,ט כסלו תשכב
18/11/1961,י כסלו תשכב
19/11/1961,יא כסלו תשכב
20/11/1961,יב כסלו תשכב
21/11/1961,יג כסלו תשכב
22/11/1961,יד כסלו תשכב
23/11/1961,טו כסלו תשכב
24/11/1961,טז כסלו תשכב
25/11/1961,יז כסלו תשכב
26/11/1961,יח כסלו תשכב
27/11/1961,יט כסלו תשכב
28/11/1961,כ כסלו תשכב
29/11/1961,כא כסלו תשכב
30/11/1961,כב כסלו תשכב
01/12/1961,כג כסלו תשכב
02/12/1961,כד כסלו תשכב
03/12/1961,כה כסלו תשכב
04/12/1961,כו כסלו תשכב
05/12/1961,כז כסלו תשכב
06/12/1961,כח כסלו תשכב
07/12/1961,כט כסלו תשכב
08/12/1961,א טבת תשכב
09/12/1961,ב טבת תשכב
10/12/1961,ג טבת תשכב
11/12/1961,ד טבת תשכב
12/12/1961,ה טבת תשכב
13/12/1961,ו טבת תשכב
14/12/1961,ז טבת תשכב
15/12/1961,ח טבת תשכב
16/12/1961,ט טבת תשכב
17/12/1961,י טבת תשכב
18/12/1961,יא טבת תשכב
19/12/1961,יב טבת תשכב
20/12/1961,יג טבת תשכב
21/12/1961,יד טבת תשכב
22/12/1961,טו טבת תשכב
23/12/1961,טז טבת תשכב
24/12/1961,יז טבת תשכב
25/12/1961,יח טבת תשכב
26/12/1961,יט טבת תשכב
27/12/1961,כ טבת תשכב
28/12/1961,כא טבת תשכב
29/12/1961,כב טבת תשכב
30/12/1961,כג טבת תשכב
31/12/1961,כד טבת תשכב
01/01/1962,כה טבת תשכב
02/01/1962,כו טבת תשכב
03/01/1962,כז טבת תשכב
04/01/1962,כח טבת תשכב
05/01/1962,כט טבת תשכב
06/01/1962,א שבט תשכב
07/01/1962,ב שבט תשכב
08/01/1962,ג שבט תשכב
09/01/1962,ד שבט תשכב
10/01/1962,ה שבט תשכב
11/01/1962,ו שבט תשכב
12/01/1962,ז שבט תשכב
13/01/1962,ח שבט תשכב
14/01/1962,ט שבט תשכב
15/01/1962,י שבט תשכב
16/01/1962,יא שבט תשכב
17/01/1962,יב שבט תשכב
18/01/1962,יג שבט תשכב
19/01/1962,יד שבט תשכב
20/01/1962,טו שבט תשכב
21/01/1962,טז שבט תשכב
22/01/1962,יז שבט תשכב
23/01/1962,יח שבט תשכב
24/01/1962,יט שבט תשכב
25/01/1962,כ שבט תשכב
26/01/1962,כא שבט תשכב
27/01/1962,כב שבט תשכב
28/01/1962,כג שבט תשכב
29/01/1962,כד שבט תשכב
30/01/1962,כה שבט תשכב
31/01/1962,כו שבט תשכב
01/02/1962,כז שבט תשכב
02/02/1962,כח שבט תשכב
03/02/1962,כט שבט תשכב
04/02/1962,ל שבט תשכב
05/02/1962,א אדר-א תשכב
06/02/1962,ב אדר-א תשכב
07/02/1962,ג אדר-א תשכב
08/02/1962,ד אדר-א תשכב
09/02/1962,ה אדר-א תשכב
10/02/1962,ו אדר-א תשכב
11/02/1962,ז אדר-א תשכב
12/02/1962,ח אדר-א תשכב
13/02/1962,ט אדר-א תשכב
14/02/1962,י אדר-א תשכב
15/02/1962,יא אדר-א תשכב
16/02/1962,יב אדר-א תשכב
17/02/1962,יג אדר-א תשכב
18/02/1962,יד אדר-א תשכב
19/02/1962,טו אדר-א תשכב
20/02/1962,טז אדר-א תשכב
21/02/1962,יז אדר-א תשכב
22/02/1962,יח אדר-א תשכב
23/02/1962,יט אדר-א תשכב
24/02/1962,כ אדר-א תשכב
25/02/1962,כא אדר-א תשכב
26/02/1962,כב אדר-א תשכב
27/02/1962,כג אדר-א תשכב
28/02/1962,כד אדר-א תשכב
01/03/1962,כה אדר-א תשכב
02/03/1962,כו אדר-א תשכב
03/03/1962,כז אדר-א תשכב
04/03/1962,כח אדר-א תשכב
05/03/1962,כט אדר-א תשכב
06/03/1962,ל אדר-א תשכב
07/03/1962,א אדר-ב תשכב
08/03/1962,ב אדר-ב תשכב
09/03/1962,ג אדר-ב תשכב
10/03/1962,ד אדר-ב תשכב
11/03/1962,ה אדר-ב תשכב
12/03/1962,ו אדר-ב תשכב
13/03/1962,ז אדר-ב תשכב
14/03/1962,ח אדר-ב תשכב
15/03/1962,ט אדר-ב תשכב
16/03/1962,י אדר-ב תשכב
17/03/1962,יא אדר-ב תשכב
18/03/1962,יב אדר-ב תשכב
19/03/1962,יג אדר-ב תשכב
20/03/1962,יד אדר-ב תשכב
21/03/1962,טו אדר-ב תשכב
22/03/1962,טז אדר-ב תשכב
23/03/1962,יז אדר-ב תשכב
24/03/1962,יח אדר-ב תשכב
25/03/1962,יט אדר-ב תשכב
26/03/1962,כ אדר-ב תשכב
27/03/1962,כא אדר-ב תשכב
28/03/1962,כב אדר-ב תשכב
29/03/1962,כג אדר-ב תשכב
30/03/1962,כד אדר-ב תשכב
31/03/1962,כה אדר-ב תשכב
01/04/1962,כו אדר-ב תשכב
02/04/1962,כז אדר-ב תשכב
03/04/1962,כח אדר-ב תשכב
04/04/1962,כט אדר-ב תשכב
05/04/1962,א ניסן תשכב
06/04/1962,ב ניסן תשכב
07/04/1962,ג ניסן תשכב
08/04/1962,ד ניסן תשכב
09/04/1962,ה ניסן תשכב
10/04/1962,ו ניסן תשכב
11/04/1962,ז ניסן תשכב
12/04/1962,ח ניסן תשכב
13/04/1962,ט ניסן תשכב
14/04/1962,י ניסן תשכב
15/04/1962,יא ניסן תשכב
16/04/1962,יב ניסן תשכב
17/04/1962,יג ניסן תשכב
18/04/1962,יד ניסן תשכב
19/04/1962,טו ניסן תשכב
20/04/1962,טז ניסן תשכב
21/04/1962,יז ניסן תשכב
22/04/1962,יח ניסן תשכב
23/04/1962,יט ניסן תשכב
24/04/1962,כ ניסן תשכב
25/04/1962,כא ניסן תשכב
26/04/1962,כב ניסן תשכב
27/04/1962,כג ניסן תשכב
28/04/1962,כד ניסן תשכב
29/04/1962,כה ניסן תשכב
30/04/1962,כו ניסן תשכב
01/05/1962,כז ניסן תשכב
02/05/1962,כח ניסן תשכב
03/05/1962,כט ניסן תשכב
04/05/1962,ל ניסן תשכב
05/05/1962,א אייר תשכב
06/05/1962,ב אייר תשכב
07/05/1962,ג אייר תשכב
08/05/1962,ד אייר תשכב
09/05/1962,ה אייר תשכב
10/05/1962,ו אייר תשכב
11/05/1962,ז אייר תשכב
12/05/1962,ח אייר תשכב
13/05/1962,ט אייר תשכב
14/05/1962,י אייר תשכב
15/05/1962,יא אייר תשכב
16/05/1962,יב אייר תשכב
17/05/1962,יג אייר תשכב
18/05/1962,יד אייר תשכב
19/05/1962,טו אייר תשכב
20/05/1962,טז אייר תשכב
21/05/1962,יז אייר תשכב
22/05/1962,יח אייר תשכב
23/05/1962,יט אייר תשכב
24/05/1962,כ אייר תשכב
25/05/1962,כא אייר תשכב
26/05/1962,כב אייר תשכב
27/05/1962,כג אייר תשכב
28/05/1962,כד אייר תשכב
29/05/1962,כה אייר תשכב
30/05/1962,כו אייר תשכב
31/05/1962,כז אייר תשכב
01/06/1962,כח אייר תשכב
02/06/1962,כט אייר תשכב
03/06/1962,א סיון תשכב
04/06/1962,ב סיון תשכב
05/06/1962,ג סיון תשכב
06/06/1962,ד סיון תשכב
07/06/1962,ה סיון תשכב
08/06/1962,ו סיון תשכב
09/06/1962,ז סיון תשכב
10/06/1962,ח סיון תשכב
11/06/1962,ט סיון תשכב
12/06/1962,י סיון תשכב
13/06/1962,יא סיון תשכב
14/06/1962,יב סיון תשכב
15/06/1962,יג סיון תשכב
16/06/1962,יד סיון תשכב
17/06/1962,טו סיון תשכב
18/06/1962,טז סיון תשכב
19/06/1962,יז סיון תשכב
20/06/1962,יח סיון תשכב
21/06/1962,יט סיון תשכב
22/06/1962,כ סיון תשכב
23/06/1962,כא סיון תשכב
24/06/1962,כב סיון תשכב
25/06/1962,כג סיון תשכב
26/06/1962,כד סיון תשכב
27/06/1962,כה סיון תשכב
28/06/1962,כו סיון תשכב
29/06/1962,כז סיון תשכב
30/06/1962,כח סיון תשכב
01/07/1962,כט סיון תשכב
02/07/1962,ל סיון תשכב
03/07/1962,א תמוז תשכב
04/07/1962,ב תמוז תשכב
05/07/1962,ג תמוז תשכב
06/07/1962,ד תמוז תשכב
07/07/1962,ה תמוז תשכב
08/07/1962,ו תמוז תשכב
09/07/1962,ז תמוז תשכב
10/07/1962,ח תמוז תשכב
11/07/1962,ט תמוז תשכב
12/07/1962,י תמוז תשכב
13/07/1962,יא תמוז תשכב
14/07/1962,יב תמוז תשכב
15/07/1962,יג תמוז תשכב
16/07/1962,יד תמוז תשכב
17/07/1962,טו תמוז תשכב
18/07/1962,טז תמוז תשכב
19/07/1962,יז תמוז תשכב
20/07/1962,יח תמוז תשכב
21/07/1962,יט תמוז תשכב
22/07/1962,כ תמוז תשכב
23/07/1962,כא תמוז תשכב
24/07/1962,כב תמוז תשכב
25/07/1962,כג תמוז תשכב
26/07/1962,כד תמוז תשכב
27/07/1962,כה תמוז תשכב
28/07/1962,כו תמוז תשכב
29/07/1962,כז תמוז תשכב
30/07/1962,כח תמוז תשכב
31/07/1962,כט תמוז תשכב
01/08/1962,א אב תשכב
02/08/1962,ב אב תשכב
03/08/1962,ג אב תשכב
04/08/1962,ד אב תשכב
05/08/1962,ה אב תשכב
06/08/1962,ו אב תשכב
07/08/1962,ז אב תשכב
08/08/1962,ח אב תשכב
09/08/1962,ט אב תשכב
10/08/1962,י אב תשכב
11/08/1962,יא אב תשכב
12/08/1962,יב אב תשכב
13/08/1962,יג אב תשכב
14/08/1962,יד אב תשכב
15/08/1962,טו אב תשכב
16/08/1962,טז אב תשכב
17/08/1962,יז אב תשכב
18/08/1962,יח אב תשכב
19/08/1962,יט אב תשכב
20/08/1962,כ אב תשכב
21/08/1962,כא אב תשכב
22/08/1962,כב אב תשכב
23/08/1962,כג אב תשכב
24/08/1962,כד אב תשכב
25/08/1962,כה אב תשכב
26/08/1962,כו אב תשכב
27/08/1962,כז אב תשכב
28/08/1962,כח אב תשכב
29/08/1962,כט אב תשכב
30/08/1962,ל אב תשכב
31/08/1962,א אלול תשכב
01/09/1962,ב אלול תשכב
02/09/1962,ג אלול תשכב
03/09/1962,ד אלול תשכב
04/09/1962,ה אלול תשכב
05/09/1962,ו אלול תשכב
06/09/1962,ז אלול תשכב
07/09/1962,ח אלול תשכב
08/09/1962,ט אלול תשכב
09/09/1962,י אלול תשכב
10/09/1962,יא אלול תשכב
11/09/1962,יב אלול תשכב
12/09/1962,יג אלול תשכב
13/09/1962,יד אלול תשכב
14/09/1962,טו אלול תשכב
15/09/1962,טז אלול תשכב
16/09/1962,יז אלול תשכב
17/09/1962,יח אלול תשכב
18/09/1962,יט אלול תשכב
19/09/1962,כ אלול תשכב
20/09/1962,כא אלול תשכב
21/09/1962,כב אלול תשכב
22/09/1962,כג אלול תשכב
23/09/1962,כד אלול תשכב
24/09/1962,כה אלול תשכב
25/09/1962,כו אלול תשכב
26/09/1962,כז אלול תשכב
27/09/1962,כח אלול תשכב
28/09/1962,כט אלול תשכב
29/09/1962,א תשרי תשכג
30/09/1962,ב תשרי תשכג
01/10/1962,ג תשרי תשכג
02/10/1962,ד תשרי תשכג
03/10/1962,ה תשרי תשכג
04/10/1962,ו תשרי תשכג
05/10/1962,ז תשרי תשכג
06/10/1962,ח תשרי תשכג
07/10/1962,ט תשרי תשכג
08/10/1962,י תשרי תשכג
09/10/1962,יא תשרי תשכג
10/10/1962,יב תשרי תשכג
11/10/1962,יג תשרי תשכג
12/10/1962,יד תשרי תשכג
13/10/1962,טו תשרי תשכג
14/10/1962,טז תשרי תשכג
15/10/1962,יז תשרי תשכג
16/10/1962,יח תשרי תשכג
17/10/1962,יט תשרי תשכג
18/10/1962,כ תשרי תשכג
19/10/1962,כא תשרי תשכג
20/10/1962,כב תשרי תשכג
21/10/1962,כג תשרי תשכג
22/10/1962,כד תשרי תשכג
23/10/1962,כה תשרי תשכג
24/10/1962,כו תשרי תשכג
25/10/1962,כז תשרי תשכג
26/10/1962,כח תשרי תשכג
27/10/1962,כט תשרי תשכג
28/10/1962,ל תשרי תשכג
29/10/1962,א חשון תשכג
30/10/1962,ב חשון תשכג
31/10/1962,ג חשון תשכג
01/11/1962,ד חשון תשכג
02/11/1962,ה חשון תשכג
03/11/1962,ו חשון תשכג
04/11/1962,ז חשון תשכג
05/11/1962,ח חשון תשכג
06/11/1962,ט חשון תשכג
07/11/1962,י חשון תשכג
08/11/1962,יא חשון תשכג
09/11/1962,יב חשון תשכג
10/11/1962,יג חשון תשכג
11/11/1962,יד חשון תשכג
12/11/1962,טו חשון תשכג
13/11/1962,טז חשון תשכג
14/11/1962,יז חשון תשכג
15/11/1962,יח חשון תשכג
16/11/1962,יט חשון תשכג
17/11/1962,כ חשון תשכג
18/11/1962,כא חשון תשכג
19/11/1962,כב חשון תשכג
20/11/1962,כג חשון תשכג
21/11/1962,כד חשון תשכג
22/11/1962,כה חשון תשכג
23/11/1962,כו חשון תשכג
24/11/1962,כז חשון תשכג
25/11/1962,כח חשון תשכג
26/11/1962,כט חשון תשכג
27/11/1962,ל חשון תשכג
28/11/1962,א כסלו תשכג
29/11/1962,ב כסלו תשכג
30/11/1962,ג כסלו תשכג
01/12/1962,ד כסלו תשכג
02/12/1962,ה כסלו תשכג
03/12/1962,ו כסלו תשכג
04/12/1962,ז כסלו תשכג
05/12/1962,ח כסלו תשכג
06/12/1962,ט כסלו תשכג
07/12/1962,י כסלו תשכג
08/12/1962,יא כסלו תשכג
09/12/1962,יב כסלו תשכג
10/12/1962,יג כסלו תשכג
11/12/1962,יד כסלו תשכג
12/12/1962,טו כסלו תשכג
13/12/1962,טז כסלו תשכג
14/12/1962,יז כסלו תשכג
15/12/1962,יח כסלו תשכג
16/12/1962,יט כסלו תשכג
17/12/1962,כ כסלו תשכג
18/12/1962,כא כסלו תשכג
19/12/1962,כב כסלו תשכג
20/12/1962,כג כסלו תשכג
21/12/1962,כד כסלו תשכג
22/12/1962,כה כסלו תשכג
23/12/1962,כו כסלו תשכג
24/12/1962,כז כסלו תשכג
25/12/1962,כח כסלו תשכג
26/12/1962,כט כסלו תשכג
27/12/1962,ל כסלו תשכג
28/12/1962,א טבת תשכג
29/12/1962,ב טבת תשכג
30/12/1962,ג טבת תשכג
31/12/1962,ד טבת תשכג
01/01/1963,ה טבת תשכג
02/01/1963,ו טבת תשכג
03/01/1963,ז טבת תשכג
04/01/1963,ח טבת תשכג
05/01/1963,ט טבת תשכג
06/01/1963,י טבת תשכג
07/01/1963,יא טבת תשכג
08/01/1963,יב טבת תשכג
09/01/1963,יג טבת תשכג
10/01/1963,יד טבת תשכג
11/01/1963,טו טבת תשכג
12/01/1963,טז טבת תשכג
13/01/1963,יז טבת תשכג
14/01/1963,יח טבת תשכג
15/01/1963,יט טבת תשכג
16/01/1963,כ טבת תשכג
17/01/1963,כא טבת תשכג
18/01/1963,כב טבת תשכג
19/01/1963,כג טבת תשכג
20/01/1963,כד טבת תשכג
21/01/1963,כה טבת תשכג
22/01/1963,כו טבת תשכג
23/01/1963,כז טבת תשכג
24/01/1963,כח טבת תשכג
25/01/1963,כט טבת תשכג
26/01/1963,א שבט תשכג
27/01/1963,ב שבט תשכג
28/01/1963,ג שבט תשכג
29/01/1963,ד שבט תשכג
30/01/1963,ה שבט תשכג
31/01/1963,ו שבט תשכג
01/02/1963,ז שבט תשכג
02/02/1963,ח שבט תשכג
03/02/1963,ט שבט תשכג
04/02/1963,י שבט תשכג
05/02/1963,יא שבט תשכג
06/02/1963,יב שבט תשכג
07/02/1963,יג שבט תשכג
08/02/1963,יד שבט תשכג
09/02/1963,טו שבט תשכג
10/02/1963,טז שבט תשכג
11/02/1963,יז שבט תשכג
12/02/1963,יח שבט תשכג
13/02/1963,יט שבט תשכג
14/02/1963,כ שבט תשכג
15/02/1963,כא שבט תשכג
16/02/1963,כב שבט תשכג
17/02/1963,כג שבט תשכג
18/02/1963,כד שבט תשכג
19/02/1963,כה שבט תשכג
20/02/1963,כו שבט תשכג
21/02/1963,כז שבט תשכג
22/02/1963,כח שבט תשכג
23/02/1963,כט שבט תשכג
24/02/1963,ל שבט תשכג
25/02/1963,א אדר תשכג
26/02/1963,ב אדר תשכג
27/02/1963,ג אדר תשכג
28/02/1963,ד אדר תשכג
01/03/1963,ה אדר תשכג
02/03/1963,ו אדר תשכג
03/03/1963,ז אדר תשכג
04/03/1963,ח אדר תשכג
05/03/1963,ט אדר תשכג
06/03/1963,י אדר תשכג
07/03/1963,יא אדר תשכג
08/03/1963,יב אדר תשכג
09/03/1963,יג אדר תשכג
10/03/1963,יד אדר תשכג
11/03/1963,טו אדר תשכג
12/03/1963,טז אדר תשכג
13/03/1963,יז אדר תשכג
14/03/1963,יח אדר תשכג
15/03/1963,יט אדר תשכג
16/03/1963,כ אדר תשכג
17/03/1963,כא אדר תשכג
18/03/1963,כב אדר תשכג
19/03/1963,כג אדר תשכג
20/03/1963,כד אדר תשכג
21/03/1963,כה אדר תשכג
22/03/1963,כו אדר תשכג
23/03/1963,כז אדר תשכג
24/03/1963,כח אדר תשכג
25/03/1963,כט אדר תשכג
26/03/1963,א ניסן תשכג
27/03/1963,ב ניסן תשכג
28/03/1963,ג ניסן תשכג
29/03/1963,ד ניסן תשכג
30/03/1963,ה ניסן תשכג
31/03/1963,ו ניסן תשכג
01/04/1963,ז ניסן תשכג
02/04/1963,ח ניסן תשכג
03/04/1963,ט ניסן תשכג
04/04/1963,י ניסן תשכג
05/04/1963,יא ניסן תשכג
06/04/1963,יב ניסן תשכג
07/04/1963,יג ניסן תשכג
08/04/1963,יד ניסן תשכג
09/04/1963,טו ניסן תשכג
10/04/1963,טז ניסן תשכג
11/04/1963,יז ניסן תשכג
12/04/1963,יח ניסן תשכג
13/04/1963,יט ניסן תשכג
14/04/1963,כ ניסן תשכג
15/04/1963,כא ניסן תשכג
16/04/1963,כב ניסן תשכג
17/04/1963,כג ניסן תשכג
18/04/1963,כד ניסן תשכג
19/04/1963,כה ניסן תשכג
20/04/1963,כו ניסן תשכג
21/04/1963,כז ניסן תשכג
22/04/1963,כח ניסן תשכג
23/04/1963,כט ניסן תשכג
24/04/1963,ל ניסן תשכג
25/04/1963,א אייר תשכג
26/04/1963,ב אייר תשכג
27/04/1963,ג אייר תשכג
28/04/1963,ד אייר תשכג
29/04/1963,ה אייר תשכג
30/04/1963,ו אייר תשכג
01/05/1963,ז אייר תשכג
02/05/1963,ח אייר תשכג
03/05/1963,ט אייר תשכג
04/05/1963,י אייר תשכג
05/05/1963,יא אייר תשכג
06/05/1963,יב אייר תשכג
07/05/1963,יג אייר תשכג
08/05/1963,יד אייר תשכג
09/05/1963,טו אייר תשכג
10/05/1963,טז אייר תשכג
11/05/1963,יז אייר תשכג
12/05/1963,יח אייר תשכג
13/05/1963,יט אייר תשכג
14/05/1963,כ אייר תשכג
15/05/1963,כא אייר תשכג
16/05/1963,כב אייר תשכג
17/05/1963,כג אייר תשכג
18/05/1963,כד אייר תשכג
19/05/1963,כה אייר תשכג
20/05/1963,כו אייר תשכג
21/05/1963,כז אייר תשכג
22/05/1963,כח אייר תשכג
23/05/1963,כט אייר תשכג
24/05/1963,א סיון תשכג
25/05/1963,ב סיון תשכג
26/05/1963,ג סיון תשכג
27/05/1963,ד סיון תשכג
28/05/1963,ה סיון תשכג
29/05/1963,ו סיון תשכג
30/05/1963,ז סיון תשכג
31/05/1963,ח סיון תשכג
01/06/1963,ט סיון תשכג
02/06/1963,י סיון תשכג
03/06/1963,יא סיון תשכג
04/06/1963,יב סיון תשכג
05/06/1963,יג סיון תשכג
06/06/1963,יד סיון תשכג
07/06/1963,טו סיון תשכג
08/06/1963,טז סיון תשכג
09/06/1963,יז סיון תשכג
10/06/1963,יח סיון תשכג
11/06/1963,יט סיון תשכג
12/06/1963,כ סיון תשכג
13/06/1963,כא סיון תשכג
14/06/1963,כב סיון תשכג
15/06/1963,כג סיון תשכג
16/06/1963,כד סיון תשכג
17/06/1963,כה סיון תשכג
18/06/1963,כו סיון תשכג
19/06/1963,כז סיון תשכג
20/06/1963,כח סיון תשכג
21/06/1963,כט סיון תשכג
22/06/1963,ל סיון תשכג
23/06/1963,א תמוז תשכג
24/06/1963,ב תמוז תשכג
25/06/1963,ג תמוז תשכג
26/06/1963,ד תמוז תשכג
27/06/1963,ה תמוז תשכג
28/06/1963,ו תמוז תשכג
29/06/1963,ז תמוז תשכג
30/06/1963,ח תמוז תשכג
01/07/1963,ט תמוז תשכג
02/07/1963,י תמוז תשכג
03/07/1963,יא תמוז תשכג
04/07/1963,יב תמוז תשכג
05/07/1963,יג תמוז תשכג
06/07/1963,יד תמוז תשכג
07/07/1963,טו תמוז תשכג
08/07/1963,טז תמוז תשכג
09/07/1963,יז תמוז תשכג
10/07/1963,יח תמוז תשכג
11/07/1963,יט תמוז תשכג
12/07/1963,כ תמוז תשכג
13/07/1963,כא תמוז תשכג
14/07/1963,כב תמוז תשכג
15/07/1963,כג תמוז תשכג
16/07/1963,כד תמוז תשכג
17/07/1963,כה תמוז תשכג
18/07/1963,כו תמוז תשכג
19/07/1963,כז תמוז תשכג
20/07/1963,כח תמוז תשכג
21/07/1963,כט תמוז תשכג
22/07/1963,א אב תשכג
23/07/1963,ב אב תשכג
24/07/1963,ג אב תשכג
25/07/1963,ד אב תשכג
26/07/1963,ה אב תשכג
27/07/1963,ו אב תשכג
28/07/1963,ז אב תשכג
29/07/1963,ח אב תשכג
30/07/1963,ט אב תשכג
31/07/1963,י אב תשכג
01/08/1963,יא אב תשכג
02/08/1963,יב אב תשכג
03/08/1963,יג אב תשכג
04/08/1963,יד אב תשכג
05/08/1963,טו אב תשכג
06/08/1963,טז אב תשכג
07/08/1963,יז אב תשכג
08/08/1963,יח אב תשכג
09/08/1963,יט אב תשכג
10/08/1963,כ אב תשכג
11/08/1963,כא אב תשכג
12/08/1963,כב אב תשכג
13/08/1963,כג אב תשכג
14/08/1963,כד אב תשכג
15/08/1963,כה אב תשכג
16/08/1963,כו אב תשכג
17/08/1963,כז אב תשכג
18/08/1963,כח אב תשכג
19/08/1963,כט אב תשכג
20/08/1963,ל אב תשכג
21/08/1963,א אלול תשכג
22/08/1963,ב אלול תשכג
23/08/1963,ג אלול תשכג
24/08/1963,ד אלול תשכג
25/08/1963,ה אלול תשכג
26/08/1963,ו אלול תשכג
27/08/1963,ז אלול תשכג
28/08/1963,ח אלול תשכג
29/08/1963,ט אלול תשכג
30/08/1963,י אלול תשכג
31/08/1963,יא אלול תשכג
01/09/1963,יב אלול תשכג
02/09/1963,יג אלול תשכג
03/09/1963,יד אלול תשכג
04/09/1963,טו אלול תשכג
05/09/1963,טז אלול תשכג
06/09/1963,יז אלול תשכג
07/09/1963,יח אלול תשכג
08/09/1963,יט אלול תשכג
09/09/1963,כ אלול תשכג
10/09/1963,כא אלול תשכג
11/09/1963,כב אלול תשכג
12/09/1963,כג אלול תשכג
13/09/1963,כד אלול תשכג
14/09/1963,כה אלול תשכג
15/09/1963,כו אלול תשכג
16/09/1963,כז אלול תשכג
17/09/1963,כח אלול תשכג
18/09/1963,כט אלול תשכג
19/09/1963,א תשרי תשכד
20/09/1963,ב תשרי תשכד
21/09/1963,ג תשרי תשכד
22/09/1963,ד תשרי תשכד
23/09/1963,ה תשרי תשכד
24/09/1963,ו תשרי תשכד
25/09/1963,ז תשרי תשכד
26/09/1963,ח תשרי תשכד
27/09/1963,ט תשרי תשכד
28/09/1963,י תשרי תשכד
29/09/1963,יא תשרי תשכד
30/09/1963,יב תשרי תשכד
01/10/1963,יג תשרי תשכד
02/10/1963,יד תשרי תשכד
03/10/1963,טו תשרי תשכד
04/10/1963,טז תשרי תשכד
05/10/1963,יז תשרי תשכד
06/10/1963,יח תשרי תשכד
07/10/1963,יט תשרי תשכד
08/10/1963,כ תשרי תשכד
09/10/1963,כא תשרי תשכד
10/10/1963,כב תשרי תשכד
11/10/1963,כג תשרי תשכד
12/10/1963,כד תשרי תשכד
13/10/1963,כה תשרי תשכד
14/10/1963,כו תשרי תשכד
15/10/1963,כז תשרי תשכד
16/10/1963,כח תשרי תשכד
17/10/1963,כט תשרי תשכד
18/10/1963,ל תשרי תשכד
19/10/1963,א חשון תשכד
20/10/1963,ב חשון תשכד
21/10/1963,ג חשון תשכד
22/10/1963,ד חשון תשכד
23/10/1963,ה חשון תשכד
24/10/1963,ו חשון תשכד
25/10/1963,ז חשון תשכד
26/10/1963,ח חשון תשכד
27/10/1963,ט חשון תשכד
28/10/1963,י חשון תשכד
29/10/1963,יא חשון תשכד
30/10/1963,יב חשון תשכד
31/10/1963,יג חשון תשכד
01/11/1963,יד חשון תשכד
02/11/1963,טו חשון תשכד
03/11/1963,טז חשון תשכד
04/11/1963,יז חשון תשכד
05/11/1963,יח חשון תשכד
06/11/1963,יט חשון תשכד
07/11/1963,כ חשון תשכד
08/11/1963,כא חשון תשכד
09/11/1963,כב חשון תשכד
10/11/1963,כג חשון תשכד
11/11/1963,כד חשון תשכד
12/11/1963,כה חשון תשכד
13/11/1963,כו חשון תשכד
14/11/1963,כז חשון תשכד
15/11/1963,כח חשון תשכד
16/11/1963,כט חשון תשכד
17/11/1963,א כסלו תשכד
18/11/1963,ב כסלו תשכד
19/11/1963,ג כסלו תשכד
20/11/1963,ד כסלו תשכד
21/11/1963,ה כסלו תשכד
22/11/1963,ו כסלו תשכד
23/11/1963,ז כסלו תשכד
24/11/1963,ח כסלו תשכד
25/11/1963,ט כסלו תשכד
26/11/1963,י כסלו תשכד
27/11/1963,יא כסלו תשכד
28/11/1963,יב כסלו תשכד
29/11/1963,יג כסלו תשכד
30/11/1963,יד כסלו תשכד
01/12/1963,טו כסלו תשכד
02/12/1963,טז כסלו תשכד
03/12/1963,יז כסלו תשכד
04/12/1963,יח כסלו תשכד
05/12/1963,יט כסלו תשכד
06/12/1963,כ כסלו תשכד
07/12/1963,כא כסלו תשכד
08/12/1963,כב כסלו תשכד
09/12/1963,כג כסלו תשכד
10/12/1963,כד כסלו תשכד
11/12/1963,כה כסלו תשכד
12/12/1963,כו כסלו תשכד
13/12/1963,כז כסלו תשכד
14/12/1963,כח כסלו תשכד
15/12/1963,כט כסלו תשכד
16/12/1963,ל כסלו תשכד
17/12/1963,א טבת תשכד
18/12/1963,ב טבת תשכד
19/12/1963,ג טבת תשכד
20/12/1963,ד טבת תשכד
21/12/1963,ה טבת תשכד
22/12/1963,ו טבת תשכד
23/12/1963,ז טבת תשכד
24/12/1963,ח טבת תשכד
25/12/1963,ט טבת תשכד
26/12/1963,י טבת תשכד
27/12/1963,יא טבת תשכד
28/12/1963,יב טבת תשכד
29/12/1963,יג טבת תשכד
30/12/1963,יד טבת תשכד
31/12/1963,טו טבת תשכד
01/01/1964,טז טבת תשכד
02/01/1964,יז טבת תשכד
03/01/1964,יח טבת תשכד
04/01/1964,יט טבת תשכד
05/01/1964,כ טבת תשכד
06/01/1964,כא טבת תשכד
07/01/1964,כב טבת תשכד
08/01/1964,כג טבת תשכד
09/01/1964,כד טבת תשכד
10/01/1964,כה טבת תשכד
11/01/1964,כו טבת תשכד
12/01/1964,כז טבת תשכד
13/01/1964,כח טבת תשכד
14/01/1964,כט טבת תשכד
15/01/1964,א שבט תשכד
16/01/1964,ב שבט תשכד
17/01/1964,ג שבט תשכד
18/01/1964,ד שבט תשכד
19/01/1964,ה שבט תשכד
20/01/1964,ו שבט תשכד
21/01/1964,ז שבט תשכד
22/01/1964,ח שבט תשכד
23/01/1964,ט שבט תשכד
24/01/1964,י שבט תשכד
25/01/1964,יא שבט תשכד
26/01/1964,יב שבט תשכד
27/01/1964,יג שבט תשכד
28/01/1964,יד שבט תשכד
29/01/1964,טו שבט תשכד
30/01/1964,טז שבט תשכד
31/01/1964,יז שבט תשכד
01/02/1964,יח שבט תשכד
02/02/1964,יט שבט תשכד
03/02/1964,כ שבט תשכד
04/02/1964,כא שבט תשכד
05/02/1964,כב שבט תשכד
06/02/1964,כג שבט תשכד
07/02/1964,כד שבט תשכד
08/02/1964,כה שבט תשכד
09/02/1964,כו שבט תשכד
10/02/1964,כז שבט תשכד
11/02/1964,כח שבט תשכד
12/02/1964,כט שבט תשכד
13/02/1964,ל שבט תשכד
14/02/1964,א אדר תשכד
15/02/1964,ב אדר תשכד
16/02/1964,ג אדר תשכד
17/02/1964,ד אדר תשכד
18/02/1964,ה אדר תשכד
19/02/1964,ו אדר תשכד
20/02/1964,ז אדר תשכד
21/02/1964,ח אדר תשכד
22/02/1964,ט אדר תשכד
23/02/1964,י אדר תשכד
24/02/1964,יא אדר תשכד
25/02/1964,יב אדר תשכד
26/02/1964,יג אדר תשכד
27/02/1964,יד אדר תשכד
28/02/1964,טו אדר תשכד
29/02/1964,טז אדר תשכד
01/03/1964,יז אדר תשכד
02/03/1964,יח אדר תשכד
03/03/1964,יט אדר תשכד
04/03/1964,כ אדר תשכד
05/03/1964,כא אדר תשכד
06/03/1964,כב אדר תשכד
07/03/1964,כג אדר תשכד
08/03/1964,כד אדר תשכד
09/03/1964,כה אדר תשכד
10/03/1964,כו אדר תשכד
11/03/1964,כז אדר תשכד
12/03/1964,כח אדר תשכד
13/03/1964,כט אדר תשכד
14/03/1964,א ניסן תשכד
15/03/1964,ב ניסן תשכד
16/03/1964,ג ניסן תשכד
17/03/1964,ד ניסן תשכד
18/03/1964,ה ניסן תשכד
19/03/1964,ו ניסן תשכד
20/03/1964,ז ניסן תשכד
21/03/1964,ח ניסן תשכד
22/03/1964,ט ניסן תשכד
23/03/1964,י ניסן תשכד
24/03/1964,יא ניסן תשכד
25/03/1964,יב ניסן תשכד
26/03/1964,יג ניסן תשכד
27/03/1964,יד ניסן תשכד
28/03/1964,טו ניסן תשכד
29/03/1964,טז ניסן תשכד
30/03/1964,יז ניסן תשכד
31/03/1964,יח ניסן תשכד
01/04/1964,יט ניסן תשכד
02/04/1964,כ ניסן תשכד
03/04/1964,כא ניסן תשכד
04/04/1964,כב ניסן תשכד
05/04/1964,כג ניסן תשכד
06/04/1964,כד ניסן תשכד
07/04/1964,כה ניסן תשכד
08/04/1964,כו ניסן תשכד
09/04/1964,כז ניסן תשכד
10/04/1964,כח ניסן תשכד
11/04/1964,כט ניסן תשכד
12/04/1964,ל ניסן תשכד
13/04/1964,א אייר תשכד
14/04/1964,ב אייר תשכד
15/04/1964,ג אייר תשכד
16/04/1964,ד אייר תשכד
17/04/1964,ה אייר תשכד
18/04/1964,ו אייר תשכד
19/04/1964,ז אייר תשכד
20/04/1964,ח אייר תשכד
21/04/1964,ט אייר תשכד
22/04/1964,י אייר תשכד
23/04/1964,יא אייר תשכד
24/04/1964,יב אייר תשכד
25/04/1964,יג אייר תשכד
26/04/1964,יד אייר תשכד
27/04/1964,טו אייר תשכד
28/04/1964,טז אייר תשכד
29/04/1964,יז אייר תשכד
30/04/1964,יח אייר תשכד
01/05/1964,יט אייר תשכד
02/05/1964,כ אייר תשכד
03/05/1964,כא אייר תשכד
04/05/1964,כב אייר תשכד
05/05/1964,כג אייר תשכד
06/05/1964,כד אייר תשכד
07/05/1964,כה אייר תשכד
08/05/1964,כו אייר תשכד
09/05/1964,כז אייר תשכד
10/05/1964,כח אייר תשכד
11/05/1964,כט אייר תשכד
12/05/1964,א סיון תשכד
13/05/1964,ב סיון תשכד
14/05/1964,ג סיון תשכד
15/05/1964,ד סיון תשכד
16/05/1964,ה סיון תשכד
17/05/1964,ו סיון תשכד
18/05/1964,ז סיון תשכד
19/05/1964,ח סיון תשכד
20/05/1964,ט סיון תשכד
21/05/1964,י סיון תשכד
22/05/1964,יא סיון תשכד
23/05/1964,יב סיון תשכד
24/05/1964,יג סיון תשכד
25/05/1964,יד סיון תשכד
26/05/1964,טו סיון תשכד
27/05/1964,טז סיון תשכד
28/05/1964,יז סיון תשכד
29/05/1964,יח סיון תשכד
30/05/1964,יט סיון תשכד
31/05/1964,כ סיון תשכד
01/06/1964,כא סיון תשכד
02/06/1964,כב סיון תשכד
03/06/1964,כג סיון תשכד
04/06/1964,כד סיון תשכד
05/06/1964,כה סיון תשכד
06/06/1964,כו סיון תשכד
07/06/1964,כז סיון תשכד
08/06/1964,כח סיון תשכד
09/06/1964,כט סיון תשכד
10/06/1964,ל סיון תשכד
11/06/1964,א תמוז תשכד
12/06/1964,ב תמוז תשכד
13/06/1964,ג תמוז תשכד
14/06/1964,ד תמוז תשכד
15/06/1964,ה תמוז תשכד
16/06/1964,ו תמוז תשכד
17/06/1964,ז תמוז תשכד
18/06/1964,ח תמוז תשכד
19/06/1964,ט תמוז תשכד
20/06/1964,י תמוז תשכד
21/06/1964,יא תמוז תשכד
22/06/1964,יב תמוז תשכד
23/06/1964,יג תמוז תשכד
24/06/1964,יד תמוז תשכד
25/06/1964,טו תמוז תשכד
26/06/1964,טז תמוז תשכד
27/06/1964,יז תמוז תשכד
28/06/1964,יח תמוז תשכד
29/06/1964,יט תמוז תשכד
30/06/1964,כ תמוז תשכד
01/07/1964,כא תמוז תשכד
02/07/1964,כב תמוז תשכד
03/07/1964,כג תמוז תשכד
04/07/1964,כד תמוז תשכד
05/07/1964,כה תמוז תשכד
06/07/1964,כו תמוז תשכד
07/07/1964,כז תמוז תשכד
08/07/1964,כח תמוז תשכד
09/07/1964,כט תמוז תשכד
10/07/1964,א אב תשכד
11/07/1964,ב אב תשכד
12/07/1964,ג אב תשכד
13/07/1964,ד אב תשכד
14/07/1964,ה אב תשכד
15/07/1964,ו אב תשכד
16/07/1964,ז אב תשכד
17/07/1964,ח אב תשכד
18/07/1964,ט אב תשכד
19/07/1964,י אב תשכד
20/07/1964,יא אב תשכד
21/07/1964,יב אב תשכד
22/07/1964,יג אב תשכד
23/07/1964,יד אב תשכד
24/07/1964,טו אב תשכד
25/07/1964,טז אב תשכד
26/07/1964,יז אב תשכד
27/07/1964,יח אב תשכד
28/07/1964,יט אב תשכד
29/07/1964,כ אב תשכד
30/07/1964,כא אב תשכד
31/07/1964,כב אב תשכד
01/08/1964,כג אב תשכד
02/08/1964,כד אב תשכד
03/08/1964,כה אב תשכד
04/08/1964,כו אב תשכד
05/08/1964,כז אב תשכד
06/08/1964,כח אב תשכד
07/08/1964,כט אב תשכד
08/08/1964,ל אב תשכד
09/08/1964,א אלול תשכד
10/08/1964,ב אלול תשכד
11/08/1964,ג אלול תשכד
12/08/1964,ד אלול תשכד
13/08/1964,ה אלול תשכד
14/08/1964,ו אלול תשכד
15/08/1964,ז אלול תשכד
16/08/1964,ח אלול תשכד
17/08/1964,ט אלול תשכד
18/08/1964,י אלול תשכד
19/08/1964,יא אלול תשכד
20/08/1964,יב אלול תשכד
21/08/1964,יג אלול תשכד
22/08/1964,יד אלול תשכד
23/08/1964,טו אלול תשכד
24/08/1964,טז אלול תשכד
25/08/1964,יז אלול תשכד
26/08/1964,יח אלול תשכד
27/08/1964,יט אלול תשכד
28/08/1964,כ אלול תשכד
29/08/1964,כא אלול תשכד
30/08/1964,כב אלול תשכד
31/08/1964,כג אלול תשכד
01/09/1964,כד אלול תשכד
02/09/1964,כה אלול תשכד
03/09/1964,כו אלול תשכד
04/09/1964,כז אלול תשכד
05/09/1964,כח אלול תשכד
06/09/1964,כט אלול תשכד
07/09/1964,א תשרי תשכה
08/09/1964,ב תשרי תשכה
09/09/1964,ג תשרי תשכה
10/09/1964,ד תשרי תשכה
11/09/1964,ה תשרי תשכה
12/09/1964,ו תשרי תשכה
13/09/1964,ז תשרי תשכה
14/09/1964,ח תשרי תשכה
15/09/1964,ט תשרי תשכה
16/09/1964,י תשרי תשכה
17/09/1964,יא תשרי תשכה
18/09/1964,יב תשרי תשכה
19/09/1964,יג תשרי תשכה
20/09/1964,יד תשרי תשכה
21/09/1964,טו תשרי תשכה
22/09/1964,טז תשרי תשכה
23/09/1964,יז תשרי תשכה
24/09/1964,יח תשרי תשכה
25/09/1964,יט תשרי תשכה
26/09/1964,כ תשרי תשכה
27/09/1964,כא תשרי תשכה
28/09/1964,כב תשרי תשכה
29/09/1964,כג תשרי תשכה
30/09/1964,כד תשרי תשכה
01/10/1964,כה תשרי תשכה
02/10/1964,כו תשרי תשכה
03/10/1964,כז תשרי תשכה
04/10/1964,כח תשרי תשכה
05/10/1964,כט תשרי תשכה
06/10/1964,ל תשרי תשכה
07/10/1964,א חשון תשכה
08/10/1964,ב חשון תשכה
09/10/1964,ג חשון תשכה
10/10/1964,ד חשון תשכה
11/10/1964,ה חשון תשכה
12/10/1964,ו חשון תשכה
13/10/1964,ז חשון תשכה
14/10/1964,ח חשון תשכה
15/10/1964,ט חשון תשכה
16/10/1964,י חשון תשכה
17/10/1964,יא חשון תשכה
18/10/1964,יב חשון תשכה
19/10/1964,יג חשון תשכה
20/10/1964,יד חשון תשכה
21/10/1964,טו חשון תשכה
22/10/1964,טז חשון תשכה
23/10/1964,יז חשון תשכה
24/10/1964,יח חשון תשכה
25/10/1964,יט חשון תשכה
26/10/1964,כ חשון תשכה
27/10/1964,כא חשון תשכה
28/10/1964,כב חשון תשכה
29/10/1964,כג חשון תשכה
30/10/1964,כד חשון תשכה
31/10/1964,כה חשון תשכה
01/11/1964,כו חשון תשכה
02/11/1964,כז חשון תשכה
03/11/1964,כח חשון תשכה
04/11/1964,כט חשון תשכה
05/11/1964,ל חשון תשכה
06/11/1964,א כסלו תשכה
07/11/1964,ב כסלו תשכה
08/11/1964,ג כסלו תשכה
09/11/1964,ד כסלו תשכה
10/11/1964,ה כסלו תשכה
11/11/1964,ו כסלו תשכה
12/11/1964,ז כסלו תשכה
13/11/1964,ח כסלו תשכה
14/11/1964,ט כסלו תשכה
15/11/1964,י כסלו תשכה
16/11/1964,יא כסלו תשכה
17/11/1964,יב כסלו תשכה
18/11/1964,יג כסלו תשכה
19/11/1964,יד כסלו תשכה
20/11/1964,טו כסלו תשכה
21/11/1964,טז כסלו תשכה
22/11/1964,יז כסלו תשכה
23/11/1964,יח כסלו תשכה
24/11/1964,יט כסלו תשכה
25/11/1964,כ כסלו תשכה
26/11/1964,כא כסלו תשכה
27/11/1964,כב כסלו תשכה
28/11/1964,כג כסלו תשכה
29/11/1964,כד כסלו תשכה
30/11/1964,כה כסלו תשכה
01/12/1964,כו כסלו תשכה
02/12/1964,כז כסלו תשכה
03/12/1964,כח כסלו תשכה
04/12/1964,כט כסלו תשכה
05/12/1964,ל כסלו תשכה
06/12/1964,א טבת תשכה
07/12/1964,ב טבת תשכה
08/12/1964,ג טבת תשכה
09/12/1964,ד טבת תשכה
10/12/1964,ה טבת תשכה
11/12/1964,ו טבת תשכה
12/12/1964,ז טבת תשכה
13/12/1964,ח טבת תשכה
14/12/1964,ט טבת תשכה
15/12/1964,י טבת תשכה
16/12/1964,יא טבת תשכה
17/12/1964,יב טבת תשכה
18/12/1964,יג טבת תשכה
19/12/1964,יד טבת תשכה
20/12/1964,טו טבת תשכה
21/12/1964,טז טבת תשכה
22/12/1964,יז טבת תשכה
23/12/1964,יח טבת תשכה
24/12/1964,יט טבת תשכה
25/12/1964,כ טבת תשכה
26/12/1964,כא טבת תשכה
27/12/1964,כב טבת תשכה
28/12/1964,כג טבת תשכה
29/12/1964,כד טבת תשכה
30/12/1964,כה טבת תשכה
31/12/1964,כו טבת תשכה
01/01/1965,כז טבת תשכה
02/01/1965,כח טבת תשכה
03/01/1965,כט טבת תשכה
04/01/1965,א שבט תשכה
05/01/1965,ב שבט תשכה
06/01/1965,ג שבט תשכה
07/01/1965,ד שבט תשכה
08/01/1965,ה שבט תשכה
09/01/1965,ו שבט תשכה
10/01/1965,ז שבט תשכה
11/01/1965,ח שבט תשכה
12/01/1965,ט שבט תשכה
13/01/1965,י שבט תשכה
14/01/1965,יא שבט תשכה
15/01/1965,יב שבט תשכה
16/01/1965,יג שבט תשכה
17/01/1965,יד שבט תשכה
18/01/1965,טו שבט תשכה
19/01/1965,טז שבט תשכה
20/01/1965,יז שבט תשכה
21/01/1965,יח שבט תשכה
22/01/1965,יט שבט תשכה
23/01/1965,כ שבט תשכה
24/01/1965,כא שבט תשכה
25/01/1965,כב שבט תשכה
26/01/1965,כג שבט תשכה
27/01/1965,כד שבט תשכה
28/01/1965,כה שבט תשכה
29/01/1965,כו שבט תשכה
30/01/1965,כז שבט תשכה
31/01/1965,כח שבט תשכה
01/02/1965,כט שבט תשכה
02/02/1965,ל שבט תשכה
03/02/1965,א אדר-א תשכה
04/02/1965,ב אדר-א תשכה
05/02/1965,ג אדר-א תשכה
06/02/1965,ד אדר-א תשכה
07/02/1965,ה אדר-א תשכה
08/02/1965,ו אדר-א תשכה
09/02/1965,ז אדר-א תשכה
10/02/1965,ח אדר-א תשכה
11/02/1965,ט אדר-א תשכה
12/02/1965,י אדר-א תשכה
13/02/1965,יא אדר-א תשכה
14/02/1965,יב אדר-א תשכה
15/02/1965,יג אדר-א תשכה
16/02/1965,יד אדר-א תשכה
17/02/1965,טו אדר-א תשכה
18/02/1965,טז אדר-א תשכה
19/02/1965,יז אדר-א תשכה
20/02/1965,יח אדר-א תשכה
21/02/1965,יט אדר-א תשכה
22/02/1965,כ אדר-א תשכה
23/02/1965,כא אדר-א תשכה
24/02/1965,כב אדר-א תשכה
25/02/1965,כג אדר-א תשכה
26/02/1965,כד אדר-א תשכה
27/02/1965,כה אדר-א תשכה
28/02/1965,כו אדר-א תשכה
01/03/1965,כז אדר-א תשכה
02/03/1965,כח אדר-א תשכה
03/03/1965,כט אדר-א תשכה
04/03/1965,ל אדר-א תשכה
05/03/1965,א אדר-ב תשכה
06/03/1965,ב אדר-ב תשכה
07/03/1965,ג אדר-ב תשכה
08/03/1965,ד אדר-ב תשכה
09/03/1965,ה אדר-ב תשכה
10/03/1965,ו אדר-ב תשכה
11/03/1965,ז אדר-ב תשכה
12/03/1965,ח אדר-ב תשכה
13/03/1965,ט אדר-ב תשכה
14/03/1965,י אדר-ב תשכה
15/03/1965,יא אדר-ב תשכה
16/03/1965,יב אדר-ב תשכה
17/03/1965,יג אדר-ב תשכה
18/03/1965,יד אדר-ב תשכה
19/03/1965,טו אדר-ב תשכה
20/03/1965,טז אדר-ב תשכה
21/03/1965,יז אדר-ב תשכה
22/03/1965,יח אדר-ב תשכה
23/03/1965,יט אדר-ב תשכה
24/03/1965,כ אדר-ב תשכה
25/03/1965,כא אדר-ב תשכה
26/03/1965,כב אדר-ב תשכה
27/03/1965,כג אדר-ב תשכה
28/03/1965,כד אדר-ב תשכה
29/03/1965,כה אדר-ב תשכה
30/03/1965,כו אדר-ב תשכה
31/03/1965,כז אדר-ב תשכה
01/04/1965,כח אדר-ב תשכה
02/04/1965,כט אדר-ב תשכה
03/04/1965,א ניסן תשכה
04/04/1965,ב ניסן תשכה
05/04/1965,ג ניסן תשכה
06/04/1965,ד ניסן תשכה
07/04/1965,ה ניסן תשכה
08/04/1965,ו ניסן תשכה
09/04/1965,ז ניסן תשכה
10/04/1965,ח ניסן תשכה
11/04/1965,ט ניסן תשכה
12/04/1965,י ניסן תשכה
13/04/1965,יא ניסן תשכה
14/04/1965,יב ניסן תשכה
15/04/1965,יג ניסן תשכה
16/04/1965,יד ניסן תשכה
17/04/1965,טו ניסן תשכה
18/04/1965,טז ניסן תשכה
19/04/1965,יז ניסן תשכה
20/04/1965,יח ניסן תשכה
21/04/1965,יט ניסן תשכה
22/04/1965,כ ניסן תשכה
23/04/1965,כא ניסן תשכה
24/04/1965,כב ניסן תשכה
25/04/1965,כג ניסן תשכה
26/04/1965,כד ניסן תשכה
27/04/1965,כה ניסן תשכה
28/04/1965,כו ניסן תשכה
29/04/1965,כז ניסן תשכה
30/04/1965,כח ניסן תשכה
01/05/1965,כט ניסן תשכה
02/05/1965,ל ניסן תשכה
03/05/1965,א אייר תשכה
04/05/1965,ב אייר תשכה
05/05/1965,ג אייר תשכה
06/05/1965,ד אייר תשכה
07/05/1965,ה אייר תשכה
08/05/1965,ו אייר תשכה
09/05/1965,ז אייר תשכה
10/05/1965,ח אייר תשכה
11/05/1965,ט אייר תשכה
12/05/1965,י אייר תשכה
13/05/1965,יא אייר תשכה
14/05/1965,יב אייר תשכה
15/05/1965,יג אייר תשכה
16/05/1965,יד אייר תשכה
17/05/1965,טו אייר תשכה
18/05/1965,טז אייר תשכה
19/05/1965,יז אייר תשכה
20/05/1965,יח אייר תשכה
21/05/1965,יט אייר תשכה
22/05/1965,כ אייר תשכה
23/05/1965,כא אייר תשכה
24/05/1965,כב אייר תשכה
25/05/1965,כג אייר תשכה
26/05/1965,כד אייר תשכה
27/05/1965,כה אייר תשכה
28/05/1965,כו אייר תשכה
29/05/1965,כז אייר תשכה
30/05/1965,כח אייר תשכה
31/05/1965,כט אייר תשכה
01/06/1965,א סיון תשכה
02/06/1965,ב סיון תשכה
03/06/1965,ג סיון תשכה
04/06/1965,ד סיון תשכה
05/06/1965,ה סיון תשכה
06/06/1965,ו סיון תשכה
07/06/1965,ז סיון תשכה
08/06/1965,ח סיון תשכה
09/06/1965,ט סיון תשכה
10/06/1965,י סיון תשכה
11/06/1965,יא סיון תשכה
12/06/1965,יב סיון תשכה
13/06/1965,יג סיון תשכה
14/06/1965,יד סיון תשכה
15/06/1965,טו סיון תשכה
16/06/1965,טז סיון תשכה
17/06/1965,יז סיון תשכה
18/06/1965,יח סיון תשכה
19/06/1965,יט סיון תשכה
20/06/1965,כ סיון תשכה
21/06/1965,כא סיון תשכה
22/06/1965,כב סיון תשכה
23/06/1965,כג סיון תשכה
24/06/1965,כד סיון תשכה
25/06/1965,כה סיון תשכה
26/06/1965,כו סיון תשכה
27/06/1965,כז סיון תשכה
28/06/1965,כח סיון תשכה
29/06/1965,כט סיון תשכה
30/06/1965,ל סיון תשכה
01/07/1965,א תמוז תשכה
02/07/1965,ב תמוז תשכה
03/07/1965,ג תמוז תשכה
04/07/1965,ד תמוז תשכה
05/07/1965,ה תמוז תשכה
06/07/1965,ו תמוז תשכה
07/07/1965,ז תמוז תשכה
08/07/1965,ח תמוז תשכה
09/07/1965,ט תמוז תשכה
10/07/1965,י תמוז תשכה
11/07/1965,יא תמוז תשכה
12/07/1965,יב תמוז תשכה
13/07/1965,יג תמוז תשכה
14/07/1965,יד תמוז תשכה
15/07/1965,טו תמוז תשכה
16/07/1965,טז תמוז תשכה
17/07/1965,יז תמוז תשכה
18/07/1965,יח תמוז תשכה
19/07/1965,יט תמוז תשכה
20/07/1965,כ תמוז תשכה
21/07/1965,כא תמוז תשכה
22/07/1965,כב תמוז תשכה
23/07/1965,כג תמוז תשכה
24/07/1965,כד תמוז תשכה
25/07/1965,כה תמוז תשכה
26/07/1965,כו תמוז תשכה
27/07/1965,כז תמוז תשכה
28/07/1965,כח תמוז תשכה
29/07/1965,כט תמוז תשכה
30/07/1965,א אב תשכה
31/07/1965,ב אב תשכה
01/08/1965,ג אב תשכה
02/08/1965,ד אב תשכה
03/08/1965,ה אב תשכה
04/08/1965,ו אב תשכה
05/08/1965,ז אב תשכה
06/08/1965,ח אב תשכה
07/08/1965,ט אב תשכה
08/08/1965,י אב תשכה
09/08/1965,יא אב תשכה
10/08/1965,יב אב תשכה
11/08/1965,יג אב תשכה
12/08/1965,יד אב תשכה
13/08/1965,טו אב תשכה
14/08/1965,טז אב תשכה
15/08/1965,יז אב תשכה
16/08/1965,יח אב תשכה
17/08/1965,יט אב תשכה
18/08/1965,כ אב תשכה
19/08/1965,כא אב תשכה
20/08/1965,כב אב תשכה
21/08/1965,כג אב תשכה
22/08/1965,כד אב תשכה
23/08/1965,כה אב תשכה
24/08/1965,כו אב תשכה
25/08/1965,כז אב תשכה
26/08/1965,כח אב תשכה
27/08/1965,כט אב תשכה
28/08/1965,ל אב תשכה
29/08/1965,א אלול תשכה
30/08/1965,ב אלול תשכה
31/08/1965,ג אלול תשכה
01/09/1965,ד אלול תשכה
02/09/1965,ה אלול תשכה
03/09/1965,ו אלול תשכה
04/09/1965,ז אלול תשכה
05/09/1965,ח אלול תשכה
06/09/1965,ט אלול תשכה
07/09/1965,י אלול תשכה
08/09/1965,יא אלול תשכה
09/09/1965,יב אלול תשכה
10/09/1965,יג אלול תשכה
11/09/1965,יד אלול תשכה
12/09/1965,טו אלול תשכה
13/09/1965,טז אלול תשכה
14/09/1965,יז אלול תשכה
15/09/1965,יח אלול תשכה
16/09/1965,יט אלול תשכה
17/09/1965,כ אלול תשכה
18/09/1965,כא אלול תשכה
19/09/1965,כב אלול תשכה
20/09/1965,כג אלול תשכה
21/09/1965,כד אלול תשכה
22/09/1965,כה אלול תשכה
23/09/1965,כו אלול תשכה
24/09/1965,כז אלול תשכה
25/09/1965,כח אלול תשכה
26/09/1965,כט אלול תשכה
27/09/1965,א תשרי תשכו
28/09/1965,ב תשרי תשכו
29/09/1965,ג תשרי תשכו
30/09/1965,ד תשרי תשכו
01/10/1965,ה תשרי תשכו
02/10/1965,ו תשרי תשכו
03/10/1965,ז תשרי תשכו
04/10/1965,ח תשרי תשכו
05/10/1965,ט תשרי תשכו
06/10/1965,י תשרי תשכו
07/10/1965,יא תשרי תשכו
08/10/1965,יב תשרי תשכו
09/10/1965,יג תשרי תשכו
10/10/1965,יד תשרי תשכו
11/10/1965,טו תשרי תשכו
12/10/1965,טז תשרי תשכו
13/10/1965,יז תשרי תשכו
14/10/1965,יח תשרי תשכו
15/10/1965,יט תשרי תשכו
16/10/1965,כ תשרי תשכו
17/10/1965,כא תשרי תשכו
18/10/1965,כב תשרי תשכו
19/10/1965,כג תשרי תשכו
20/10/1965,כד תשרי תשכו
21/10/1965,כה תשרי תשכו
22/10/1965,כו תשרי תשכו
23/10/1965,כז תשרי תשכו
24/10/1965,כח תשרי תשכו
25/10/1965,כט תשרי תשכו
26/10/1965,ל תשרי תשכו
27/10/1965,א חשון תשכו
28/10/1965,ב חשון תשכו
29/10/1965,ג חשון תשכו
30/10/1965,ד חשון תשכו
31/10/1965,ה חשון תשכו
01/11/1965,ו חשון תשכו
02/11/1965,ז חשון תשכו
03/11/1965,ח חשון תשכו
04/11/1965,ט חשון תשכו
05/11/1965,י חשון תשכו
06/11/1965,יא חשון תשכו
07/11/1965,יב חשון תשכו
08/11/1965,יג חשון תשכו
09/11/1965,יד חשון תשכו
10/11/1965,טו חשון תשכו
11/11/1965,טז חשון תשכו
12/11/1965,יז חשון תשכו
13/11/1965,יח חשון תשכו
14/11/1965,יט חשון תשכו
15/11/1965,כ חשון תשכו
16/11/1965,כא חשון תשכו
17/11/1965,כב חשון תשכו
18/11/1965,כג חשון תשכו
19/11/1965,כד חשון תשכו
20/11/1965,כה חשון תשכו
21/11/1965,כו חשון תשכו
22/11/1965,כז חשון תשכו
23/11/1965,כח חשון תשכו
24/11/1965,כט חשון תשכו
25/11/1965,א כסלו תשכו
26/11/1965,ב כסלו תשכו
27/11/1965,ג כסלו תשכו
28/11/1965,ד כסלו תשכו
29/11/1965,ה כסלו תשכו
30/11/1965,ו כסלו תשכו
01/12/1965,ז כסלו תשכו
02/12/1965,ח כסלו תשכו
03/12/1965,ט כסלו תשכו
04/12/1965,י כסלו תשכו
05/12/1965,יא כסלו תשכו
06/12/1965,יב כסלו תשכו
07/12/1965,יג כסלו תשכו
08/12/1965,יד כסלו תשכו
09/12/1965,טו כסלו תשכו
10/12/1965,טז כסלו תשכו
11/12/1965,יז כסלו תשכו
12/12/1965,יח כסלו תשכו
13/12/1965,יט כסלו תשכו
14/12/1965,כ כסלו תשכו
15/12/1965,כא כסלו תשכו
16/12/1965,כב כסלו תשכו
17/12/1965,כג כסלו תשכו
18/12/1965,כד כסלו תשכו
19/12/1965,כה כסלו תשכו
20/12/1965,כו כסלו תשכו
21/12/1965,כז כסלו תשכו
22/12/1965,כח כסלו תשכו
23/12/1965,כט כסלו תשכו
24/12/1965,א טבת תשכו
25/12/1965,ב טבת תשכו
26/12/1965,ג טבת תשכו
27/12/1965,ד טבת תשכו
28/12/1965,ה טבת תשכו
29/12/1965,ו טבת תשכו
30/12/1965,ז טבת תשכו
31/12/1965,ח טבת תשכו
01/01/1966,ט טבת תשכו
02/01/1966,י טבת תשכו
03/01/1966,יא טבת תשכו
04/01/1966,יב טבת תשכו
05/01/1966,יג טבת תשכו
06/01/1966,יד טבת תשכו
07/01/1966,טו טבת תשכו
08/01/1966,טז טבת תשכו
09/01/1966,יז טבת תשכו
10/01/1966,יח טבת תשכו
11/01/1966,יט טבת תשכו
12/01/1966,כ טבת תשכו
13/01/1966,כא טבת תשכו
14/01/1966,כב טבת תשכו
15/01/1966,כג טבת תשכו
16/01/1966,כד טבת תשכו
17/01/1966,כה טבת תשכו
18/01/1966,כו טבת תשכו
19/01/1966,כז טבת תשכו
20/01/1966,כח טבת תשכו
21/01/1966,כט טבת תשכו
22/01/1966,א שבט תשכו
23/01/1966,ב שבט תשכו
24/01/1966,ג שבט תשכו
25/01/1966,ד שבט תשכו
26/01/1966,ה שבט תשכו
27/01/1966,ו שבט תשכו
28/01/1966,ז שבט תשכו
29/01/1966,ח שבט תשכו
30/01/1966,ט שבט תשכו
31/01/1966,י שבט תשכו
01/02/1966,יא שבט תשכו
02/02/1966,יב שבט תשכו
03/02/1966,יג שבט תשכו
04/02/1966,יד שבט תשכו
05/02/1966,טו שבט תשכו
06/02/1966,טז שבט תשכו
07/02/1966,יז שבט תשכו
08/02/1966,יח שבט תשכו
09/02/1966,יט שבט תשכו
10/02/1966,כ שבט תשכו
11/02/1966,כא שבט תשכו
12/02/1966,כב שבט תשכו
13/02/1966,כג שבט תשכו
14/02/1966,כד שבט תשכו
15/02/1966,כה שבט תשכו
16/02/1966,כו שבט תשכו
17/02/1966,כז שבט תשכו
18/02/1966,כח שבט תשכו
19/02/1966,כט שבט תשכו
20/02/1966,ל שבט תשכו
21/02/1966,א אדר תשכו
22/02/1966,ב אדר תשכו
23/02/1966,ג אדר תשכו
24/02/1966,ד אדר תשכו
25/02/1966,ה אדר תשכו
26/02/1966,ו אדר תשכו
27/02/1966,ז אדר תשכו
28/02/1966,ח אדר תשכו
01/03/1966,ט אדר תשכו
02/03/1966,י אדר תשכו
03/03/1966,יא אדר תשכו
04/03/1966,יב אדר תשכו
05/03/1966,יג אדר תשכו
06/03/1966,יד אדר תשכו
07/03/1966,טו אדר תשכו
08/03/1966,טז אדר תשכו
09/03/1966,יז אדר תשכו
10/03/1966,יח אדר תשכו
11/03/1966,יט אדר תשכו
12/03/1966,כ אדר תשכו
13/03/1966,כא אדר תשכו
14/03/1966,כב אדר תשכו
15/03/1966,כג אדר תשכו
16/03/1966,כד אדר תשכו
17/03/1966,כה אדר תשכו
18/03/1966,כו אדר תשכו
19/03/1966,כז אדר תשכו
20/03/1966,כח אדר תשכו
21/03/1966,כט אדר תשכו
22/03/1966,א ניסן תשכו
23/03/1966,ב ניסן תשכו
24/03/1966,ג ניסן תשכו
25/03/1966,ד ניסן תשכו
26/03/1966,ה ניסן תשכו
27/03/1966,ו ניסן תשכו
28/03/1966,ז ניסן תשכו
29/03/1966,ח ניסן תשכו
30/03/1966,ט ניסן תשכו
31/03/1966,י ניסן תשכו
01/04/1966,יא ניסן תשכו
02/04/1966,יב ניסן תשכו
03/04/1966,יג ניסן תשכו
04/04/1966,יד ניסן תשכו
05/04/1966,טו ניסן תשכו
06/04/1966,טז ניסן תשכו
07/04/1966,יז ניסן תשכו
08/04/1966,יח ניסן תשכו
09/04/1966,יט ניסן תשכו
10/04/1966,כ ניסן תשכו
11/04/1966,כא ניסן תשכו
12/04/1966,כב ניסן תשכו
13/04/1966,כג ניסן תשכו
14/04/1966,כד ניסן תשכו
15/04/1966,כה ניסן תשכו
16/04/1966,כו ניסן תשכו
17/04/1966,כז ניסן תשכו
18/04/1966,כח ניסן תשכו
19/04/1966,כט ניסן תשכו
20/04/1966,ל ניסן תשכו
21/04/1966,א אייר תשכו
22/04/1966,ב אייר תשכו
23/04/1966,ג אייר תשכו
24/04/1966,ד אייר תשכו
25/04/1966,ה אייר תשכו
26/04/1966,ו אייר תשכו
27/04/1966,ז אייר תשכו
28/04/1966,ח אייר תשכו
29/04/1966,ט אייר תשכו
30/04/1966,י אייר תשכו
01/05/1966,יא אייר תשכו
02/05/1966,יב אייר תשכו
03/05/1966,יג אייר תשכו
04/05/1966,יד אייר תשכו
05/05/1966,טו אייר תשכו
06/05/1966,טז אייר תשכו
07/05/1966,יז אייר תשכו
08/05/1966,יח אייר תשכו
09/05/1966,יט אייר תשכו
10/05/1966,כ אייר תשכו
11/05/1966,כא אייר תשכו
12/05/1966,כב אייר תשכו
13/05/1966,כג אייר תשכו
14/05/1966,כד אייר תשכו
15/05/1966,כה אייר תשכו
16/05/1966,כו אייר תשכו
17/05/1966,כז אייר תשכו
18/05/1966,כח אייר תשכו
19/05/1966,כט אייר תשכו
20/05/1966,א סיון תשכו
21/05/1966,ב סיון תשכו
22/05/1966,ג סיון תשכו
23/05/1966,ד סיון תשכו
24/05/1966,ה סיון תשכו
25/05/1966,ו סיון תשכו
26/05/1966,ז סיון תשכו
27/05/1966,ח סיון תשכו
28/05/1966,ט סיון תשכו
29/05/1966,י סיון תשכו
30/05/1966,יא סיון תשכו
31/05/1966,יב סיון תשכו
01/06/1966,יג סיון תשכו
02/06/1966,יד סיון תשכו
03/06/1966,טו סיון תשכו
04/06/1966,טז סיון תשכו
05/06/1966,יז סיון תשכו
06/06/1966,יח סיון תשכו
07/06/1966,יט סיון תשכו
08/06/1966,כ סיון תשכו
09/06/1966,כא סיון תשכו
10/06/1966,כב סיון תשכו
11/06/1966,כג סיון תשכו
12/06/1966,כד סיון תשכו
13/06/1966,כה סיון תשכו
14/06/1966,כו סיון תשכו
15/06/1966,כז סיון תשכו
16/06/1966,כח סיון תשכו
17/06/1966,כט סיון תשכו
18/06/1966,ל סיון תשכו
19/06/1966,א תמוז תשכו
20/06/1966,ב תמוז תשכו
21/06/1966,ג תמוז תשכו
22/06/1966,ד תמוז תשכו
23/06/1966,ה תמוז תשכו
24/06/1966,ו תמוז תשכו
25/06/1966,ז תמוז תשכו
26/06/1966,ח תמוז תשכו
27/06/1966,ט תמוז תשכו
28/06/1966,י תמוז תשכו
29/06/1966,יא תמוז תשכו
30/06/1966,יב תמוז תשכו
01/07/1966,יג תמוז תשכו
02/07/1966,יד תמוז תשכו
03/07/1966,טו תמוז תשכו
04/07/1966,טז תמוז תשכו
05/07/1966,יז תמוז תשכו
06/07/1966,יח תמוז תשכו
07/07/1966,יט תמוז תשכו
08/07/1966,כ תמוז תשכו
09/07/1966,כא תמוז תשכו
10/07/1966,כב תמוז תשכו
11/07/1966,כג תמוז תשכו
12/07/1966,כד תמוז תשכו
13/07/1966,כה תמוז תשכו
14/07/1966,כו תמוז תשכו
15/07/1966,כז תמוז תשכו
16/07/1966,כח תמוז תשכו
17/07/1966,כט תמוז תשכו
18/07/1966,א אב תשכו
19/07/1966,ב אב תשכו
20/07/1966,ג אב תשכו
21/07/1966,ד אב תשכו
22/07/1966,ה אב תשכו
23/07/1966,ו אב תשכו
24/07/1966,ז אב תשכו
25/07/1966,ח אב תשכו
26/07/1966,ט אב תשכו
27/07/1966,י אב תשכו
28/07/1966,יא אב תשכו
29/07/1966,יב אב תשכו
30/07/1966,יג אב תשכו
31/07/1966,יד אב תשכו
01/08/1966,טו אב תשכו
02/08/1966,טז אב תשכו
03/08/1966,יז אב תשכו
04/08/1966,יח אב תשכו
05/08/1966,יט אב תשכו
06/08/1966,כ אב תשכו
07/08/1966,כא אב תשכו
08/08/1966,כב אב תשכו
09/08/1966,כג אב תשכו
10/08/1966,כד אב תשכו
11/08/1966,כה אב תשכו
12/08/1966,כו אב תשכו
13/08/1966,כז אב תשכו
14/08/1966,כח אב תשכו
15/08/1966,כט אב תשכו
16/08/1966,ל אב תשכו
17/08/1966,א אלול תשכו
18/08/1966,ב אלול תשכו
19/08/1966,ג אלול תשכו
20/08/1966,ד אלול תשכו
21/08/1966,ה אלול תשכו
22/08/1966,ו אלול תשכו
23/08/1966,ז אלול תשכו
24/08/1966,ח אלול תשכו
25/08/1966,ט אלול תשכו
26/08/1966,י אלול תשכו
27/08/1966,יא אלול תשכו
28/08/1966,יב אלול תשכו
29/08/1966,יג אלול תשכו
30/08/1966,יד אלול תשכו
31/08/1966,טו אלול תשכו
01/09/1966,טז אלול תשכו
02/09/1966,יז אלול תשכו
03/09/1966,יח אלול תשכו
04/09/1966,יט אלול תשכו
05/09/1966,כ אלול תשכו
06/09/1966,כא אלול תשכו
07/09/1966,כב אלול תשכו
08/09/1966,כג אלול תשכו
09/09/1966,כד אלול תשכו
10/09/1966,כה אלול תשכו
11/09/1966,כו אלול תשכו
12/09/1966,כז אלול תשכו
13/09/1966,כח אלול תשכו
14/09/1966,כט אלול תשכו
15/09/1966,א תשרי תשכז
16/09/1966,ב תשרי תשכז
17/09/1966,ג תשרי תשכז
18/09/1966,ד תשרי תשכז
19/09/1966,ה תשרי תשכז
20/09/1966,ו תשרי תשכז
21/09/1966,ז תשרי תשכז
22/09/1966,ח תשרי תשכז
23/09/1966,ט תשרי תשכז
24/09/1966,י תשרי תשכז
25/09/1966,יא תשרי תשכז
26/09/1966,יב תשרי תשכז
27/09/1966,יג תשרי תשכז
28/09/1966,יד תשרי תשכז
29/09/1966,טו תשרי תשכז
30/09/1966,טז תשרי תשכז
01/10/1966,יז תשרי תשכז
02/10/1966,יח תשרי תשכז
03/10/1966,יט תשרי תשכז
04/10/1966,כ תשרי תשכז
05/10/1966,כא תשרי תשכז
06/10/1966,כב תשרי תשכז
07/10/1966,כג תשרי תשכז
08/10/1966,כד תשרי תשכז
09/10/1966,כה תשרי תשכז
10/10/1966,כו תשרי תשכז
11/10/1966,כז תשרי תשכז
12/10/1966,כח תשרי תשכז
13/10/1966,כט תשרי תשכז
14/10/1966,ל תשרי תשכז
15/10/1966,א חשון תשכז
16/10/1966,ב חשון תשכז
17/10/1966,ג חשון תשכז
18/10/1966,ד חשון תשכז
19/10/1966,ה חשון תשכז
20/10/1966,ו חשון תשכז
21/10/1966,ז חשון תשכז
22/10/1966,ח חשון תשכז
23/10/1966,ט חשון תשכז
24/10/1966,י חשון תשכז
25/10/1966,יא חשון תשכז
26/10/1966,יב חשון תשכז
27/10/1966,יג חשון תשכז
28/10/1966,יד חשון תשכז
29/10/1966,טו חשון תשכז
30/10/1966,טז חשון תשכז
31/10/1966,יז חשון תשכז
01/11/1966,יח חשון תשכז
02/11/1966,יט חשון תשכז
03/11/1966,כ חשון תשכז
04/11/1966,כא חשון תשכז
05/11/1966,כב חשון תשכז
06/11/1966,כג חשון תשכז
07/11/1966,כד חשון תשכז
08/11/1966,כה חשון תשכז
09/11/1966,כו חשון תשכז
10/11/1966,כז חשון תשכז
11/11/1966,כח חשון תשכז
12/11/1966,כט חשון תשכז
13/11/1966,ל חשון תשכז
14/11/1966,א כסלו תשכז
15/11/1966,ב כסלו תשכז
16/11/1966,ג כסלו תשכז
17/11/1966,ד כסלו תשכז
18/11/1966,ה כסלו תשכז
19/11/1966,ו כסלו תשכז
20/11/1966,ז כסלו תשכז
21/11/1966,ח כסלו תשכז
22/11/1966,ט כסלו תשכז
23/11/1966,י כסלו תשכז
24/11/1966,יא כסלו תשכז
25/11/1966,יב כסלו תשכז
26/11/1966,יג כסלו תשכז
27/11/1966,יד כסלו תשכז
28/11/1966,טו כסלו תשכז
29/11/1966,טז כסלו תשכז
30/11/1966,יז כסלו תשכז
01/12/1966,יח כסלו תשכז
02/12/1966,יט כסלו תשכז
03/12/1966,כ כסלו תשכז
04/12/1966,כא כסלו תשכז
05/12/1966,כב כסלו תשכז
06/12/1966,כג כסלו תשכז
07/12/1966,כד כסלו תשכז
08/12/1966,כה כסלו תשכז
09/12/1966,כו כסלו תשכז
10/12/1966,כז כסלו תשכז
11/12/1966,כח כסלו תשכז
12/12/1966,כט כסלו תשכז
13/12/1966,ל כסלו תשכז
14/12/1966,א טבת תשכז
15/12/1966,ב טבת תשכז
16/12/1966,ג טבת תשכז
17/12/1966,ד טבת תשכז
18/12/1966,ה טבת תשכז
19/12/1966,ו טבת תשכז
20/12/1966,ז טבת תשכז
21/12/1966,ח טבת תשכז
22/12/1966,ט טבת תשכז
23/12/1966,י טבת תשכז
24/12/1966,יא טבת תשכז
25/12/1966,יב טבת תשכז
26/12/1966,יג טבת תשכז
27/12/1966,יד טבת תשכז
28/12/1966,טו טבת תשכז
29/12/1966,טז טבת תשכז
30/12/1966,יז טבת תשכז
31/12/1966,יח טבת תשכז
01/01/1967,יט טבת תשכז
02/01/1967,כ טבת תשכז
03/01/1967,כא טבת תשכז
04/01/1967,כב טבת תשכז
05/01/1967,כג טבת תשכז
06/01/1967,כד טבת תשכז
07/01/1967,כה טבת תשכז
08/01/1967,כו טבת תשכז
09/01/1967,כז טבת תשכז
10/01/1967,כח טבת תשכז
11/01/1967,כט טבת תשכז
12/01/1967,א שבט תשכז
13/01/1967,ב שבט תשכז
14/01/1967,ג שבט תשכז
15/01/1967,ד שבט תשכז
16/01/1967,ה שבט תשכז
17/01/1967,ו שבט תשכז
18/01/1967,ז שבט תשכז
19/01/1967,ח שבט תשכז
20/01/1967,ט שבט תשכז
21/01/1967,י שבט תשכז
22/01/1967,יא שבט תשכז
23/01/1967,יב שבט תשכז
24/01/1967,יג שבט תשכז
25/01/1967,יד שבט תשכז
26/01/1967,טו שבט תשכז
27/01/1967,טז שבט תשכז
28/01/1967,יז שבט תשכז
29/01/1967,יח שבט תשכז
30/01/1967,יט שבט תשכז
31/01/1967,כ שבט תשכז
01/02/1967,כא שבט תשכז
02/02/1967,כב שבט תשכז
03/02/1967,כג שבט תשכז
04/02/1967,כד שבט תשכז
05/02/1967,כה שבט תשכז
06/02/1967,כו שבט תשכז
07/02/1967,כז שבט תשכז
08/02/1967,כח שבט תשכז
09/02/1967,כט שבט תשכז
10/02/1967,ל שבט תשכז
11/02/1967,א אדר-א תשכז
12/02/1967,ב אדר-א תשכז
13/02/1967,ג אדר-א תשכז
14/02/1967,ד אדר-א תשכז
15/02/1967,ה אדר-א תשכז
16/02/1967,ו אדר-א תשכז
17/02/1967,ז אדר-א תשכז
18/02/1967,ח אדר-א תשכז
19/02/1967,ט אדר-א תשכז
20/02/1967,י אדר-א תשכז
21/02/1967,יא אדר-א תשכז
22/02/1967,יב אדר-א תשכז
23/02/1967,יג אדר-א תשכז
24/02/1967,יד אדר-א תשכז
25/02/1967,טו אדר-א תשכז
26/02/1967,טז אדר-א תשכז
27/02/1967,יז אדר-א תשכז
28/02/1967,יח אדר-א תשכז
01/03/1967,יט אדר-א תשכז
02/03/1967,כ אדר-א תשכז
03/03/1967,כא אדר-א תשכז
04/03/1967,כב אדר-א תשכז
05/03/1967,כג אדר-א תשכז
06/03/1967,כד אדר-א תשכז
07/03/1967,כה אדר-א תשכז
08/03/1967,כו אדר-א תשכז
09/03/1967,כז אדר-א תשכז
10/03/1967,כח אדר-א תשכז
11/03/1967,כט אדר-א תשכז
12/03/1967,ל אדר-א תשכז
13/03/1967,א אדר-ב תשכז
14/03/1967,ב אדר-ב תשכז
15/03/1967,ג אדר-ב תשכז
16/03/1967,ד אדר-ב תשכז
17/03/1967,ה אדר-ב תשכז
18/03/1967,ו אדר-ב תשכז
19/03/1967,ז אדר-ב תשכז
20/03/1967,ח אדר-ב תשכז
21/03/1967,ט אדר-ב תשכז
22/03/1967,י אדר-ב תשכז
23/03/1967,יא אדר-ב תשכז
24/03/1967,יב אדר-ב תשכז
25/03/1967,יג אדר-ב תשכז
26/03/1967,יד אדר-ב תשכז
27/03/1967,טו אדר-ב תשכז
28/03/1967,טז אדר-ב תשכז
29/03/1967,יז אדר-ב תשכז
30/03/1967,יח אדר-ב תשכז
31/03/1967,יט אדר-ב תשכז
01/04/1967,כ אדר-ב תשכז
02/04/1967,כא אדר-ב תשכז
03/04/1967,כב אדר-ב תשכז
04/04/1967,כג אדר-ב תשכז
05/04/1967,כד אדר-ב תשכז
06/04/1967,כה אדר-ב תשכז
07/04/1967,כו אדר-ב תשכז
08/04/1967,כז אדר-ב תשכז
09/04/1967,כח אדר-ב תשכז
10/04/1967,כט אדר-ב תשכז
11/04/1967,א ניסן תשכז
12/04/1967,ב ניסן תשכז
13/04/1967,ג ניסן תשכז
14/04/1967,ד ניסן תשכז
15/04/1967,ה ניסן תשכז
16/04/1967,ו ניסן תשכז
17/04/1967,ז ניסן תשכז
18/04/1967,ח ניסן תשכז
19/04/1967,ט ניסן תשכז
20/04/1967,י ניסן תשכז
21/04/1967,יא ניסן תשכז
22/04/1967,יב ניסן תשכז
23/04/1967,יג ניסן תשכז
24/04/1967,יד ניסן תשכז
25/04/1967,טו ניסן תשכז
26/04/1967,טז ניסן תשכז
27/04/1967,יז ניסן תשכז
28/04/1967,יח ניסן תשכז
29/04/1967,יט ניסן תשכז
30/04/1967,כ ניסן תשכז
01/05/1967,כא ניסן תשכז
02/05/1967,כב ניסן תשכז
03/05/1967,כג ניסן תשכז
04/05/1967,כד ניסן תשכז
05/05/1967,כה ניסן תשכז
06/05/1967,כו ניסן תשכז
07/05/1967,כז ניסן תשכז
08/05/1967,כח ניסן תשכז
09/05/1967,כט ניסן תשכז
10/05/1967,ל ניסן תשכז
11/05/1967,א אייר תשכז
12/05/1967,ב אייר תשכז
13/05/1967,ג אייר תשכז
14/05/1967,ד אייר תשכז
15/05/1967,ה אייר תשכז
16/05/1967,ו אייר תשכז
17/05/1967,ז אייר תשכז
18/05/1967,ח אייר תשכז
19/05/1967,ט אייר תשכז
20/05/1967,י אייר תשכז
21/05/1967,יא אייר תשכז
22/05/1967,יב אייר תשכז
23/05/1967,יג אייר תשכז
24/05/1967,יד אייר תשכז
25/05/1967,טו אייר תשכז
26/05/1967,טז אייר תשכז
27/05/1967,יז אייר תשכז
28/05/1967,יח אייר תשכז
29/05/1967,יט אייר תשכז
30/05/1967,כ אייר תשכז
31/05/1967,כא אייר תשכז
01/06/1967,כב אייר תשכז
02/06/1967,כג אייר תשכז
03/06/1967,כד אייר תשכז
04/06/1967,כה אייר תשכז
05/06/1967,כו אייר תשכז
06/06/1967,כז אייר תשכז
07/06/1967,כח אייר תשכז
08/06/1967,כט אייר תשכז
09/06/1967,א סיון תשכז
10/06/1967,ב סיון תשכז
11/06/1967,ג סיון תשכז
12/06/1967,ד סיון תשכז
13/06/1967,ה סיון תשכז
14/06/1967,ו סיון תשכז
15/06/1967,ז סיון תשכז
16/06/1967,ח סיון תשכז
17/06/1967,ט סיון תשכז
18/06/1967,י סיון תשכז
19/06/1967,יא סיון תשכז
20/06/1967,יב סיון תשכז
21/06/1967,יג סיון תשכז
22/06/1967,יד סיון תשכז
23/06/1967,טו סיון תשכז
24/06/1967,טז סיון תשכז
25/06/1967,יז סיון תשכז
26/06/1967,יח סיון תשכז
27/06/1967,יט סיון תשכז
28/06/1967,כ סיון תשכז
29/06/1967,כא סיון תשכז
30/06/1967,כב סיון תשכז
01/07/1967,כג סיון תשכז
02/07/1967,כד סיון תשכז
03/07/1967,כה סיון תשכז
04/07/1967,כו סיון תשכז
05/07/1967,כז סיון תשכז
06/07/1967,כח סיון תשכז
07/07/1967,כט סיון תשכז
08/07/1967,ל סיון תשכז
09/07/1967,א תמוז תשכז
10/07/1967,ב תמוז תשכז
11/07/1967,ג תמוז תשכז
12/07/1967,ד תמוז תשכז
13/07/1967,ה תמוז תשכז
14/07/1967,ו תמוז תשכז
15/07/1967,ז תמוז תשכז
16/07/1967,ח תמוז תשכז
17/07/1967,ט תמוז תשכז
18/07/1967,י תמוז תשכז
19/07/1967,יא תמוז תשכז
20/07/1967,יב תמוז תשכז
21/07/1967,יג תמוז תשכז
22/07/1967,יד תמוז תשכז
23/07/1967,טו תמוז תשכז
24/07/1967,טז תמוז תשכז
25/07/1967,יז תמוז תשכז
26/07/1967,יח תמוז תשכז
27/07/1967,יט תמוז תשכז
28/07/1967,כ תמוז תשכז
29/07/1967,כא תמוז תשכז
30/07/1967,כב תמוז תשכז
31/07/1967,כג תמוז תשכז
01/08/1967,כד תמוז תשכז
02/08/1967,כה תמוז תשכז
03/08/1967,כו תמוז תשכז
04/08/1967,כז תמוז תשכז
05/08/1967,כח תמוז תשכז
06/08/1967,כט תמוז תשכז
07/08/1967,א אב תשכז
08/08/1967,ב אב תשכז
09/08/1967,ג אב תשכז
10/08/1967,ד אב תשכז
11/08/1967,ה אב תשכז
12/08/1967,ו אב תשכז
13/08/1967,ז אב תשכז
14/08/1967,ח אב תשכז
15/08/1967,ט אב תשכז
16/08/1967,י אב תשכז
17/08/1967,יא אב תשכז
18/08/1967,יב אב תשכז
19/08/1967,יג אב תשכז
20/08/1967,יד אב תשכז
21/08/1967,טו אב תשכז
22/08/1967,טז אב תשכז
23/08/1967,יז אב תשכז
24/08/1967,יח אב תשכז
25/08/1967,יט אב תשכז
26/08/1967,כ אב תשכז
27/08/1967,כא אב תשכז
28/08/1967,כב אב תשכז
29/08/1967,כג אב תשכז
30/08/1967,כד אב תשכז
31/08/1967,כה אב תשכז
01/09/1967,כו אב תשכז
02/09/1967,כז אב תשכז
03/09/1967,כח אב תשכז
04/09/1967,כט אב תשכז
05/09/1967,ל אב תשכז
06/09/1967,א אלול תשכז
07/09/1967,ב אלול תשכז
08/09/1967,ג אלול תשכז
09/09/1967,ד אלול תשכז
10/09/1967,ה אלול תשכז
11/09/1967,ו אלול תשכז
12/09/1967,ז אלול תשכז
13/09/1967,ח אלול תשכז
14/09/1967,ט אלול תשכז
15/09/1967,י אלול תשכז
16/09/1967,יא אלול תשכז
17/09/1967,יב אלול תשכז
18/09/1967,יג אלול תשכז
19/09/1967,יד אלול תשכז
20/09/1967,טו אלול תשכז
21/09/1967,טז אלול תשכז
22/09/1967,יז אלול תשכז
23/09/1967,יח אלול תשכז
24/09/1967,יט אלול תשכז
25/09/1967,כ אלול תשכז
26/09/1967,כא אלול תשכז
27/09/1967,כב אלול תשכז
28/09/1967,כג אלול תשכז
29/09/1967,כד אלול תשכז
30/09/1967,כה אלול תשכז
01/10/1967,כו אלול תשכז
02/10/1967,כז אלול תשכז
03/10/1967,כח אלול תשכז
04/10/1967,כט אלול תשכז
05/10/1967,א תשרי תשכח
06/10/1967,ב תשרי תשכח
07/10/1967,ג תשרי תשכח
08/10/1967,ד תשרי תשכח
09/10/1967,ה תשרי תשכח
10/10/1967,ו תשרי תשכח
11/10/1967,ז תשרי תשכח
12/10/1967,ח תשרי תשכח
13/10/1967,ט תשרי תשכח
14/10/1967,י תשרי תשכח
15/10/1967,יא תשרי תשכח
16/10/1967,יב תשרי תשכח
17/10/1967,יג תשרי תשכח
18/10/1967,יד תשרי תשכח
19/10/1967,טו תשרי תשכח
20/10/1967,טז תשרי תשכח
21/10/1967,יז תשרי תשכח
22/10/1967,יח תשרי תשכח
23/10/1967,יט תשרי תשכח
24/10/1967,כ תשרי תשכח
25/10/1967,כא תשרי תשכח
26/10/1967,כב תשרי תשכח
27/10/1967,כג תשרי תשכח
28/10/1967,כד תשרי תשכח
29/10/1967,כה תשרי תשכח
30/10/1967,כו תשרי תשכח
31/10/1967,כז תשרי תשכח
01/11/1967,כח תשרי תשכח
02/11/1967,כט תשרי תשכח
03/11/1967,ל תשרי תשכח
04/11/1967,א חשון תשכח
05/11/1967,ב חשון תשכח
06/11/1967,ג חשון תשכח
07/11/1967,ד חשון תשכח
08/11/1967,ה חשון תשכח
09/11/1967,ו חשון תשכח
10/11/1967,ז חשון תשכח
11/11/1967,ח חשון תשכח
12/11/1967,ט חשון תשכח
13/11/1967,י חשון תשכח
14/11/1967,יא חשון תשכח
15/11/1967,יב חשון תשכח
16/11/1967,יג חשון תשכח
17/11/1967,יד חשון תשכח
18/11/1967,טו חשון תשכח
19/11/1967,טז חשון תשכח
20/11/1967,יז חשון תשכח
21/11/1967,יח חשון תשכח
22/11/1967,יט חשון תשכח
23/11/1967,כ חשון תשכח
24/11/1967,כא חשון תשכח
25/11/1967,כב חשון תשכח
26/11/1967,כג חשון תשכח
27/11/1967,כד חשון תשכח
28/11/1967,כה חשון תשכח
29/11/1967,כו חשון תשכח
30/11/1967,כז חשון תשכח
01/12/1967,כח חשון תשכח
02/12/1967,כט חשון תשכח
03/12/1967,א כסלו תשכח
04/12/1967,ב כסלו תשכח
05/12/1967,ג כסלו תשכח
06/12/1967,ד כסלו תשכח
07/12/1967,ה כסלו תשכח
08/12/1967,ו כסלו תשכח
09/12/1967,ז כסלו תשכח
10/12/1967,ח כסלו תשכח
11/12/1967,ט כסלו תשכח
12/12/1967,י כסלו תשכח
13/12/1967,יא כסלו תשכח
14/12/1967,יב כסלו תשכח
15/12/1967,יג כסלו תשכח
16/12/1967,יד כסלו תשכח
17/12/1967,טו כסלו תשכח
18/12/1967,טז כסלו תשכח
19/12/1967,יז כסלו תשכח
20/12/1967,יח כסלו תשכח
21/12/1967,יט כסלו תשכח
22/12/1967,כ כסלו תשכח
23/12/1967,כא כסלו תשכח
24/12/1967,כב כסלו תשכח
25/12/1967,כג כסלו תשכח
26/12/1967,כד כסלו תשכח
27/12/1967,כה כסלו תשכח
28/12/1967,כו כסלו תשכח
29/12/1967,כז כסלו תשכח
30/12/1967,כח כסלו תשכח
31/12/1967,כט כסלו תשכח
01/01/1968,ל כסלו תשכח
02/01/1968,א טבת תשכח
03/01/1968,ב טבת תשכח
04/01/1968,ג טבת תשכח
05/01/1968,ד טבת תשכח
06/01/1968,ה טבת תשכח
07/01/1968,ו טבת תשכח
08/01/1968,ז טבת תשכח
09/01/1968,ח טבת תשכח
10/01/1968,ט טבת תשכח
11/01/1968,י טבת תשכח
12/01/1968,יא טבת תשכח
13/01/1968,יב טבת תשכח
14/01/1968,יג טבת תשכח
15/01/1968,יד טבת תשכח
16/01/1968,טו טבת תשכח
17/01/1968,טז טבת תשכח
18/01/1968,יז טבת תשכח
19/01/1968,יח טבת תשכח
20/01/1968,יט טבת תשכח
21/01/1968,כ טבת תשכח
22/01/1968,כא טבת תשכח
23/01/1968,כב טבת תשכח
24/01/1968,כג טבת תשכח
25/01/1968,כד טבת תשכח
26/01/1968,כה טבת תשכח
27/01/1968,כו טבת תשכח
28/01/1968,כז טבת תשכח
29/01/1968,כח טבת תשכח
30/01/1968,כט טבת תשכח
31/01/1968,א שבט תשכח
01/02/1968,ב שבט תשכח
02/02/1968,ג שבט תשכח
03/02/1968,ד שבט תשכח
04/02/1968,ה שבט תשכח
05/02/1968,ו שבט תשכח
06/02/1968,ז שבט תשכח
07/02/1968,ח שבט תשכח
08/02/1968,ט שבט תשכח
09/02/1968,י שבט תשכח
10/02/1968,יא שבט תשכח
11/02/1968,יב שבט תשכח
12/02/1968,יג שבט תשכח
13/02/1968,יד שבט תשכח
14/02/1968,טו שבט תשכח
15/02/1968,טז שבט תשכח
16/02/1968,יז שבט תשכח
17/02/1968,יח שבט תשכח
18/02/1968,יט שבט תשכח
19/02/1968,כ שבט תשכח
20/02/1968,כא שבט תשכח
21/02/1968,כב שבט תשכח
22/02/1968,כג שבט תשכח
23/02/1968,כד שבט תשכח
24/02/1968,כה שבט תשכח
25/02/1968,כו שבט תשכח
26/02/1968,כז שבט תשכח
27/02/1968,כח שבט תשכח
28/02/1968,כט שבט תשכח
29/02/1968,ל שבט תשכח
01/03/1968,א אדר תשכח
02/03/1968,ב אדר תשכח
03/03/1968,ג אדר תשכח
04/03/1968,ד אדר תשכח
05/03/1968,ה אדר תשכח
06/03/1968,ו אדר תשכח
07/03/1968,ז אדר תשכח
08/03/1968,ח אדר תשכח
09/03/1968,ט אדר תשכח
10/03/1968,י אדר תשכח
11/03/1968,יא אדר תשכח
12/03/1968,יב אדר תשכח
13/03/1968,יג אדר תשכח
14/03/1968,יד אדר תשכח
15/03/1968,טו אדר תשכח
16/03/1968,טז אדר תשכח
17/03/1968,יז אדר תשכח
18/03/1968,יח אדר תשכח
19/03/1968,יט אדר תשכח
20/03/1968,כ אדר תשכח
21/03/1968,כא אדר תשכח
22/03/1968,כב אדר תשכח
23/03/1968,כג אדר תשכח
24/03/1968,כד אדר תשכח
25/03/1968,כה אדר תשכח
26/03/1968,כו אדר תשכח
27/03/1968,כז אדר תשכח
28/03/1968,כח אדר תשכח
29/03/1968,כט אדר תשכח
30/03/1968,א ניסן תשכח
31/03/1968,ב ניסן תשכח
01/04/1968,ג ניסן תשכח
02/04/1968,ד ניסן תשכח
03/04/1968,ה ניסן תשכח
04/04/1968,ו ניסן תשכח
05/04/1968,ז ניסן תשכח
06/04/1968,ח ניסן תשכח
07/04/1968,ט ניסן תשכח
08/04/1968,י ניסן תשכח
09/04/1968,יא ניסן תשכח
10/04/1968,יב ניסן תשכח
11/04/1968,יג ניסן תשכח
12/04/1968,יד ניסן תשכח
13/04/1968,טו ניסן תשכח
14/04/1968,טז ניסן תשכח
15/04/1968,יז ניסן תשכח
16/04/1968,יח ניסן תשכח
17/04/1968,יט ניסן תשכח
18/04/1968,כ ניסן תשכח
19/04/1968,כא ניסן תשכח
20/04/1968,כב ניסן תשכח
21/04/1968,כג ניסן תשכח
22/04/1968,כד ניסן תשכח
23/04/1968,כה ניסן תשכח
24/04/1968,כו ניסן תשכח
25/04/1968,כז ניסן תשכח
26/04/1968,כח ניסן תשכח
27/04/1968,כט ניסן תשכח
28/04/1968,ל ניסן תשכח
29/04/1968,א אייר תשכח
30/04/1968,ב אייר תשכח
01/05/1968,ג אייר תשכח
02/05/1968,ד אייר תשכח
03/05/1968,ה אייר תשכח
04/05/1968,ו אייר תשכח
05/05/1968,ז אייר תשכח
06/05/1968,ח אייר תשכח
07/05/1968,ט אייר תשכח
08/05/1968,י אייר תשכח
09/05/1968,יא אייר תשכח
10/05/1968,יב אייר תשכח
11/05/1968,יג אייר תשכח
12/05/1968,יד אייר תשכח
13/05/1968,טו אייר תשכח
14/05/1968,טז אייר תשכח
15/05/1968,יז אייר תשכח
16/05/1968,יח אייר תשכח
17/05/1968,יט אייר תשכח
18/05/1968,כ אייר תשכח
19/05/1968,כא אייר תשכח
20/05/1968,כב אייר תשכח
21/05/1968,כג אייר תשכח
22/05/1968,כד אייר תשכח
23/05/1968,כה אייר תשכח
24/05/1968,כו אייר תשכח
25/05/1968,כז אייר תשכח
26/05/1968,כח אייר תשכח
27/05/1968,כט אייר תשכח
28/05/1968,א סיון תשכח
29/05/1968,ב סיון תשכח
30/05/1968,ג סיון תשכח
31/05/1968,ד סיון תשכח
01/06/1968,ה סיון תשכח
02/06/1968,ו סיון תשכח
03/06/1968,ז סיון תשכח
04/06/1968,ח סיון תשכח
05/06/1968,ט סיון תשכח
06/06/1968,י סיון תשכח
07/06/1968,יא סיון תשכח
08/06/1968,יב סיון תשכח
09/06/1968,יג סיון תשכח
10/06/1968,יד סיון תשכח
11/06/1968,טו סיון תשכח
12/06/1968,טז סיון תשכח
13/06/1968,יז סיון תשכח
14/06/1968,יח סיון תשכח
15/06/1968,יט סיון תשכח
16/06/1968,כ סיון תשכח
17/06/1968,כא סיון תשכח
18/06/1968,כב סיון תשכח
19/06/1968,כג סיון תשכח
20/06/1968,כד סיון תשכח
21/06/1968,כה סיון תשכח
22/06/1968,כו סיון תשכח
23/06/1968,כז סיון תשכח
24/06/1968,כח סיון תשכח
25/06/1968,כט סיון תשכח
26/06/1968,ל סיון תשכח
27/06/1968,א תמוז תשכח
28/06/1968,ב תמוז תשכח
29/06/1968,ג תמוז תשכח
30/06/1968,ד תמוז תשכח
01/07/1968,ה תמוז תשכח
02/07/1968,ו תמוז תשכח
03/07/1968,ז תמוז תשכח
04/07/1968,ח תמוז תשכח
05/07/1968,ט תמוז תשכח
06/07/1968,י תמוז תשכח
07/07/1968,יא תמוז תשכח
08/07/1968,יב תמוז תשכח
09/07/1968,יג תמוז תשכח
10/07/1968,יד תמוז תשכח
11/07/1968,טו תמוז תשכח
12/07/1968,טז תמוז תשכח
13/07/1968,יז תמוז תשכח
14/07/1968,יח תמוז תשכח
15/07/1968,יט תמוז תשכח
16/07/1968,כ תמוז תשכח
17/07/1968,כא תמוז תשכח
18/07/1968,כב תמוז תשכח
19/07/1968,כג תמוז תשכח
20/07/1968,כד תמוז תשכח
21/07/1968,כה תמוז תשכח
22/07/1968,כו תמוז תשכח
23/07/1968,כז תמוז תשכח
24/07/1968,כח תמוז תשכח
25/07/1968,כט תמוז תשכח
26/07/1968,א אב תשכח
27/07/1968,ב אב תשכח
28/07/1968,ג אב תשכח
29/07/1968,ד אב תשכח
30/07/1968,ה אב תשכח
31/07/1968,ו אב תשכח
01/08/1968,ז אב תשכח
02/08/1968,ח אב תשכח
03/08/1968,ט אב תשכח
04/08/1968,י אב תשכח
05/08/1968,יא אב תשכח
06/08/1968,יב אב תשכח
07/08/1968,יג אב תשכח
08/08/1968,יד אב תשכח
09/08/1968,טו אב תשכח
10/08/1968,טז אב תשכח
11/08/1968,יז אב תשכח
12/08/1968,יח אב תשכח
13/08/1968,יט אב תשכח
14/08/1968,כ אב תשכח
15/08/1968,כא אב תשכח
16/08/1968,כב אב תשכח
17/08/1968,כג אב תשכח
18/08/1968,כד אב תשכח
19/08/1968,כה אב תשכח
20/08/1968,כו אב תשכח
21/08/1968,כז אב תשכח
22/08/1968,כח אב תשכח
23/08/1968,כט אב תשכח
24/08/1968,ל אב תשכח
25/08/1968,א אלול תשכח
26/08/1968,ב אלול תשכח
27/08/1968,ג אלול תשכח
28/08/1968,ד אלול תשכח
29/08/1968,ה אלול תשכח
30/08/1968,ו אלול תשכח
31/08/1968,ז אלול תשכח
01/09/1968,ח אלול תשכח
02/09/1968,ט אלול תשכח
03/09/1968,י אלול תשכח
04/09/1968,יא אלול תשכח
05/09/1968,יב אלול תשכח
06/09/1968,יג אלול תשכח
07/09/1968,יד אלול תשכח
08/09/1968,טו אלול תשכח
09/09/1968,טז אלול תשכח
10/09/1968,יז אלול תשכח
11/09/1968,יח אלול תשכח
12/09/1968,יט אלול תשכח
13/09/1968,כ אלול תשכח
14/09/1968,כא אלול תשכח
15/09/1968,כב אלול תשכח
16/09/1968,כג אלול תשכח
17/09/1968,כד אלול תשכח
18/09/1968,כה אלול תשכח
19/09/1968,כו אלול תשכח
20/09/1968,כז אלול תשכח
21/09/1968,כח אלול תשכח
22/09/1968,כט אלול תשכח
23/09/1968,א תשרי תשכט
24/09/1968,ב תשרי תשכט
25/09/1968,ג תשרי תשכט
26/09/1968,ד תשרי תשכט
27/09/1968,ה תשרי תשכט
28/09/1968,ו תשרי תשכט
29/09/1968,ז תשרי תשכט
30/09/1968,ח תשרי תשכט
01/10/1968,ט תשרי תשכט
02/10/1968,י תשרי תשכט
03/10/1968,יא תשרי תשכט
04/10/1968,יב תשרי תשכט
05/10/1968,יג תשרי תשכט
06/10/1968,יד תשרי תשכט
07/10/1968,טו תשרי תשכט
08/10/1968,טז תשרי תשכט
09/10/1968,יז תשרי תשכט
10/10/1968,יח תשרי תשכט
11/10/1968,יט תשרי תשכט
12/10/1968,כ תשרי תשכט
13/10/1968,כא תשרי תשכט
14/10/1968,כב תשרי תשכט
15/10/1968,כג תשרי תשכט
16/10/1968,כד תשרי תשכט
17/10/1968,כה תשרי תשכט
18/10/1968,כו תשרי תשכט
19/10/1968,כז תשרי תשכט
20/10/1968,כח תשרי תשכט
21/10/1968,כט תשרי תשכט
22/10/1968,ל תשרי תשכט
23/10/1968,א חשון תשכט
24/10/1968,ב חשון תשכט
25/10/1968,ג חשון תשכט
26/10/1968,ד חשון תשכט
27/10/1968,ה חשון תשכט
28/10/1968,ו חשון תשכט
29/10/1968,ז חשון תשכט
30/10/1968,ח חשון תשכט
31/10/1968,ט חשון תשכט
01/11/1968,י חשון תשכט
02/11/1968,יא חשון תשכט
03/11/1968,יב חשון תשכט
04/11/1968,יג חשון תשכט
05/11/1968,יד חשון תשכט
06/11/1968,טו חשון תשכט
07/11/1968,טז חשון תשכט
08/11/1968,יז חשון תשכט
09/11/1968,יח חשון תשכט
10/11/1968,יט חשון תשכט
11/11/1968,כ חשון תשכט
12/11/1968,כא חשון תשכט
13/11/1968,כב חשון תשכט
14/11/1968,כג חשון תשכט
15/11/1968,כד חשון תשכט
16/11/1968,כה חשון תשכט
17/11/1968,כו חשון תשכט
18/11/1968,כז חשון תשכט
19/11/1968,כח חשון תשכט
20/11/1968,כט חשון תשכט
21/11/1968,ל חשון תשכט
22/11/1968,א כסלו תשכט
23/11/1968,ב כסלו תשכט
24/11/1968,ג כסלו תשכט
25/11/1968,ד כסלו תשכט
26/11/1968,ה כסלו תשכט
27/11/1968,ו כסלו תשכט
28/11/1968,ז כסלו תשכט
29/11/1968,ח כסלו תשכט
30/11/1968,ט כסלו תשכט
01/12/1968,י כסלו תשכט
02/12/1968,יא כסלו תשכט
03/12/1968,יב כסלו תשכט
04/12/1968,יג כסלו תשכט
05/12/1968,יד כסלו תשכט
06/12/1968,טו כסלו תשכט
07/12/1968,טז כסלו תשכט
08/12/1968,יז כסלו תשכט
09/12/1968,יח כסלו תשכט
10/12/1968,יט כסלו תשכט
11/12/1968,כ כסלו תשכט
12/12/1968,כא כסלו תשכט
13/12/1968,כב כסלו תשכט
14/12/1968,כג כסלו תשכט
15/12/1968,כד כסלו תשכט
16/12/1968,כה כסלו תשכט
17/12/1968,כו כסלו תשכט
18/12/1968,כז כסלו תשכט
19/12/1968,כח כסלו תשכט
20/12/1968,כט כסלו תשכט
21/12/1968,ל כסלו תשכט
22/12/1968,א טבת תשכט
23/12/1968,ב טבת תשכט
24/12/1968,ג טבת תשכט
25/12/1968,ד טבת תשכט
26/12/1968,ה טבת תשכט
27/12/1968,ו טבת תשכט
28/12/1968,ז טבת תשכט
29/12/1968,ח טבת תשכט
30/12/1968,ט טבת תשכט
31/12/1968,י טבת תשכט
01/01/1969,יא טבת תשכט
02/01/1969,יב טבת תשכט
03/01/1969,יג טבת תשכט
04/01/1969,יד טבת תשכט
05/01/1969,טו טבת תשכט
06/01/1969,טז טבת תשכט
07/01/1969,יז טבת תשכט
08/01/1969,יח טבת תשכט
09/01/1969,יט טבת תשכט
10/01/1969,כ טבת תשכט
11/01/1969,כא טבת תשכט
12/01/1969,כב טבת תשכט
13/01/1969,כג טבת תשכט
14/01/1969,כד טבת תשכט
15/01/1969,כה טבת תשכט
16/01/1969,כו טבת תשכט
17/01/1969,כז טבת תשכט
18/01/1969,כח טבת תשכט
19/01/1969,כט טבת תשכט
20/01/1969,א שבט תשכט
21/01/1969,ב שבט תשכט
22/01/1969,ג שבט תשכט
23/01/1969,ד שבט תשכט
24/01/1969,ה שבט תשכט
25/01/1969,ו שבט תשכט
26/01/1969,ז שבט תשכט
27/01/1969,ח שבט תשכט
28/01/1969,ט שבט תשכט
29/01/1969,י שבט תשכט
30/01/1969,יא שבט תשכט
31/01/1969,יב שבט תשכט
01/02/1969,יג שבט תשכט
02/02/1969,יד שבט תשכט
03/02/1969,טו שבט תשכט
04/02/1969,טז שבט תשכט
05/02/1969,יז שבט תשכט
06/02/1969,יח שבט תשכט
07/02/1969,יט שבט תשכט
08/02/1969,כ שבט תשכט
09/02/1969,כא שבט תשכט
10/02/1969,כב שבט תשכט
11/02/1969,כג שבט תשכט
12/02/1969,כד שבט תשכט
13/02/1969,כה שבט תשכט
14/02/1969,כו שבט תשכט
15/02/1969,כז שבט תשכט
16/02/1969,כח שבט תשכט
17/02/1969,כט שבט תשכט
18/02/1969,ל שבט תשכט
19/02/1969,א אדר תשכט
20/02/1969,ב אדר תשכט
21/02/1969,ג אדר תשכט
22/02/1969,ד אדר תשכט
23/02/1969,ה אדר תשכט
24/02/1969,ו אדר תשכט
25/02/1969,ז אדר תשכט
26/02/1969,ח אדר תשכט
27/02/1969,ט אדר תשכט
28/02/1969,י אדר תשכט
01/03/1969,יא אדר תשכט
02/03/1969,יב אדר תשכט
03/03/1969,יג אדר תשכט
04/03/1969,יד אדר תשכט
05/03/1969,טו אדר תשכט
06/03/1969,טז אדר תשכט
07/03/1969,יז אדר תשכט
08/03/1969,יח אדר תשכט
09/03/1969,יט אדר תשכט
10/03/1969,כ אדר תשכט
11/03/1969,כא אדר תשכט
12/03/1969,כב אדר תשכט
13/03/1969,כג אדר תשכט
14/03/1969,כד אדר תשכט
15/03/1969,כה אדר תשכט
16/03/1969,כו אדר תשכט
17/03/1969,כז אדר תשכט
18/03/1969,כח אדר תשכט
19/03/1969,כט אדר תשכט
20/03/1969,א ניסן תשכט
21/03/1969,ב ניסן תשכט
22/03/1969,ג ניסן תשכט
23/03/1969,ד ניסן תשכט
24/03/1969,ה ניסן תשכט
25/03/1969,ו ניסן תשכט
26/03/1969,ז ניסן תשכט
27/03/1969,ח ניסן תשכט
28/03/1969,ט ניסן תשכט
29/03/1969,י ניסן תשכט
30/03/1969,יא ניסן תשכט
31/03/1969,יב ניסן תשכט
01/04/1969,יג ניסן תשכט
02/04/1969,יד ניסן תשכט
03/04/1969,טו ניסן תשכט
04/04/1969,טז ניסן תשכט
05/04/1969,יז ניסן תשכט
06/04/1969,יח ניסן תשכט
07/04/1969,יט ניסן תשכט
08/04/1969,כ ניסן תשכט
09/04/1969,כא ניסן תשכט
10/04/1969,כב ניסן תשכט
11/04/1969,כג ניסן תשכט
12/04/1969,כד ניסן תשכט
13/04/1969,כה ניסן תשכט
14/04/1969,כו ניסן תשכט
15/04/1969,כז ניסן תשכט
16/04/1969,כח ניסן תשכט
17/04/1969,כט ניסן תשכט
18/04/1969,ל ניסן תשכט
19/04/1969,א אייר תשכט
20/04/1969,ב אייר תשכט
21/04/1969,ג אייר תשכט
22/04/1969,ד אייר תשכט
23/04/1969,ה אייר תשכט
24/04/1969,ו אייר תשכט
25/04/1969,ז אייר תשכט
26/04/1969,ח אייר תשכט
27/04/1969,ט אייר תשכט
28/04/1969,י אייר תשכט
29/04/1969,יא אייר תשכט
30/04/1969,יב אייר תשכט
01/05/1969,יג אייר תשכט
02/05/1969,יד אייר תשכט
03/05/1969,טו אייר תשכט
04/05/1969,טז אייר תשכט
05/05/1969,יז אייר תשכט
06/05/1969,יח אייר תשכט
07/05/1969,יט אייר תשכט
08/05/1969,כ אייר תשכט
09/05/1969,כא אייר תשכט
10/05/1969,כב אייר תשכט
11/05/1969,כג אייר תשכט
12/05/1969,כד אייר תשכט
13/05/1969,כה אייר תשכט
14/05/1969,כו אייר תשכט
15/05/1969,כז אייר תשכט
16/05/1969,כח אייר תשכט
17/05/1969,כט אייר תשכט
18/05/1969,א סיון תשכט
19/05/1969,ב סיון תשכט
20/05/1969,ג סיון תשכט
21/05/1969,ד סיון תשכט
22/05/1969,ה סיון תשכט
23/05/1969,ו סיון תשכט
24/05/1969,ז סיון תשכט
25/05/1969,ח סיון תשכט
26/05/1969,ט סיון תשכט
27/05/1969,י סיון תשכט
28/05/1969,יא סיון תשכט
29/05/1969,יב סיון תשכט
30/05/1969,יג סיון תשכט
31/05/1969,יד סיון תשכט
01/06/1969,טו סיון תשכט
02/06/1969,טז סיון תשכט
03/06/1969,יז סיון תשכט
04/06/1969,יח סיון תשכט
05/06/1969,יט סיון תשכט
06/06/1969,כ סיון תשכט
07/06/1969,כא סיון תשכט
08/06/1969,כב סיון תשכט
09/06/1969,כג סיון תשכט
10/06/1969,כד סיון תשכט
11/06/1969,כה סיון תשכט
12/06/1969,כו סיון תשכט
13/06/1969,כז סיון תשכט
14/06/1969,כח סיון תשכט
15/06/1969,כט סיון תשכט
16/06/1969,ל סיון תשכט
17/06/1969,א תמוז תשכט
18/06/1969,ב תמוז תשכט
19/06/1969,ג תמוז תשכט
20/06/1969,ד תמוז תשכט
21/06/1969,ה תמוז תשכט
22/06/1969,ו תמוז תשכט
23/06/1969,ז תמוז תשכט
24/06/1969,ח תמוז תשכט
25/06/1969,ט תמוז תשכט
26/06/1969,י תמוז תשכט
27/06/1969,יא תמוז תשכט
28/06/1969,יב תמוז תשכט
29/06/1969,יג תמוז תשכט
30/06/1969,יד תמוז תשכט
01/07/1969,טו תמוז תשכט
02/07/1969,טז תמוז תשכט
03/07/1969,יז תמוז תשכט
04/07/1969,יח תמוז תשכט
05/07/1969,יט תמוז תשכט
06/07/1969,כ תמוז תשכט
07/07/1969,כא תמוז תשכט
08/07/1969,כב תמוז תשכט
09/07/1969,כג תמוז תשכט
10/07/1969,כד תמוז תשכט
11/07/1969,כה תמוז תשכט
12/07/1969,כו תמוז תשכט
13/07/1969,כז תמוז תשכט
14/07/1969,כח תמוז תשכט
15/07/1969,כט תמוז תשכט
16/07/1969,א אב תשכט
17/07/1969,ב אב תשכט
18/07/1969,ג אב תשכט
19/07/1969,ד אב תשכט
20/07/1969,ה אב תשכט
21/07/1969,ו אב תשכט
22/07/1969,ז אב תשכט
23/07/1969,ח אב תשכט
24/07/1969,ט אב תשכט
25/07/1969,י אב תשכט
26/07/1969,יא אב תשכט
27/07/1969,יב אב תשכט
28/07/1969,יג אב תשכט
29/07/1969,יד אב תשכט
30/07/1969,טו אב תשכט
31/07/1969,טז אב תשכט
01/08/1969,יז אב תשכט
02/08/1969,יח אב תשכט
03/08/1969,יט אב תשכט
04/08/1969,כ אב תשכט
05/08/1969,כא אב תשכט
06/08/1969,כב אב תשכט
07/08/1969,כג אב תשכט
08/08/1969,כד אב תשכט
09/08/1969,כה אב תשכט
10/08/1969,כו אב תשכט
11/08/1969,כז אב תשכט
12/08/1969,כח אב תשכט
13/08/1969,כט אב תשכט
14/08/1969,ל אב תשכט
15/08/1969,א אלול תשכט
16/08/1969,ב אלול תשכט
17/08/1969,ג אלול תשכט
18/08/1969,ד אלול תשכט
19/08/1969,ה אלול תשכט
20/08/1969,ו אלול תשכט
21/08/1969,ז אלול תשכט
22/08/1969,ח אלול תשכט
23/08/1969,ט אלול תשכט
24/08/1969,י אלול תשכט
25/08/1969,יא אלול תשכט
26/08/1969,יב אלול תשכט
27/08/1969,יג אלול תשכט
28/08/1969,יד אלול תשכט
29/08/1969,טו אלול תשכט
30/08/1969,טז אלול תשכט
31/08/1969,יז אלול תשכט
01/09/1969,יח אלול תשכט
02/09/1969,יט אלול תשכט
03/09/1969,כ אלול תשכט
04/09/1969,כא אלול תשכט
05/09/1969,כב אלול תשכט
06/09/1969,כג אלול תשכט
07/09/1969,כד אלול תשכט
08/09/1969,כה אלול תשכט
09/09/1969,כו אלול תשכט
10/09/1969,כז אלול תשכט
11/09/1969,כח אלול תשכט
12/09/1969,כט אלול תשכט
13/09/1969,א תשרי תשל
14/09/1969,ב תשרי תשל
15/09/1969,ג תשרי תשל
16/09/1969,ד תשרי תשל
17/09/1969,ה תשרי תשל
18/09/1969,ו תשרי תשל
19/09/1969,ז תשרי תשל
20/09/1969,ח תשרי תשל
21/09/1969,ט תשרי תשל
22/09/1969,י תשרי תשל
23/09/1969,יא תשרי תשל
24/09/1969,יב תשרי תשל
25/09/1969,יג תשרי תשל
26/09/1969,יד תשרי תשל
27/09/1969,טו תשרי תשל
28/09/1969,טז תשרי תשל
29/09/1969,יז תשרי תשל
30/09/1969,יח תשרי תשל
01/10/1969,יט תשרי תשל
02/10/1969,כ תשרי תשל
03/10/1969,כא תשרי תשל
04/10/1969,כב תשרי תשל
05/10/1969,כג תשרי תשל
06/10/1969,כד תשרי תשל
07/10/1969,כה תשרי תשל
08/10/1969,כו תשרי תשל
09/10/1969,כז תשרי תשל
10/10/1969,כח תשרי תשל
11/10/1969,כט תשרי תשל
12/10/1969,ל תשרי תשל
13/10/1969,א חשון תשל
14/10/1969,ב חשון תשל
15/10/1969,ג חשון תשל
16/10/1969,ד חשון תשל
17/10/1969,ה חשון תשל
18/10/1969,ו חשון תשל
19/10/1969,ז חשון תשל
20/10/1969,ח חשון תשל
21/10/1969,ט חשון תשל
22/10/1969,י חשון תשל
23/10/1969,יא חשון תשל
24/10/1969,יב חשון תשל
25/10/1969,יג חשון תשל
26/10/1969,יד חשון תשל
27/10/1969,טו חשון תשל
28/10/1969,טז חשון תשל
29/10/1969,יז חשון תשל
30/10/1969,יח חשון תשל
31/10/1969,יט חשון תשל
01/11/1969,כ חשון תשל
02/11/1969,כא חשון תשל
03/11/1969,כב חשון תשל
04/11/1969,כג חשון תשל
05/11/1969,כד חשון תשל
06/11/1969,כה חשון תשל
07/11/1969,כו חשון תשל
08/11/1969,כז חשון תשל
09/11/1969,כח חשון תשל
10/11/1969,כט חשון תשל
11/11/1969,א כסלו תשל
12/11/1969,ב כסלו תשל
13/11/1969,ג כסלו תשל
14/11/1969,ד כסלו תשל
15/11/1969,ה כסלו תשל
16/11/1969,ו כסלו תשל
17/11/1969,ז כסלו תשל
18/11/1969,ח כסלו תשל
19/11/1969,ט כסלו תשל
20/11/1969,י כסלו תשל
21/11/1969,יא כסלו תשל
22/11/1969,יב כסלו תשל
23/11/1969,יג כסלו תשל
24/11/1969,יד כסלו תשל
25/11/1969,טו כסלו תשל
26/11/1969,טז כסלו תשל
27/11/1969,יז כסלו תשל
28/11/1969,יח כסלו תשל
29/11/1969,יט כסלו תשל
30/11/1969,כ כסלו תשל
01/12/1969,כא כסלו תשל
02/12/1969,כב כסלו תשל
03/12/1969,כג כסלו תשל
04/12/1969,כד כסלו תשל
05/12/1969,כה כסלו תשל
06/12/1969,כו כסלו תשל
07/12/1969,כז כסלו תשל
08/12/1969,כח כסלו תשל
09/12/1969,כט כסלו תשל
10/12/1969,א טבת תשל
11/12/1969,ב טבת תשל
12/12/1969,ג טבת תשל
13/12/1969,ד טבת תשל
14/12/1969,ה טבת תשל
15/12/1969,ו טבת תשל
16/12/1969,ז טבת תשל
17/12/1969,ח טבת תשל
18/12/1969,ט טבת תשל
19/12/1969,י טבת תשל
20/12/1969,יא טבת תשל
21/12/1969,יב טבת תשל
22/12/1969,יג טבת תשל
23/12/1969,יד טבת תשל
24/12/1969,טו טבת תשל
25/12/1969,טז טבת תשל
26/12/1969,יז טבת תשל
27/12/1969,יח טבת תשל
28/12/1969,יט טבת תשל
29/12/1969,כ טבת תשל
30/12/1969,כא טבת תשל
31/12/1969,כב טבת תשל
01/01/1970,כג טבת תשל
02/01/1970,כד טבת תשל
03/01/1970,כה טבת תשל
04/01/1970,כו טבת תשל
05/01/1970,כז טבת תשל
06/01/1970,כח טבת תשל
07/01/1970,כט טבת תשל
08/01/1970,א שבט תשל
09/01/1970,ב שבט תשל
10/01/1970,ג שבט תשל
11/01/1970,ד שבט תשל
12/01/1970,ה שבט תשל
13/01/1970,ו שבט תשל
14/01/1970,ז שבט תשל
15/01/1970,ח שבט תשל
16/01/1970,ט שבט תשל
17/01/1970,י שבט תשל
18/01/1970,יא שבט תשל
19/01/1970,יב שבט תשל
20/01/1970,יג שבט תשל
21/01/1970,יד שבט תשל
22/01/1970,טו שבט תשל
23/01/1970,טז שבט תשל
24/01/1970,יז שבט תשל
25/01/1970,יח שבט תשל
26/01/1970,יט שבט תשל
27/01/1970,כ שבט תשל
28/01/1970,כא שבט תשל
29/01/1970,כב שבט תשל
30/01/1970,כג שבט תשל
31/01/1970,כד שבט תשל
01/02/1970,כה שבט תשל
02/02/1970,כו שבט תשל
03/02/1970,כז שבט תשל
04/02/1970,כח שבט תשל
05/02/1970,כט שבט תשל
06/02/1970,ל שבט תשל
07/02/1970,א אדר-א תשל
08/02/1970,ב אדר-א תשל
09/02/1970,ג אדר-א תשל
10/02/1970,ד אדר-א תשל
11/02/1970,ה אדר-א תשל
12/02/1970,ו אדר-א תשל
13/02/1970,ז אדר-א תשל
14/02/1970,ח אדר-א תשל
15/02/1970,ט אדר-א תשל
16/02/1970,י אדר-א תשל
17/02/1970,יא אדר-א תשל
18/02/1970,יב אדר-א תשל
19/02/1970,יג אדר-א תשל
20/02/1970,יד אדר-א תשל
21/02/1970,טו אדר-א תשל
22/02/1970,טז אדר-א תשל
23/02/1970,יז אדר-א תשל
24/02/1970,יח אדר-א תשל
25/02/1970,יט אדר-א תשל
26/02/1970,כ אדר-א תשל
27/02/1970,כא אדר-א תשל
28/02/1970,כב אדר-א תשל
01/03/1970,כג אדר-א תשל
02/03/1970,כד אדר-א תשל
03/03/1970,כה אדר-א תשל
04/03/1970,כו אדר-א תשל
05/03/1970,כז אדר-א תשל
06/03/1970,כח אדר-א תשל
07/03/1970,כט אדר-א תשל
08/03/1970,ל אדר-א תשל
09/03/1970,א אדר-ב תשל
10/03/1970,ב אדר-ב תשל
11/03/1970,ג אדר-ב תשל
12/03/1970,ד אדר-ב תשל
13/03/1970,ה אדר-ב תשל
14/03/1970,ו אדר-ב תשל
15/03/1970,ז אדר-ב תשל
16/03/1970,ח אדר-ב תשל
17/03/1970,ט אדר-ב תשל
18/03/1970,י אדר-ב תשל
19/03/1970,יא אדר-ב תשל
20/03/1970,יב אדר-ב תשל
21/03/1970,יג אדר-ב תשל
22/03/1970,יד אדר-ב תשל
23/03/1970,טו אדר-ב תשל
24/03/1970,טז אדר-ב תשל
25/03/1970,יז אדר-ב תשל
26/03/1970,יח אדר-ב תשל
27/03/1970,יט אדר-ב תשל
28/03/1970,כ אדר-ב תשל
29/03/1970,כא אדר-ב תשל
30/03/1970,כב אדר-ב תשל
31/03/1970,כג אדר-ב תשל
01/04/1970,כד אדר-ב תשל
02/04/1970,כה אדר-ב תשל
03/04/1970,כו אדר-ב תשל
04/04/1970,כז אדר-ב תשל
05/04/1970,כח אדר-ב תשל
06/04/1970,כט אדר-ב תשל
07/04/1970,א ניסן תשל
08/04/1970,ב ניסן תשל
09/04/1970,ג ניסן תשל
10/04/1970,ד ניסן תשל
11/04/1970,ה ניסן תשל
12/04/1970,ו ניסן תשל
13/04/1970,ז ניסן תשל
14/04/1970,ח ניסן תשל
15/04/1970,ט ניסן תשל
16/04/1970,י ניסן תשל
17/04/1970,יא ניסן תשל
18/04/1970,יב ניסן תשל
19/04/1970,יג ניסן תשל
20/04/1970,יד ניסן תשל
21/04/1970,טו ניסן תשל
22/04/1970,טז ניסן תשל
23/04/1970,יז ניסן תשל
24/04/1970,יח ניסן תשל
25/04/1970,יט ניסן תשל
26/04/1970,כ ניסן תשל
27/04/1970,כא ניסן תשל
28/04/1970,כב ניסן תשל
29/04/1970,כג ניסן תשל
30/04/1970,כד ניסן תשל
01/05/1970,כה ניסן תשל
02/05/1970,כו ניסן תשל
03/05/1970,כז ניסן תשל
04/05/1970,כח ניסן תשל
05/05/1970,כט ניסן תשל
06/05/1970,ל ניסן תשל
07/05/1970,א אייר תשל
08/05/1970,ב אייר תשל
09/05/1970,ג אייר תשל
10/05/1970,ד אייר תשל
11/05/1970,ה אייר תשל
12/05/1970,ו אייר תשל
13/05/1970,ז אייר תשל
14/05/1970,ח אייר תשל
15/05/1970,ט אייר תשל
16/05/1970,י אייר תשל
17/05/1970,יא אייר תשל
18/05/1970,יב אייר תשל
19/05/1970,יג אייר תשל
20/05/1970,יד אייר תשל
21/05/1970,טו אייר תשל
22/05/1970,טז אייר תשל
23/05/1970,יז אייר תשל
24/05/1970,יח אייר תשל
25/05/1970,יט אייר תשל
26/05/1970,כ אייר תשל
27/05/1970,כא אייר תשל
28/05/1970,כב אייר תשל
29/05/1970,כג אייר תשל
30/05/1970,כד אייר תשל
31/05/1970,כה אייר תשל
01/06/1970,כו אייר תשל
02/06/1970,כז אייר תשל
03/06/1970,כח אייר תשל
04/06/1970,כט אייר תשל
05/06/1970,א סיון תשל
06/06/1970,ב סיון תשל
07/06/1970,ג סיון תשל
08/06/1970,ד סיון תשל
09/06/1970,ה סיון תשל
10/06/1970,ו סיון תשל
11/06/1970,ז סיון תשל
12/06/1970,ח סיון תשל
13/06/1970,ט סיון תשל
14/06/1970,י סיון תשל
15/06/1970,יא סיון תשל
16/06/1970,יב סיון תשל
17/06/1970,יג סיון תשל
18/06/1970,יד סיון תשל
19/06/1970,טו סיון תשל
20/06/1970,טז סיון תשל
21/06/1970,יז סיון תשל
22/06/1970,יח סיון תשל
23/06/1970,יט סיון תשל
24/06/1970,כ סיון תשל
25/06/1970,כא סיון תשל
26/06/1970,כב סיון תשל
27/06/1970,כג סיון תשל
28/06/1970,כד סיון תשל
29/06/1970,כה סיון תשל
30/06/1970,כו סיון תשל
01/07/1970,כז סיון תשל
02/07/1970,כח סיון תשל
03/07/1970,כט סיון תשל
04/07/1970,ל סיון תשל
05/07/1970,א תמוז תשל
06/07/1970,ב תמוז תשל
07/07/1970,ג תמוז תשל
08/07/1970,ד תמוז תשל
09/07/1970,ה תמוז תשל
10/07/1970,ו תמוז תשל
11/07/1970,ז תמוז תשל
12/07/1970,ח תמוז תשל
13/07/1970,ט תמוז תשל
14/07/1970,י תמוז תשל
15/07/1970,יא תמוז תשל
16/07/1970,יב תמוז תשל
17/07/1970,יג תמוז תשל
18/07/1970,יד תמוז תשל
19/07/1970,טו תמוז תשל
20/07/1970,טז תמוז תשל
21/07/1970,יז תמוז תשל
22/07/1970,יח תמוז תשל
23/07/1970,יט תמוז תשל
24/07/1970,כ תמוז תשל
25/07/1970,כא תמוז תשל
26/07/1970,כב תמוז תשל
27/07/1970,כג תמוז תשל
28/07/1970,כד תמוז תשל
29/07/1970,כה תמוז תשל
30/07/1970,כו תמוז תשל
31/07/1970,כז תמוז תשל
01/08/1970,כח תמוז תשל
02/08/1970,כט תמוז תשל
03/08/1970,א אב תשל
04/08/1970,ב אב תשל
05/08/1970,ג אב תשל
06/08/1970,ד אב תשל
07/08/1970,ה אב תשל
08/08/1970,ו אב תשל
09/08/1970,ז אב תשל
10/08/1970,ח אב תשל
11/08/1970,ט אב תשל
12/08/1970,י אב תשל
13/08/1970,יא אב תשל
14/08/1970,יב אב תשל
15/08/1970,יג אב תשל
16/08/1970,יד אב תשל
17/08/1970,טו אב תשל
18/08/1970,טז אב תשל
19/08/1970,יז אב תשל
20/08/1970,יח אב תשל
21/08/1970,יט אב תשל
22/08/1970,כ אב תשל
23/08/1970,כא אב תשל
24/08/1970,כב אב תשל
25/08/1970,כג אב תשל
26/08/1970,כד אב תשל
27/08/1970,כה אב תשל
28/08/1970,כו אב תשל
29/08/1970,כז אב תשל
30/08/1970,כח אב תשל
31/08/1970,כט אב תשל
01/09/1970,ל אב תשל
02/09/1970,א אלול תשל
03/09/1970,ב אלול תשל
04/09/1970,ג אלול תשל
05/09/1970,ד אלול תשל
06/09/1970,ה אלול תשל
07/09/1970,ו אלול תשל
08/09/1970,ז אלול תשל
09/09/1970,ח אלול תשל
10/09/1970,ט אלול תשל
11/09/1970,י אלול תשל
12/09/1970,יא אלול תשל
13/09/1970,יב אלול תשל
14/09/1970,יג אלול תשל
15/09/1970,יד אלול תשל
16/09/1970,טו אלול תשל
17/09/1970,טז אלול תשל
18/09/1970,יז אלול תשל
19/09/1970,יח אלול תשל
20/09/1970,יט אלול תשל
21/09/1970,כ אלול תשל
22/09/1970,כא אלול תשל
23/09/1970,כב אלול תשל
24/09/1970,כג אלול תשל
25/09/1970,כד אלול תשל
26/09/1970,כה אלול תשל
27/09/1970,כו אלול תשל
28/09/1970,כז אלול תשל
29/09/1970,כח אלול תשל
30/09/1970,כט אלול תשל
01/10/1970,א תשרי תשלא
02/10/1970,ב תשרי תשלא
03/10/1970,ג תשרי תשלא
04/10/1970,ד תשרי תשלא
05/10/1970,ה תשרי תשלא
06/10/1970,ו תשרי תשלא
07/10/1970,ז תשרי תשלא
08/10/1970,ח תשרי תשלא
09/10/1970,ט תשרי תשלא
10/10/1970,י תשרי תשלא
11/10/1970,יא תשרי תשלא
12/10/1970,יב תשרי תשלא
13/10/1970,יג תשרי תשלא
14/10/1970,יד תשרי תשלא
15/10/1970,טו תשרי תשלא
16/10/1970,טז תשרי תשלא
17/10/1970,יז תשרי תשלא
18/10/1970,יח תשרי תשלא
19/10/1970,יט תשרי תשלא
20/10/1970,כ תשרי תשלא
21/10/1970,כא תשרי תשלא
22/10/1970,כב תשרי תשלא
23/10/1970,כג תשרי תשלא
24/10/1970,כד תשרי תשלא
25/10/1970,כה תשרי תשלא
26/10/1970,כו תשרי תשלא
27/10/1970,כז תשרי תשלא
28/10/1970,כח תשרי תשלא
29/10/1970,כט תשרי תשלא
30/10/1970,ל תשרי תשלא
31/10/1970,א חשון תשלא
01/11/1970,ב חשון תשלא
02/11/1970,ג חשון תשלא
03/11/1970,ד חשון תשלא
04/11/1970,ה חשון תשלא
05/11/1970,ו חשון תשלא
06/11/1970,ז חשון תשלא
07/11/1970,ח חשון תשלא
08/11/1970,ט חשון תשלא
09/11/1970,י חשון תשלא
10/11/1970,יא חשון תשלא
11/11/1970,יב חשון תשלא
12/11/1970,יג חשון תשלא
13/11/1970,יד חשון תשלא
14/11/1970,טו חשון תשלא
15/11/1970,טז חשון תשלא
16/11/1970,יז חשון תשלא
17/11/1970,יח חשון תשלא
18/11/1970,יט חשון תשלא
19/11/1970,כ חשון תשלא
20/11/1970,כא חשון תשלא
21/11/1970,כב חשון תשלא
22/11/1970,כג חשון תשלא
23/11/1970,כד חשון תשלא
24/11/1970,כה חשון תשלא
25/11/1970,כו חשון תשלא
26/11/1970,כז חשון תשלא
27/11/1970,כח חשון תשלא
28/11/1970,כט חשון תשלא
29/11/1970,א כסלו תשלא
30/11/1970,ב כסלו תשלא
01/12/1970,ג כסלו תשלא
02/12/1970,ד כסלו תשלא
03/12/1970,ה כסלו תשלא
04/12/1970,ו כסלו תשלא
05/12/1970,ז כסלו תשלא
06/12/1970,ח כסלו תשלא
07/12/1970,ט כסלו תשלא
08/12/1970,י כסלו תשלא
09/12/1970,יא כסלו תשלא
10/12/1970,יב כסלו תשלא
11/12/1970,יג כסלו תשלא
12/12/1970,יד כסלו תשלא
13/12/1970,טו כסלו תשלא
14/12/1970,טז כסלו תשלא
15/12/1970,יז כסלו תשלא
16/12/1970,יח כסלו תשלא
17/12/1970,יט כסלו תשלא
18/12/1970,כ כסלו תשלא
19/12/1970,כא כסלו תשלא
20/12/1970,כב כסלו תשלא
21/12/1970,כג כסלו תשלא
22/12/1970,כד כסלו תשלא
23/12/1970,כה כסלו תשלא
24/12/1970,כו כסלו תשלא
25/12/1970,כז כסלו תשלא
26/12/1970,כח כסלו תשלא
27/12/1970,כט כסלו תשלא
28/12/1970,ל כסלו תשלא
29/12/1970,א טבת תשלא
30/12/1970,ב טבת תשלא
31/12/1970,ג טבת תשלא
01/01/1971,ד טבת תשלא
02/01/1971,ה טבת תשלא
03/01/1971,ו טבת תשלא
04/01/1971,ז טבת תשלא
05/01/1971,ח טבת תשלא
06/01/1971,ט טבת תשלא
07/01/1971,י טבת תשלא
08/01/1971,יא טבת תשלא
09/01/1971,יב טבת תשלא
10/01/1971,יג טבת תשלא
11/01/1971,יד טבת תשלא
12/01/1971,טו טבת תשלא
13/01/1971,טז טבת תשלא
14/01/1971,יז טבת תשלא
15/01/1971,יח טבת תשלא
16/01/1971,יט טבת תשלא
17/01/1971,כ טבת תשלא
18/01/1971,כא טבת תשלא
19/01/1971,כב טבת תשלא
20/01/1971,כג טבת תשלא
21/01/1971,כד טבת תשלא
22/01/1971,כה טבת תשלא
23/01/1971,כו טבת תשלא
24/01/1971,כז טבת תשלא
25/01/1971,כח טבת תשלא
26/01/1971,כט טבת תשלא
27/01/1971,א שבט תשלא
28/01/1971,ב שבט תשלא
29/01/1971,ג שבט תשלא
30/01/1971,ד שבט תשלא
31/01/1971,ה שבט תשלא
01/02/1971,ו שבט תשלא
02/02/1971,ז שבט תשלא
03/02/1971,ח שבט תשלא
04/02/1971,ט שבט תשלא
05/02/1971,י שבט תשלא
06/02/1971,יא שבט תשלא
07/02/1971,יב שבט תשלא
08/02/1971,יג שבט תשלא
09/02/1971,יד שבט תשלא
10/02/1971,טו שבט תשלא
11/02/1971,טז שבט תשלא
12/02/1971,יז שבט תשלא
13/02/1971,יח שבט תשלא
14/02/1971,יט שבט תשלא
15/02/1971,כ שבט תשלא
16/02/1971,כא שבט תשלא
17/02/1971,כב שבט תשלא
18/02/1971,כג שבט תשלא
19/02/1971,כד שבט תשלא
20/02/1971,כה שבט תשלא
21/02/1971,כו שבט תשלא
22/02/1971,כז שבט תשלא
23/02/1971,כח שבט תשלא
24/02/1971,כט שבט תשלא
25/02/1971,ל שבט תשלא
26/02/1971,א אדר תשלא
27/02/1971,ב אדר תשלא
28/02/1971,ג אדר תשלא
01/03/1971,ד אדר תשלא
02/03/1971,ה אדר תשלא
03/03/1971,ו אדר תשלא
04/03/1971,ז אדר תשלא
05/03/1971,ח אדר תשלא
06/03/1971,ט אדר תשלא
07/03/1971,י אדר תשלא
08/03/1971,יא אדר תשלא
09/03/1971,יב אדר תשלא
10/03/1971,יג אדר תשלא
11/03/1971,יד אדר תשלא
12/03/1971,טו אדר תשלא
13/03/1971,טז אדר תשלא
14/03/1971,יז אדר תשלא
15/03/1971,יח אדר תשלא
16/03/1971,יט אדר תשלא
17/03/1971,כ אדר תשלא
18/03/1971,כא אדר תשלא
19/03/1971,כב אדר תשלא
20/03/1971,כג אדר תשלא
21/03/1971,כד אדר תשלא
22/03/1971,כה אדר תשלא
23/03/1971,כו אדר תשלא
24/03/1971,כז אדר תשלא
25/03/1971,כח אדר תשלא
26/03/1971,כט אדר תשלא
27/03/1971,א ניסן תשלא
28/03/1971,ב ניסן תשלא
29/03/1971,ג ניסן תשלא
30/03/1971,ד ניסן תשלא
31/03/1971,ה ניסן תשלא
01/04/1971,ו ניסן תשלא
02/04/1971,ז ניסן תשלא
03/04/1971,ח ניסן תשלא
04/04/1971,ט ניסן תשלא
05/04/1971,י ניסן תשלא
06/04/1971,יא ניסן תשלא
07/04/1971,יב ניסן תשלא
08/04/1971,יג ניסן תשלא
09/04/1971,יד ניסן תשלא
10/04/1971,טו ניסן תשלא
11/04/1971,טז ניסן תשלא
12/04/1971,יז ניסן תשלא
13/04/1971,יח ניסן תשלא
14/04/1971,יט ניסן תשלא
15/04/1971,כ ניסן תשלא
16/04/1971,כא ניסן תשלא
17/04/1971,כב ניסן תשלא
18/04/1971,כג ניסן תשלא
19/04/1971,כד ניסן תשלא
20/04/1971,כה ניסן תשלא
21/04/1971,כו ניסן תשלא
22/04/1971,כז ניסן תשלא
23/04/1971,כח ניסן תשלא
24/04/1971,כט ניסן תשלא
25/04/1971,ל ניסן תשלא
26/04/1971,א אייר תשלא
27/04/1971,ב אייר תשלא
28/04/1971,ג אייר תשלא
29/04/1971,ד אייר תשלא
30/04/1971,ה אייר תשלא
01/05/1971,ו אייר תשלא
02/05/1971,ז אייר תשלא
03/05/1971,ח אייר תשלא
04/05/1971,ט אייר תשלא
05/05/1971,י אייר תשלא
06/05/1971,יא אייר תשלא
07/05/1971,יב אייר תשלא
08/05/1971,יג אייר תשלא
09/05/1971,יד אייר תשלא
10/05/1971,טו אייר תשלא
11/05/1971,טז אייר תשלא
12/05/1971,יז אייר תשלא
13/05/1971,יח אייר תשלא
14/05/1971,יט אייר תשלא
15/05/1971,כ אייר תשלא
16/05/1971,כא אייר תשלא
17/05/1971,כב אייר תשלא
18/05/1971,כג אייר תשלא
19/05/1971,כד אייר תשלא
20/05/1971,כה אייר תשלא
21/05/1971,כו אייר תשלא
22/05/1971,כז אייר תשלא
23/05/1971,כח אייר תשלא
24/05/1971,כט אייר תשלא
25/05/1971,א סיון תשלא
26/05/1971,ב סיון תשלא
27/05/1971,ג סיון תשלא
28/05/1971,ד סיון תשלא
29/05/1971,ה סיון תשלא
30/05/1971,ו סיון תשלא
31/05/1971,ז סיון תשלא
01/06/1971,ח סיון תשלא
02/06/1971,ט סיון תשלא
03/06/1971,י סיון תשלא
04/06/1971,יא סיון תשלא
05/06/1971,יב סיון תשלא
06/06/1971,יג סיון תשלא
07/06/1971,יד סיון תשלא
08/06/1971,טו סיון תשלא
09/06/1971,טז סיון תשלא
10/06/1971,יז סיון תשלא
11/06/1971,יח סיון תשלא
12/06/1971,יט סיון תשלא
13/06/1971,כ סיון תשלא
14/06/1971,כא סיון תשלא
15/06/1971,כב סיון תשלא
16/06/1971,כג סיון תשלא
17/06/1971,כד סיון תשלא
18/06/1971,כה סיון תשלא
19/06/1971,כו סיון תשלא
20/06/1971,כז סיון תשלא
21/06/1971,כח סיון תשלא
22/06/1971,כט סיון תשלא
23/06/1971,ל סיון תשלא
24/06/1971,א תמוז תשלא
25/06/1971,ב תמוז תשלא
26/06/1971,ג תמוז תשלא
27/06/1971,ד תמוז תשלא
28/06/1971,ה תמוז תשלא
29/06/1971,ו תמוז תשלא
30/06/1971,ז תמוז תשלא
01/07/1971,ח תמוז תשלא
02/07/1971,ט תמוז תשלא
03/07/1971,י תמוז תשלא
04/07/1971,יא תמוז תשלא
05/07/1971,יב תמוז תשלא
06/07/1971,יג תמוז תשלא
07/07/1971,יד תמוז תשלא
08/07/1971,טו תמוז תשלא
09/07/1971,טז תמוז תשלא
10/07/1971,יז תמוז תשלא
11/07/1971,יח תמוז תשלא
12/07/1971,יט תמוז תשלא
13/07/1971,כ תמוז תשלא
14/07/1971,כא תמוז תשלא
15/07/1971,כב תמוז תשלא
16/07/1971,כג תמוז תשלא
17/07/1971,כד תמוז תשלא
18/07/1971,כה תמוז תשלא
19/07/1971,כו תמוז תשלא
20/07/1971,כז תמוז תשלא
21/07/1971,כח תמוז תשלא
22/07/1971,כט תמוז תשלא
23/07/1971,א אב תשלא
24/07/1971,ב אב תשלא
25/07/1971,ג אב תשלא
26/07/1971,ד אב תשלא
27/07/1971,ה אב תשלא
28/07/1971,ו אב תשלא
29/07/1971,ז אב תשלא
30/07/1971,ח אב תשלא
31/07/1971,ט אב תשלא
01/08/1971,י אב תשלא
02/08/1971,יא אב תשלא
03/08/1971,יב אב תשלא
04/08/1971,יג אב תשלא
05/08/1971,יד אב תשלא
06/08/1971,טו אב תשלא
07/08/1971,טז אב תשלא
08/08/1971,יז אב תשלא
09/08/1971,יח אב תשלא
10/08/1971,יט אב תשלא
11/08/1971,כ אב תשלא
12/08/1971,כא אב תשלא
13/08/1971,כב אב תשלא
14/08/1971,כג אב תשלא
15/08/1971,כד אב תשלא
16/08/1971,כה אב תשלא
17/08/1971,כו אב תשלא
18/08/1971,כז אב תשלא
19/08/1971,כח אב תשלא
20/08/1971,כט אב תשלא
21/08/1971,ל אב תשלא
22/08/1971,א אלול תשלא
23/08/1971,ב אלול תשלא
24/08/1971,ג אלול תשלא
25/08/1971,ד אלול תשלא
26/08/1971,ה אלול תשלא
27/08/1971,ו אלול תשלא
28/08/1971,ז אלול תשלא
29/08/1971,ח אלול תשלא
30/08/1971,ט אלול תשלא
31/08/1971,י אלול תשלא
01/09/1971,יא אלול תשלא
02/09/1971,יב אלול תשלא
03/09/1971,יג אלול תשלא
04/09/1971,יד אלול תשלא
05/09/1971,טו אלול תשלא
06/09/1971,טז אלול תשלא
07/09/1971,יז אלול תשלא
08/09/1971,יח אלול תשלא
09/09/1971,יט אלול תשלא
10/09/1971,כ אלול תשלא
11/09/1971,כא אלול תשלא
12/09/1971,כב אלול תשלא
13/09/1971,כג אלול תשלא
14/09/1971,כד אלול תשלא
15/09/1971,כה אלול תשלא
16/09/1971,כו אלול תשלא
17/09/1971,כז אלול תשלא
18/09/1971,כח אלול תשלא
19/09/1971,כט אלול תשלא
20/09/1971,א תשרי תשלב
21/09/1971,ב תשרי תשלב
22/09/1971,ג תשרי תשלב
23/09/1971,ד תשרי תשלב
24/09/1971,ה תשרי תשלב
25/09/1971,ו תשרי תשלב
26/09/1971,ז תשרי תשלב
27/09/1971,ח תשרי תשלב
28/09/1971,ט תשרי תשלב
29/09/1971,י תשרי תשלב
30/09/1971,יא תשרי תשלב
01/10/1971,יב תשרי תשלב
02/10/1971,יג תשרי תשלב
03/10/1971,יד תשרי תשלב
04/10/1971,טו תשרי תשלב
05/10/1971,טז תשרי תשלב
06/10/1971,יז תשרי תשלב
07/10/1971,יח תשרי תשלב
08/10/1971,יט תשרי תשלב
09/10/1971,כ תשרי תשלב
10/10/1971,כא תשרי תשלב
11/10/1971,כב תשרי תשלב
12/10/1971,כג תשרי תשלב
13/10/1971,כד תשרי תשלב
14/10/1971,כה תשרי תשלב
15/10/1971,כו תשרי תשלב
16/10/1971,כז תשרי תשלב
17/10/1971,כח תשרי תשלב
18/10/1971,כט תשרי תשלב
19/10/1971,ל תשרי תשלב
20/10/1971,א חשון תשלב
21/10/1971,ב חשון תשלב
22/10/1971,ג חשון תשלב
23/10/1971,ד חשון תשלב
24/10/1971,ה חשון תשלב
25/10/1971,ו חשון תשלב
26/10/1971,ז חשון תשלב
27/10/1971,ח חשון תשלב
28/10/1971,ט חשון תשלב
29/10/1971,י חשון תשלב
30/10/1971,יא חשון תשלב
31/10/1971,יב חשון תשלב
01/11/1971,יג חשון תשלב
02/11/1971,יד חשון תשלב
03/11/1971,טו חשון תשלב
04/11/1971,טז חשון תשלב
05/11/1971,יז חשון תשלב
06/11/1971,יח חשון תשלב
07/11/1971,יט חשון תשלב
08/11/1971,כ חשון תשלב
09/11/1971,כא חשון תשלב
10/11/1971,כב חשון תשלב
11/11/1971,כג חשון תשלב
12/11/1971,כד חשון תשלב
13/11/1971,כה חשון תשלב
14/11/1971,כו חשון תשלב
15/11/1971,כז חשון תשלב
16/11/1971,כח חשון תשלב
17/11/1971,כט חשון תשלב
18/11/1971,ל חשון תשלב
19/11/1971,א כסלו תשלב
20/11/1971,ב כסלו תשלב
21/11/1971,ג כסלו תשלב
22/11/1971,ד כסלו תשלב
23/11/1971,ה כסלו תשלב
24/11/1971,ו כסלו תשלב
25/11/1971,ז כסלו תשלב
26/11/1971,ח כסלו תשלב
27/11/1971,ט כסלו תשלב
28/11/1971,י כסלו תשלב
29/11/1971,יא כסלו תשלב
30/11/1971,יב כסלו תשלב
01/12/1971,יג כסלו תשלב
02/12/1971,יד כסלו תשלב
03/12/1971,טו כסלו תשלב
04/12/1971,טז כסלו תשלב
05/12/1971,יז כסלו תשלב
06/12/1971,יח כסלו תשלב
07/12/1971,יט כסלו תשלב
08/12/1971,כ כסלו תשלב
09/12/1971,כא כסלו תשלב
10/12/1971,כב כסלו תשלב
11/12/1971,כג כסלו תשלב
12/12/1971,כד כסלו תשלב
13/12/1971,כה כסלו תשלב
14/12/1971,כו כסלו תשלב
15/12/1971,כז כסלו תשלב
16/12/1971,כח כסלו תשלב
17/12/1971,כט כסלו תשלב
18/12/1971,ל כסלו תשלב
19/12/1971,א טבת תשלב
20/12/1971,ב טבת תשלב
21/12/1971,ג טבת תשלב
22/12/1971,ד טבת תשלב
23/12/1971,ה טבת תשלב
24/12/1971,ו טבת תשלב
25/12/1971,ז טבת תשלב
26/12/1971,ח טבת תשלב
27/12/1971,ט טבת תשלב
28/12/1971,י טבת תשלב
29/12/1971,יא טבת תשלב
30/12/1971,יב טבת תשלב
31/12/1971,יג טבת תשלב
01/01/1972,יד טבת תשלב
02/01/1972,טו טבת תשלב
03/01/1972,טז טבת תשלב
04/01/1972,יז טבת תשלב
05/01/1972,יח טבת תשלב
06/01/1972,יט טבת תשלב
07/01/1972,כ טבת תשלב
08/01/1972,כא טבת תשלב
09/01/1972,כב טבת תשלב
10/01/1972,כג טבת תשלב
11/01/1972,כד טבת תשלב
12/01/1972,כה טבת תשלב
13/01/1972,כו טבת תשלב
14/01/1972,כז טבת תשלב
15/01/1972,כח טבת תשלב
16/01/1972,כט טבת תשלב
17/01/1972,א שבט תשלב
18/01/1972,ב שבט תשלב
19/01/1972,ג שבט תשלב
20/01/1972,ד שבט תשלב
21/01/1972,ה שבט תשלב
22/01/1972,ו שבט תשלב
23/01/1972,ז שבט תשלב
24/01/1972,ח שבט תשלב
25/01/1972,ט שבט תשלב
26/01/1972,י שבט תשלב
27/01/1972,יא שבט תשלב
28/01/1972,יב שבט תשלב
29/01/1972,יג שבט תשלב
30/01/1972,יד שבט תשלב
31/01/1972,טו שבט תשלב
01/02/1972,טז שבט תשלב
02/02/1972,יז שבט תשלב
03/02/1972,יח שבט תשלב
04/02/1972,יט שבט תשלב
05/02/1972,כ שבט תשלב
06/02/1972,כא שבט תשלב
07/02/1972,כב שבט תשלב
08/02/1972,כג שבט תשלב
09/02/1972,כד שבט תשלב
10/02/1972,כה שבט תשלב
11/02/1972,כו שבט תשלב
12/02/1972,כז שבט תשלב
13/02/1972,כח שבט תשלב
14/02/1972,כט שבט תשלב
15/02/1972,ל שבט תשלב
16/02/1972,א אדר תשלב
17/02/1972,ב אדר תשלב
18/02/1972,ג אדר תשלב
19/02/1972,ד אדר תשלב
20/02/1972,ה אדר תשלב
21/02/1972,ו אדר תשלב
22/02/1972,ז אדר תשלב
23/02/1972,ח אדר תשלב
24/02/1972,ט אדר תשלב
25/02/1972,י אדר תשלב
26/02/1972,יא אדר תשלב
27/02/1972,יב אדר תשלב
28/02/1972,יג אדר תשלב
29/02/1972,יד אדר תשלב
01/03/1972,טו אדר תשלב
02/03/1972,טז אדר תשלב
03/03/1972,יז אדר תשלב
04/03/1972,יח אדר תשלב
05/03/1972,יט אדר תשלב
06/03/1972,כ אדר תשלב
07/03/1972,כא אדר תשלב
08/03/1972,כב אדר תשלב
09/03/1972,כג אדר תשלב
10/03/1972,כד אדר תשלב
11/03/1972,כה אדר תשלב
12/03/1972,כו אדר תשלב
13/03/1972,כז אדר תשלב
14/03/1972,כח אדר תשלב
15/03/1972,כט אדר תשלב
16/03/1972,א ניסן תשלב
17/03/1972,ב ניסן תשלב
18/03/1972,ג ניסן תשלב
19/03/1972,ד ניסן תשלב
20/03/1972,ה ניסן תשלב
21/03/1972,ו ניסן תשלב
22/03/1972,ז ניסן תשלב
23/03/1972,ח ניסן תשלב
24/03/1972,ט ניסן תשלב
25/03/1972,י ניסן תשלב
26/03/1972,יא ניסן תשלב
27/03/1972,יב ניסן תשלב
28/03/1972,יג ניסן תשלב
29/03/1972,יד ניסן תשלב
30/03/1972,טו ניסן תשלב
31/03/1972,טז ניסן תשלב
01/04/1972,יז ניסן תשלב
02/04/1972,יח ניסן תשלב
03/04/1972,יט ניסן תשלב
04/04/1972,כ ניסן תשלב
05/04/1972,כא ניסן תשלב
06/04/1972,כב ניסן תשלב
07/04/1972,כג ניסן תשלב
08/04/1972,כד ניסן תשלב
09/04/1972,כה ניסן תשלב
10/04/1972,כו ניסן תשלב
11/04/1972,כז ניסן תשלב
12/04/1972,כח ניסן תשלב
13/04/1972,כט ניסן תשלב
14/04/1972,ל ניסן תשלב
15/04/1972,א אייר תשלב
16/04/1972,ב אייר תשלב
17/04/1972,ג אייר תשלב
18/04/1972,ד אייר תשלב
19/04/1972,ה אייר תשלב
20/04/1972,ו אייר תשלב
21/04/1972,ז אייר תשלב
22/04/1972,ח אייר תשלב
23/04/1972,ט אייר תשלב
24/04/1972,י אייר תשלב
25/04/1972,יא אייר תשלב
26/04/1972,יב אייר תשלב
27/04/1972,יג אייר תשלב
28/04/1972,יד אייר תשלב
29/04/1972,טו אייר תשלב
30/04/1972,טז אייר תשלב
01/05/1972,יז אייר תשלב
02/05/1972,יח אייר תשלב
03/05/1972,יט אייר תשלב
04/05/1972,כ אייר תשלב
05/05/1972,כא אייר תשלב
06/05/1972,כב אייר תשלב
07/05/1972,כג אייר תשלב
08/05/1972,כד אייר תשלב
09/05/1972,כה אייר תשלב
10/05/1972,כו אייר תשלב
11/05/1972,כז אייר תשלב
12/05/1972,כח אייר תשלב
13/05/1972,כט אייר תשלב
14/05/1972,א סיון תשלב
15/05/1972,ב סיון תשלב
16/05/1972,ג סיון תשלב
17/05/1972,ד סיון תשלב
18/05/1972,ה סיון תשלב
19/05/1972,ו סיון תשלב
20/05/1972,ז סיון תשלב
21/05/1972,ח סיון תשלב
22/05/1972,ט סיון תשלב
23/05/1972,י סיון תשלב
24/05/1972,יא סיון תשלב
25/05/1972,יב סיון תשלב
26/05/1972,יג סיון תשלב
27/05/1972,יד סיון תשלב
28/05/1972,טו סיון תשלב
29/05/1972,טז סיון תשלב
30/05/1972,יז סיון תשלב
31/05/1972,יח סיון תשלב
01/06/1972,יט סיון תשלב
02/06/1972,כ סיון תשלב
03/06/1972,כא סיון תשלב
04/06/1972,כב סיון תשלב
05/06/1972,כג סיון תשלב
06/06/1972,כד סיון תשלב
07/06/1972,כה סיון תשלב
08/06/1972,כו סיון תשלב
09/06/1972,כז סיון תשלב
10/06/1972,כח סיון תשלב
11/06/1972,כט סיון תשלב
12/06/1972,ל סיון תשלב
13/06/1972,א תמוז תשלב
14/06/1972,ב תמוז תשלב
15/06/1972,ג תמוז תשלב
16/06/1972,ד תמוז תשלב
17/06/1972,ה תמוז תשלב
18/06/1972,ו תמוז תשלב
19/06/1972,ז תמוז תשלב
20/06/1972,ח תמוז תשלב
21/06/1972,ט תמוז תשלב
22/06/1972,י תמוז תשלב
23/06/1972,יא תמוז תשלב
24/06/1972,יב תמוז תשלב
25/06/1972,יג תמוז תשלב
26/06/1972,יד תמוז תשלב
27/06/1972,טו תמוז תשלב
28/06/1972,טז תמוז תשלב
29/06/1972,יז תמוז תשלב
30/06/1972,יח תמוז תשלב
01/07/1972,יט תמוז תשלב
02/07/1972,כ תמוז תשלב
03/07/1972,כא תמוז תשלב
04/07/1972,כב תמוז תשלב
05/07/1972,כג תמוז תשלב
06/07/1972,כד תמוז תשלב
07/07/1972,כה תמוז תשלב
08/07/1972,כו תמוז תשלב
09/07/1972,כז תמוז תשלב
10/07/1972,כח תמוז תשלב
11/07/1972,כט תמוז תשלב
12/07/1972,א אב תשלב
13/07/1972,ב אב תשלב
14/07/1972,ג אב תשלב
15/07/1972,ד אב תשלב
16/07/1972,ה אב תשלב
17/07/1972,ו אב תשלב
18/07/1972,ז אב תשלב
19/07/1972,ח אב תשלב
20/07/1972,ט אב תשלב
21/07/1972,י אב תשלב
22/07/1972,יא אב תשלב
23/07/1972,יב אב תשלב
24/07/1972,יג אב תשלב
25/07/1972,יד אב תשלב
26/07/1972,טו אב תשלב
27/07/1972,טז אב תשלב
28/07/1972,יז אב תשלב
29/07/1972,יח אב תשלב
30/07/1972,יט אב תשלב
31/07/1972,כ אב תשלב
01/08/1972,כא אב תשלב
02/08/1972,כב אב תשלב
03/08/1972,כג אב תשלב
04/08/1972,כד אב תשלב
05/08/1972,כה אב תשלב
06/08/1972,כו אב תשלב
07/08/1972,כז אב תשלב
08/08/1972,כח אב תשלב
09/08/1972,כט אב תשלב
10/08/1972,ל אב תשלב
11/08/1972,א אלול תשלב
12/08/1972,ב אלול תשלב
13/08/1972,ג אלול תשלב
14/08/1972,ד אלול תשלב
15/08/1972,ה אלול תשלב
16/08/1972,ו אלול תשלב
17/08/1972,ז אלול תשלב
18/08/1972,ח אלול תשלב
19/08/1972,ט אלול תשלב
20/08/1972,י אלול תשלב
21/08/1972,יא אלול תשלב
22/08/1972,יב אלול תשלב
23/08/1972,יג אלול תשלב
24/08/1972,יד אלול תשלב
25/08/1972,טו אלול תשלב
26/08/1972,טז אלול תשלב
27/08/1972,יז אלול תשלב
28/08/1972,יח אלול תשלב
29/08/1972,יט אלול תשלב
30/08/1972,כ אלול תשלב
31/08/1972,כא אלול תשלב
01/09/1972,כב אלול תשלב
02/09/1972,כג אלול תשלב
03/09/1972,כד אלול תשלב
04/09/1972,כה אלול תשלב
05/09/1972,כו אלול תשלב
06/09/1972,כז אלול תשלב
07/09/1972,כח אלול תשלב
08/09/1972,כט אלול תשלב
09/09/1972,א תשרי תשלג
10/09/1972,ב תשרי תשלג
11/09/1972,ג תשרי תשלג
12/09/1972,ד תשרי תשלג
13/09/1972,ה תשרי תשלג
14/09/1972,ו תשרי תשלג
15/09/1972,ז תשרי תשלג
16/09/1972,ח תשרי תשלג
17/09/1972,ט תשרי תשלג
18/09/1972,י תשרי תשלג
19/09/1972,יא תשרי תשלג
20/09/1972,יב תשרי תשלג
21/09/1972,יג תשרי תשלג
22/09/1972,יד תשרי תשלג
23/09/1972,טו תשרי תשלג
24/09/1972,טז תשרי תשלג
25/09/1972,יז תשרי תשלג
26/09/1972,יח תשרי תשלג
27/09/1972,יט תשרי תשלג
28/09/1972,כ תשרי תשלג
29/09/1972,כא תשרי תשלג
30/09/1972,כב תשרי תשלג
01/10/1972,כג תשרי תשלג
02/10/1972,כד תשרי תשלג
03/10/1972,כה תשרי תשלג
04/10/1972,כו תשרי תשלג
05/10/1972,כז תשרי תשלג
06/10/1972,כח תשרי תשלג
07/10/1972,כט תשרי תשלג
08/10/1972,ל תשרי תשלג
09/10/1972,א חשון תשלג
10/10/1972,ב חשון תשלג
11/10/1972,ג חשון תשלג
12/10/1972,ד חשון תשלג
13/10/1972,ה חשון תשלג
14/10/1972,ו חשון תשלג
15/10/1972,ז חשון תשלג
16/10/1972,ח חשון תשלג
17/10/1972,ט חשון תשלג
18/10/1972,י חשון תשלג
19/10/1972,יא חשון תשלג
20/10/1972,יב חשון תשלג
21/10/1972,יג חשון תשלג
22/10/1972,יד חשון תשלג
23/10/1972,טו חשון תשלג
24/10/1972,טז חשון תשלג
25/10/1972,יז חשון תשלג
26/10/1972,יח חשון תשלג
27/10/1972,יט חשון תשלג
28/10/1972,כ חשון תשלג
29/10/1972,כא חשון תשלג
30/10/1972,כב חשון תשלג
31/10/1972,כג חשון תשלג
01/11/1972,כד חשון תשלג
02/11/1972,כה חשון תשלג
03/11/1972,כו חשון תשלג
04/11/1972,כז חשון תשלג
05/11/1972,כח חשון תשלג
06/11/1972,כט חשון תשלג
07/11/1972,א כסלו תשלג
08/11/1972,ב כסלו תשלג
09/11/1972,ג כסלו תשלג
10/11/1972,ד כסלו תשלג
11/11/1972,ה כסלו תשלג
12/11/1972,ו כסלו תשלג
13/11/1972,ז כסלו תשלג
14/11/1972,ח כסלו תשלג
15/11/1972,ט כסלו תשלג
16/11/1972,י כסלו תשלג
17/11/1972,יא כסלו תשלג
18/11/1972,יב כסלו תשלג
19/11/1972,יג כסלו תשלג
20/11/1972,יד כסלו תשלג
21/11/1972,טו כסלו תשלג
22/11/1972,טז כסלו תשלג
23/11/1972,יז כסלו תשלג
24/11/1972,יח כסלו תשלג
25/11/1972,יט כסלו תשלג
26/11/1972,כ כסלו תשלג
27/11/1972,כא כסלו תשלג
28/11/1972,כב כסלו תשלג
29/11/1972,כג כסלו תשלג
30/11/1972,כד כסלו תשלג
01/12/1972,כה כסלו תשלג
02/12/1972,כו כסלו תשלג
03/12/1972,כז כסלו תשלג
04/12/1972,כח כסלו תשלג
05/12/1972,כט כסלו תשלג
06/12/1972,א טבת תשלג
07/12/1972,ב טבת תשלג
08/12/1972,ג טבת תשלג
09/12/1972,ד טבת תשלג
10/12/1972,ה טבת תשלג
11/12/1972,ו טבת תשלג
12/12/1972,ז טבת תשלג
13/12/1972,ח טבת תשלג
14/12/1972,ט טבת תשלג
15/12/1972,י טבת תשלג
16/12/1972,יא טבת תשלג
17/12/1972,יב טבת תשלג
18/12/1972,יג טבת תשלג
19/12/1972,יד טבת תשלג
20/12/1972,טו טבת תשלג
21/12/1972,טז טבת תשלג
22/12/1972,יז טבת תשלג
23/12/1972,יח טבת תשלג
24/12/1972,יט טבת תשלג
25/12/1972,כ טבת תשלג
26/12/1972,כא טבת תשלג
27/12/1972,כב טבת תשלג
28/12/1972,כג טבת תשלג
29/12/1972,כד טבת תשלג
30/12/1972,כה טבת תשלג
31/12/1972,כו טבת תשלג
01/01/1973,כז טבת תשלג
02/01/1973,כח טבת תשלג
03/01/1973,כט טבת תשלג
04/01/1973,א שבט תשלג
05/01/1973,ב שבט תשלג
06/01/1973,ג שבט תשלג
07/01/1973,ד שבט תשלג
08/01/1973,ה שבט תשלג
09/01/1973,ו שבט תשלג
10/01/1973,ז שבט תשלג
11/01/1973,ח שבט תשלג
12/01/1973,ט שבט תשלג
13/01/1973,י שבט תשלג
14/01/1973,יא שבט תשלג
15/01/1973,יב שבט תשלג
16/01/1973,יג שבט תשלג
17/01/1973,יד שבט תשלג
18/01/1973,טו שבט תשלג
19/01/1973,טז שבט תשלג
20/01/1973,יז שבט תשלג
21/01/1973,יח שבט תשלג
22/01/1973,יט שבט תשלג
23/01/1973,כ שבט תשלג
24/01/1973,כא שבט תשלג
25/01/1973,כב שבט תשלג
26/01/1973,כג שבט תשלג
27/01/1973,כד שבט תשלג
28/01/1973,כה שבט תשלג
29/01/1973,כו שבט תשלג
30/01/1973,כז שבט תשלג
31/01/1973,כח שבט תשלג
01/02/1973,כט שבט תשלג
02/02/1973,ל שבט תשלג
03/02/1973,א אדר-א תשלג
04/02/1973,ב אדר-א תשלג
05/02/1973,ג אדר-א תשלג
06/02/1973,ד אדר-א תשלג
07/02/1973,ה אדר-א תשלג
08/02/1973,ו אדר-א תשלג
09/02/1973,ז אדר-א תשלג
10/02/1973,ח אדר-א תשלג
11/02/1973,ט אדר-א תשלג
12/02/1973,י אדר-א תשלג
13/02/1973,יא אדר-א תשלג
14/02/1973,יב אדר-א תשלג
15/02/1973,יג אדר-א תשלג
16/02/1973,יד אדר-א תשלג
17/02/1973,טו אדר-א תשלג
18/02/1973,טז אדר-א תשלג
19/02/1973,יז אדר-א תשלג
20/02/1973,יח אדר-א תשלג
21/02/1973,יט אדר-א תשלג
22/02/1973,כ אדר-א תשלג
23/02/1973,כא אדר-א תשלג
24/02/1973,כב אדר-א תשלג
25/02/1973,כג אדר-א תשלג
26/02/1973,כד אדר-א תשלג
27/02/1973,כה אדר-א תשלג
28/02/1973,כו אדר-א תשלג
01/03/1973,כז אדר-א תשלג
02/03/1973,כח אדר-א תשלג
03/03/1973,כט אדר-א תשלג
04/03/1973,ל אדר-א תשלג
05/03/1973,א אדר-ב תשלג
06/03/1973,ב אדר-ב תשלג
07/03/1973,ג אדר-ב תשלג
08/03/1973,ד אדר-ב תשלג
09/03/1973,ה אדר-ב תשלג
10/03/1973,ו אדר-ב תשלג
11/03/1973,ז אדר-ב תשלג
12/03/1973,ח אדר-ב תשלג
13/03/1973,ט אדר-ב תשלג
14/03/1973,י אדר-ב תשלג
15/03/1973,יא אדר-ב תשלג
16/03/1973,יב אדר-ב תשלג
17/03/1973,יג אדר-ב תשלג
18/03/1973,יד אדר-ב תשלג
19/03/1973,טו אדר-ב תשלג
20/03/1973,טז אדר-ב תשלג
21/03/1973,יז אדר-ב תשלג
22/03/1973,יח אדר-ב תשלג
23/03/1973,יט אדר-ב תשלג
24/03/1973,כ אדר-ב תשלג
25/03/1973,כא אדר-ב תשלג
26/03/1973,כב אדר-ב תשלג
27/03/1973,כג אדר-ב תשלג
28/03/1973,כד אדר-ב תשלג
29/03/1973,כה אדר-ב תשלג
30/03/1973,כו אדר-ב תשלג
31/03/1973,כז אדר-ב תשלג
01/04/1973,כח אדר-ב תשלג
02/04/1973,כט אדר-ב תשלג
03/04/1973,א ניסן תשלג
04/04/1973,ב ניסן תשלג
05/04/1973,ג ניסן תשלג
06/04/1973,ד ניסן תשלג
07/04/1973,ה ניסן תשלג
08/04/1973,ו ניסן תשלג
09/04/1973,ז ניסן תשלג
10/04/1973,ח ניסן תשלג
11/04/1973,ט ניסן תשלג
12/04/1973,י ניסן תשלג
13/04/1973,יא ניסן תשלג
14/04/1973,יב ניסן תשלג
15/04/1973,יג ניסן תשלג
16/04/1973,יד ניסן תשלג
17/04/1973,טו ניסן תשלג
18/04/1973,טז ניסן תשלג
19/04/1973,יז ניסן תשלג
20/04/1973,יח ניסן תשלג
21/04/1973,יט ניסן תשלג
22/04/1973,כ ניסן תשלג
23/04/1973,כא ניסן תשלג
24/04/1973,כב ניסן תשלג
25/04/1973,כג ניסן תשלג
26/04/1973,כד ניסן תשלג
27/04/1973,כה ניסן תשלג
28/04/1973,כו ניסן תשלג
29/04/1973,כז ניסן תשלג
30/04/1973,כח ניסן תשלג
01/05/1973,כט ניסן תשלג
02/05/1973,ל ניסן תשלג
03/05/1973,א אייר תשלג
04/05/1973,ב אייר תשלג
05/05/1973,ג אייר תשלג
06/05/1973,ד אייר תשלג
07/05/1973,ה אייר תשלג
08/05/1973,ו אייר תשלג
09/05/1973,ז אייר תשלג
10/05/1973,ח אייר תשלג
11/05/1973,ט אייר תשלג
12/05/1973,י אייר תשלג
13/05/1973,יא אייר תשלג
14/05/1973,יב אייר תשלג
15/05/1973,יג אייר תשלג
16/05/1973,יד אייר תשלג
17/05/1973,טו אייר תשלג
18/05/1973,טז אייר תשלג
19/05/1973,יז אייר תשלג
20/05/1973,יח אייר תשלג
21/05/1973,יט אייר תשלג
22/05/1973,כ אייר תשלג
23/05/1973,כא אייר תשלג
24/05/1973,כב אייר תשלג
25/05/1973,כג אייר תשלג
26/05/1973,כד אייר תשלג
27/05/1973,כה אייר תשלג
28/05/1973,כו אייר תשלג
29/05/1973,כז אייר תשלג
30/05/1973,כח אייר תשלג
31/05/1973,כט אייר תשלג
01/06/1973,א סיון תשלג
02/06/1973,ב סיון תשלג
03/06/1973,ג סיון תשלג
04/06/1973,ד סיון תשלג
05/06/1973,ה סיון תשלג
06/06/1973,ו סיון תשלג
07/06/1973,ז סיון תשלג
08/06/1973,ח סיון תשלג
09/06/1973,ט סיון תשלג
10/06/1973,י סיון תשלג
11/06/1973,יא סיון תשלג
12/06/1973,יב סיון תשלג
13/06/1973,יג סיון תשלג
14/06/1973,יד סיון תשלג
15/06/1973,טו סיון תשלג
16/06/1973,טז סיון תשלג
17/06/1973,יז סיון תשלג
18/06/1973,יח סיון תשלג
19/06/1973,יט סיון תשלג
20/06/1973,כ סיון תשלג
21/06/1973,כא סיון תשלג
22/06/1973,כב סיון תשלג
23/06/1973,כג סיון תשלג
24/06/1973,כד סיון תשלג
25/06/1973,כה סיון תשלג
26/06/1973,כו סיון תשלג
27/06/1973,כז סיון תשלג
28/06/1973,כח סיון תשלג
29/06/1973,כט סיון תשלג
30/06/1973,ל סיון תשלג
01/07/1973,א תמוז תשלג
02/07/1973,ב תמוז תשלג
03/07/1973,ג תמוז תשלג
04/07/1973,ד תמוז תשלג
05/07/1973,ה תמוז תשלג
06/07/1973,ו תמוז תשלג
07/07/1973,ז תמוז תשלג
08/07/1973,ח תמוז תשלג
09/07/1973,ט תמוז תשלג
10/07/1973,י תמוז תשלג
11/07/1973,יא תמוז תשלג
12/07/1973,יב תמוז תשלג
13/07/1973,יג תמוז תשלג
14/07/1973,יד תמוז תשלג
15/07/1973,טו תמוז תשלג
16/07/1973,טז תמוז תשלג
17/07/1973,יז תמוז תשלג
18/07/1973,יח תמוז תשלג
19/07/1973,יט תמוז תשלג
20/07/1973,כ תמוז תשלג
21/07/1973,כא תמוז תשלג
22/07/1973,כב תמוז תשלג
23/07/1973,כג תמוז תשלג
24/07/1973,כד תמוז תשלג
25/07/1973,כה תמוז תשלג
26/07/1973,כו תמוז תשלג
27/07/1973,כז תמוז תשלג
28/07/1973,כח תמוז תשלג
29/07/1973,כט תמוז תשלג
30/07/1973,א אב תשלג
31/07/1973,ב אב תשלג
01/08/1973,ג אב תשלג
02/08/1973,ד אב תשלג
03/08/1973,ה אב תשלג
04/08/1973,ו אב תשלג
05/08/1973,ז אב תשלג
06/08/1973,ח אב תשלג
07/08/1973,ט אב תשלג
08/08/1973,י אב תשלג
09/08/1973,יא אב תשלג
10/08/1973,יב אב תשלג
11/08/1973,יג אב תשלג
12/08/1973,יד אב תשלג
13/08/1973,טו אב תשלג
14/08/1973,טז אב תשלג
15/08/1973,יז אב תשלג
16/08/1973,יח אב תשלג
17/08/1973,יט אב תשלג
18/08/1973,כ אב תשלג
19/08/1973,כא אב תשלג
20/08/1973,כב אב תשלג
21/08/1973,כג אב תשלג
22/08/1973,כד אב תשלג
23/08/1973,כה אב תשלג
24/08/1973,כו אב תשלג
25/08/1973,כז אב תשלג
26/08/1973,כח אב תשלג
27/08/1973,כט אב תשלג
28/08/1973,ל אב תשלג
29/08/1973,א אלול תשלג
30/08/1973,ב אלול תשלג
31/08/1973,ג אלול תשלג
01/09/1973,ד אלול תשלג
02/09/1973,ה אלול תשלג
03/09/1973,ו אלול תשלג
04/09/1973,ז אלול תשלג
05/09/1973,ח אלול תשלג
06/09/1973,ט אלול תשלג
07/09/1973,י אלול תשלג
08/09/1973,יא אלול תשלג
09/09/1973,יב אלול תשלג
10/09/1973,יג אלול תשלג
11/09/1973,יד אלול תשלג
12/09/1973,טו אלול תשלג
13/09/1973,טז אלול תשלג
14/09/1973,יז אלול תשלג
15/09/1973,יח אלול תשלג
16/09/1973,יט אלול תשלג
17/09/1973,כ אלול תשלג
18/09/1973,כא אלול תשלג
19/09/1973,כב אלול תשלג
20/09/1973,כג אלול תשלג
21/09/1973,כד אלול תשלג
22/09/1973,כה אלול תשלג
23/09/1973,כו אלול תשלג
24/09/1973,כז אלול תשלג
25/09/1973,כח אלול תשלג
26/09/1973,כט אלול תשלג
27/09/1973,א תשרי תשלד
28/09/1973,ב תשרי תשלד
29/09/1973,ג תשרי תשלד
30/09/1973,ד תשרי תשלד
01/10/1973,ה תשרי תשלד
02/10/1973,ו תשרי תשלד
03/10/1973,ז תשרי תשלד
04/10/1973,ח תשרי תשלד
05/10/1973,ט תשרי תשלד
06/10/1973,י תשרי תשלד
07/10/1973,יא תשרי תשלד
08/10/1973,יב תשרי תשלד
09/10/1973,יג תשרי תשלד
10/10/1973,יד תשרי תשלד
11/10/1973,טו תשרי תשלד
12/10/1973,טז תשרי תשלד
13/10/1973,יז תשרי תשלד
14/10/1973,יח תשרי תשלד
15/10/1973,יט תשרי תשלד
16/10/1973,כ תשרי תשלד
17/10/1973,כא תשרי תשלד
18/10/1973,כב תשרי תשלד
19/10/1973,כג תשרי תשלד
20/10/1973,כד תשרי תשלד
21/10/1973,כה תשרי תשלד
22/10/1973,כו תשרי תשלד
23/10/1973,כז תשרי תשלד
24/10/1973,כח תשרי תשלד
25/10/1973,כט תשרי תשלד
26/10/1973,ל תשרי תשלד
27/10/1973,א חשון תשלד
28/10/1973,ב חשון תשלד
29/10/1973,ג חשון תשלד
30/10/1973,ד חשון תשלד
31/10/1973,ה חשון תשלד
01/11/1973,ו חשון תשלד
02/11/1973,ז חשון תשלד
03/11/1973,ח חשון תשלד
04/11/1973,ט חשון תשלד
05/11/1973,י חשון תשלד
06/11/1973,יא חשון תשלד
07/11/1973,יב חשון תשלד
08/11/1973,יג חשון תשלד
09/11/1973,יד חשון תשלד
10/11/1973,טו חשון תשלד
11/11/1973,טז חשון תשלד
12/11/1973,יז חשון תשלד
13/11/1973,יח חשון תשלד
14/11/1973,יט חשון תשלד
15/11/1973,כ חשון תשלד
16/11/1973,כא חשון תשלד
17/11/1973,כב חשון תשלד
18/11/1973,כג חשון תשלד
19/11/1973,כד חשון תשלד
20/11/1973,כה חשון תשלד
21/11/1973,כו חשון תשלד
22/11/1973,כז חשון תשלד
23/11/1973,כח חשון תשלד
24/11/1973,כט חשון תשלד
25/11/1973,ל חשון תשלד
26/11/1973,א כסלו תשלד
27/11/1973,ב כסלו תשלד
28/11/1973,ג כסלו תשלד
29/11/1973,ד כסלו תשלד
30/11/1973,ה כסלו תשלד
01/12/1973,ו כסלו תשלד
02/12/1973,ז כסלו תשלד
03/12/1973,ח כסלו תשלד
04/12/1973,ט כסלו תשלד
05/12/1973,י כסלו תשלד
06/12/1973,יא כסלו תשלד
07/12/1973,יב כסלו תשלד
08/12/1973,יג כסלו תשלד
09/12/1973,יד כסלו תשלד
10/12/1973,טו כסלו תשלד
11/12/1973,טז כסלו תשלד
12/12/1973,יז כסלו תשלד
13/12/1973,יח כסלו תשלד
14/12/1973,יט כסלו תשלד
15/12/1973,כ כסלו תשלד
16/12/1973,כא כסלו תשלד
17/12/1973,כב כסלו תשלד
18/12/1973,כג כסלו תשלד
19/12/1973,כד כסלו תשלד
20/12/1973,כה כסלו תשלד
21/12/1973,כו כסלו תשלד
22/12/1973,כז כסלו תשלד
23/12/1973,כח כסלו תשלד
24/12/1973,כט כסלו תשלד
25/12/1973,ל כסלו תשלד
26/12/1973,א טבת תשלד
27/12/1973,ב טבת תשלד
28/12/1973,ג טבת תשלד
29/12/1973,ד טבת תשלד
30/12/1973,ה טבת תשלד
31/12/1973,ו טבת תשלד
01/01/1974,ז טבת תשלד
02/01/1974,ח טבת תשלד
03/01/1974,ט טבת תשלד
04/01/1974,י טבת תשלד
05/01/1974,יא טבת תשלד
06/01/1974,יב טבת תשלד
07/01/1974,יג טבת תשלד
08/01/1974,יד טבת תשלד
09/01/1974,טו טבת תשלד
10/01/1974,טז טבת תשלד
11/01/1974,יז טבת תשלד
12/01/1974,יח טבת תשלד
13/01/1974,יט טבת תשלד
14/01/1974,כ טבת תשלד
15/01/1974,כא טבת תשלד
16/01/1974,כב טבת תשלד
17/01/1974,כג טבת תשלד
18/01/1974,כד טבת תשלד
19/01/1974,כה טבת תשלד
20/01/1974,כו טבת תשלד
21/01/1974,כז טבת תשלד
22/01/1974,כח טבת תשלד
23/01/1974,כט טבת תשלד
24/01/1974,א שבט תשלד
25/01/1974,ב שבט תשלד
26/01/1974,ג שבט תשלד
27/01/1974,ד שבט תשלד
28/01/1974,ה שבט תשלד
29/01/1974,ו שבט תשלד
30/01/1974,ז שבט תשלד
31/01/1974,ח שבט תשלד
01/02/1974,ט שבט תשלד
02/02/1974,י שבט תשלד
03/02/1974,יא שבט תשלד
04/02/1974,יב שבט תשלד
05/02/1974,יג שבט תשלד
06/02/1974,יד שבט תשלד
07/02/1974,טו שבט תשלד
08/02/1974,טז שבט תשלד
09/02/1974,יז שבט תשלד
10/02/1974,יח שבט תשלד
11/02/1974,יט שבט תשלד
12/02/1974,כ שבט תשלד
13/02/1974,כא שבט תשלד
14/02/1974,כב שבט תשלד
15/02/1974,כג שבט תשלד
16/02/1974,כד שבט תשלד
17/02/1974,כה שבט תשלד
18/02/1974,כו שבט תשלד
19/02/1974,כז שבט תשלד
20/02/1974,כח שבט תשלד
21/02/1974,כט שבט תשלד
22/02/1974,ל שבט תשלד
23/02/1974,א אדר תשלד
24/02/1974,ב אדר תשלד
25/02/1974,ג אדר תשלד
26/02/1974,ד אדר תשלד
27/02/1974,ה אדר תשלד
28/02/1974,ו אדר תשלד
01/03/1974,ז אדר תשלד
02/03/1974,ח אדר תשלד
03/03/1974,ט אדר תשלד
04/03/1974,י אדר תשלד
05/03/1974,יא אדר תשלד
06/03/1974,יב אדר תשלד
07/03/1974,יג אדר תשלד
08/03/1974,יד אדר תשלד
09/03/1974,טו אדר תשלד
10/03/1974,טז אדר תשלד
11/03/1974,יז אדר תשלד
12/03/1974,יח אדר תשלד
13/03/1974,יט אדר תשלד
14/03/1974,כ אדר תשלד
15/03/1974,כא אדר תשלד
16/03/1974,כב אדר תשלד
17/03/1974,כג אדר תשלד
18/03/1974,כד אדר תשלד
19/03/1974,כה אדר תשלד
20/03/1974,כו אדר תשלד
21/03/1974,כז אדר תשלד
22/03/1974,כח אדר תשלד
23/03/1974,כט אדר תשלד
24/03/1974,א ניסן תשלד
25/03/1974,ב ניסן תשלד
26/03/1974,ג ניסן תשלד
27/03/1974,ד ניסן תשלד
28/03/1974,ה ניסן תשלד
29/03/1974,ו ניסן תשלד
30/03/1974,ז ניסן תשלד
31/03/1974,ח ניסן תשלד
01/04/1974,ט ניסן תשלד
02/04/1974,י ניסן תשלד
03/04/1974,יא ניסן תשלד
04/04/1974,יב ניסן תשלד
05/04/1974,יג ניסן תשלד
06/04/1974,יד ניסן תשלד
07/04/1974,טו ניסן תשלד
08/04/1974,טז ניסן תשלד
09/04/1974,יז ניסן תשלד
10/04/1974,יח ניסן תשלד
11/04/1974,יט ניסן תשלד
12/04/1974,כ ניסן תשלד
13/04/1974,כא ניסן תשלד
14/04/1974,כב ניסן תשלד
15/04/1974,כג ניסן תשלד
16/04/1974,כד ניסן תשלד
17/04/1974,כה ניסן תשלד
18/04/1974,כו ניסן תשלד
19/04/1974,כז ניסן תשלד
20/04/1974,כח ניסן תשלד
21/04/1974,כט ניסן תשלד
22/04/1974,ל ניסן תשלד
23/04/1974,א אייר תשלד
24/04/1974,ב אייר תשלד
25/04/1974,ג אייר תשלד
26/04/1974,ד אייר תשלד
27/04/1974,ה אייר תשלד
28/04/1974,ו אייר תשלד
29/04/1974,ז אייר תשלד
30/04/1974,ח אייר תשלד
01/05/1974,ט אייר תשלד
02/05/1974,י אייר תשלד
03/05/1974,יא אייר תשלד
04/05/1974,יב אייר תשלד
05/05/1974,יג אייר תשלד
06/05/1974,יד אייר תשלד
07/05/1974,טו אייר תשלד
08/05/1974,טז אייר תשלד
09/05/1974,יז אייר תשלד
10/05/1974,יח אייר תשלד
11/05/1974,יט אייר תשלד
12/05/1974,כ אייר תשלד
13/05/1974,כא אייר תשלד
14/05/1974,כב אייר תשלד
15/05/1974,כג אייר תשלד
16/05/1974,כד אייר תשלד
17/05/1974,כה אייר תשלד
18/05/1974,כו אייר תשלד
19/05/1974,כז אייר תשלד
20/05/1974,כח אייר תשלד
21/05/1974,כט אייר תשלד
22/05/1974,א סיון תשלד
23/05/1974,ב סיון תשלד
24/05/1974,ג סיון תשלד
25/05/1974,ד סיון תשלד
26/05/1974,ה סיון תשלד
27/05/1974,ו סיון תשלד
28/05/1974,ז סיון תשלד
29/05/1974,ח סיון תשלד
30/05/1974,ט סיון תשלד
31/05/1974,י סיון תשלד
01/06/1974,יא סיון תשלד
02/06/1974,יב סיון תשלד
03/06/1974,יג סיון תשלד
04/06/1974,יד סיון תשלד
05/06/1974,טו סיון תשלד
06/06/1974,טז סיון תשלד
07/06/1974,יז סיון תשלד
08/06/1974,יח סיון תשלד
09/06/1974,יט סיון תשלד
10/06/1974,כ סיון תשלד
11/06/1974,כא סיון תשלד
12/06/1974,כב סיון תשלד
13/06/1974,כג סיון תשלד
14/06/1974,כד סיון תשלד
15/06/1974,כה סיון תשלד
16/06/1974,כו סיון תשלד
17/06/1974,כז סיון תשלד
18/06/1974,כח סיון תשלד
19/06/1974,כט סיון תשלד
20/06/1974,ל סיון תשלד
21/06/1974,א תמוז תשלד
22/06/1974,ב תמוז תשלד
23/06/1974,ג תמוז תשלד
24/06/1974,ד תמוז תשלד
25/06/1974,ה תמוז תשלד
26/06/1974,ו תמוז תשלד
27/06/1974,ז תמוז תשלד
28/06/1974,ח תמוז תשלד
29/06/1974,ט תמוז תשלד
30/06/1974,י תמוז תשלד
01/07/1974,יא תמוז תשלד
02/07/1974,יב תמוז תשלד
03/07/1974,יג תמוז תשלד
04/07/1974,יד תמוז תשלד
05/07/1974,טו תמוז תשלד
06/07/1974,טז תמוז תשלד
07/07/1974,יז תמוז תשלד
08/07/1974,יח תמוז תשלד
09/07/1974,יט תמוז תשלד
10/07/1974,כ תמוז תשלד
11/07/1974,כא תמוז תשלד
12/07/1974,כב תמוז תשלד
13/07/1974,כג תמוז תשלד
14/07/1974,כד תמוז תשלד
15/07/1974,כה תמוז תשלד
16/07/1974,כו תמוז תשלד
17/07/1974,כז תמוז תשלד
18/07/1974,כח תמוז תשלד
19/07/1974,כט תמוז תשלד
20/07/1974,א אב תשלד
21/07/1974,ב אב תשלד
22/07/1974,ג אב תשלד
23/07/1974,ד אב תשלד
24/07/1974,ה אב תשלד
25/07/1974,ו אב תשלד
26/07/1974,ז אב תשלד
27/07/1974,ח אב תשלד
28/07/1974,ט אב תשלד
29/07/1974,י אב תשלד
30/07/1974,יא אב תשלד
31/07/1974,יב אב תשלד
01/08/1974,יג אב תשלד
02/08/1974,יד אב תשלד
03/08/1974,טו אב תשלד
04/08/1974,טז אב תשלד
05/08/1974,יז אב תשלד
06/08/1974,יח אב תשלד
07/08/1974,יט אב תשלד
08/08/1974,כ אב תשלד
09/08/1974,כא אב תשלד
10/08/1974,כב אב תשלד
11/08/1974,כג אב תשלד
12/08/1974,כד אב תשלד
13/08/1974,כה אב תשלד
14/08/1974,כו אב תשלד
15/08/1974,כז אב תשלד
16/08/1974,כח אב תשלד
17/08/1974,כט אב תשלד
18/08/1974,ל אב תשלד
19/08/1974,א אלול תשלד
20/08/1974,ב אלול תשלד
21/08/1974,ג אלול תשלד
22/08/1974,ד אלול תשלד
23/08/1974,ה אלול תשלד
24/08/1974,ו אלול תשלד
25/08/1974,ז אלול תשלד
26/08/1974,ח אלול תשלד
27/08/1974,ט אלול תשלד
28/08/1974,י אלול תשלד
29/08/1974,יא אלול תשלד
30/08/1974,יב אלול תשלד
31/08/1974,יג אלול תשלד
01/09/1974,יד אלול תשלד
02/09/1974,טו אלול תשלד
03/09/1974,טז אלול תשלד
04/09/1974,יז אלול תשלד
05/09/1974,יח אלול תשלד
06/09/1974,יט אלול תשלד
07/09/1974,כ אלול תשלד
08/09/1974,כא אלול תשלד
09/09/1974,כב אלול תשלד
10/09/1974,כג אלול תשלד
11/09/1974,כד אלול תשלד
12/09/1974,כה אלול תשלד
13/09/1974,כו אלול תשלד
14/09/1974,כז אלול תשלד
15/09/1974,כח אלול תשלד
16/09/1974,כט אלול תשלד
17/09/1974,א תשרי תשלה
18/09/1974,ב תשרי תשלה
19/09/1974,ג תשרי תשלה
20/09/1974,ד תשרי תשלה
21/09/1974,ה תשרי תשלה
22/09/1974,ו תשרי תשלה
23/09/1974,ז תשרי תשלה
24/09/1974,ח תשרי תשלה
25/09/1974,ט תשרי תשלה
26/09/1974,י תשרי תשלה
27/09/1974,יא תשרי תשלה
28/09/1974,יב תשרי תשלה
29/09/1974,יג תשרי תשלה
30/09/1974,יד תשרי תשלה
01/10/1974,טו תשרי תשלה
02/10/1974,טז תשרי תשלה
03/10/1974,יז תשרי תשלה
04/10/1974,יח תשרי תשלה
05/10/1974,יט תשרי תשלה
06/10/1974,כ תשרי תשלה
07/10/1974,כא תשרי תשלה
08/10/1974,כב תשרי תשלה
09/10/1974,כג תשרי תשלה
10/10/1974,כד תשרי תשלה
11/10/1974,כה תשרי תשלה
12/10/1974,כו תשרי תשלה
13/10/1974,כז תשרי תשלה
14/10/1974,כח תשרי תשלה
15/10/1974,כט תשרי תשלה
16/10/1974,ל תשרי תשלה
17/10/1974,א חשון תשלה
18/10/1974,ב חשון תשלה
19/10/1974,ג חשון תשלה
20/10/1974,ד חשון תשלה
21/10/1974,ה חשון תשלה
22/10/1974,ו חשון תשלה
23/10/1974,ז חשון תשלה
24/10/1974,ח חשון תשלה
25/10/1974,ט חשון תשלה
26/10/1974,י חשון תשלה
27/10/1974,יא חשון תשלה
28/10/1974,יב חשון תשלה
29/10/1974,יג חשון תשלה
30/10/1974,יד חשון תשלה
31/10/1974,טו חשון תשלה
01/11/1974,טז חשון תשלה
02/11/1974,יז חשון תשלה
03/11/1974,יח חשון תשלה
04/11/1974,יט חשון תשלה
05/11/1974,כ חשון תשלה
06/11/1974,כא חשון תשלה
07/11/1974,כב חשון תשלה
08/11/1974,כג חשון תשלה
09/11/1974,כד חשון תשלה
10/11/1974,כה חשון תשלה
11/11/1974,כו חשון תשלה
12/11/1974,כז חשון תשלה
13/11/1974,כח חשון תשלה
14/11/1974,כט חשון תשלה
15/11/1974,א כסלו תשלה
16/11/1974,ב כסלו תשלה
17/11/1974,ג כסלו תשלה
18/11/1974,ד כסלו תשלה
19/11/1974,ה כסלו תשלה
20/11/1974,ו כסלו תשלה
21/11/1974,ז כסלו תשלה
22/11/1974,ח כסלו תשלה
23/11/1974,ט כסלו תשלה
24/11/1974,י כסלו תשלה
25/11/1974,יא כסלו תשלה
26/11/1974,יב כסלו תשלה
27/11/1974,יג כסלו תשלה
28/11/1974,יד כסלו תשלה
29/11/1974,טו כסלו תשלה
30/11/1974,טז כסלו תשלה
01/12/1974,יז כסלו תשלה
02/12/1974,יח כסלו תשלה
03/12/1974,יט כסלו תשלה
04/12/1974,כ כסלו תשלה
05/12/1974,כא כסלו תשלה
06/12/1974,כב כסלו תשלה
07/12/1974,כג כסלו תשלה
08/12/1974,כד כסלו תשלה
09/12/1974,כה כסלו תשלה
10/12/1974,כו כסלו תשלה
11/12/1974,כז כסלו תשלה
12/12/1974,כח כסלו תשלה
13/12/1974,כט כסלו תשלה
14/12/1974,ל כסלו תשלה
15/12/1974,א טבת תשלה
16/12/1974,ב טבת תשלה
17/12/1974,ג טבת תשלה
18/12/1974,ד טבת תשלה
19/12/1974,ה טבת תשלה
20/12/1974,ו טבת תשלה
21/12/1974,ז טבת תשלה
22/12/1974,ח טבת תשלה
23/12/1974,ט טבת תשלה
24/12/1974,י טבת תשלה
25/12/1974,יא טבת תשלה
26/12/1974,יב טבת תשלה
27/12/1974,יג טבת תשלה
28/12/1974,יד טבת תשלה
29/12/1974,טו טבת תשלה
30/12/1974,טז טבת תשלה
31/12/1974,יז טבת תשלה
01/01/1975,יח טבת תשלה
02/01/1975,יט טבת תשלה
03/01/1975,כ טבת תשלה
04/01/1975,כא טבת תשלה
05/01/1975,כב טבת תשלה
06/01/1975,כג טבת תשלה
07/01/1975,כד טבת תשלה
08/01/1975,כה טבת תשלה
09/01/1975,כו טבת תשלה
10/01/1975,כז טבת תשלה
11/01/1975,כח טבת תשלה
12/01/1975,כט טבת תשלה
13/01/1975,א שבט תשלה
14/01/1975,ב שבט תשלה
15/01/1975,ג שבט תשלה
16/01/1975,ד שבט תשלה
17/01/1975,ה שבט תשלה
18/01/1975,ו שבט תשלה
19/01/1975,ז שבט תשלה
20/01/1975,ח שבט תשלה
21/01/1975,ט שבט תשלה
22/01/1975,י שבט תשלה
23/01/1975,יא שבט תשלה
24/01/1975,יב שבט תשלה
25/01/1975,יג שבט תשלה
26/01/1975,יד שבט תשלה
27/01/1975,טו שבט תשלה
28/01/1975,טז שבט תשלה
29/01/1975,יז שבט תשלה
30/01/1975,יח שבט תשלה
31/01/1975,יט שבט תשלה
01/02/1975,כ שבט תשלה
02/02/1975,כא שבט תשלה
03/02/1975,כב שבט תשלה
04/02/1975,כג שבט תשלה
05/02/1975,כד שבט תשלה
06/02/1975,כה שבט תשלה
07/02/1975,כו שבט תשלה
08/02/1975,כז שבט תשלה
09/02/1975,כח שבט תשלה
10/02/1975,כט שבט תשלה
11/02/1975,ל שבט תשלה
12/02/1975,א אדר תשלה
13/02/1975,ב אדר תשלה
14/02/1975,ג אדר תשלה
15/02/1975,ד אדר תשלה
16/02/1975,ה אדר תשלה
17/02/1975,ו אדר תשלה
18/02/1975,ז אדר תשלה
19/02/1975,ח אדר תשלה
20/02/1975,ט אדר תשלה
21/02/1975,י אדר תשלה
22/02/1975,יא אדר תשלה
23/02/1975,יב אדר תשלה
24/02/1975,יג אדר תשלה
25/02/1975,יד אדר תשלה
26/02/1975,טו אדר תשלה
27/02/1975,טז אדר תשלה
28/02/1975,יז אדר תשלה
01/03/1975,יח אדר תשלה
02/03/1975,יט אדר תשלה
03/03/1975,כ אדר תשלה
04/03/1975,כא אדר תשלה
05/03/1975,כב אדר תשלה
06/03/1975,כג אדר תשלה
07/03/1975,כד אדר תשלה
08/03/1975,כה אדר תשלה
09/03/1975,כו אדר תשלה
10/03/1975,כז אדר תשלה
11/03/1975,כח אדר תשלה
12/03/1975,כט אדר תשלה
13/03/1975,א ניסן תשלה
14/03/1975,ב ניסן תשלה
15/03/1975,ג ניסן תשלה
16/03/1975,ד ניסן תשלה
17/03/1975,ה ניסן תשלה
18/03/1975,ו ניסן תשלה
19/03/1975,ז ניסן תשלה
20/03/1975,ח ניסן תשלה
21/03/1975,ט ניסן תשלה
22/03/1975,י ניסן תשלה
23/03/1975,יא ניסן תשלה
24/03/1975,יב ניסן תשלה
25/03/1975,יג ניסן תשלה
26/03/1975,יד ניסן תשלה
27/03/1975,טו ניסן תשלה
28/03/1975,טז ניסן תשלה
29/03/1975,יז ניסן תשלה
30/03/1975,יח ניסן תשלה
31/03/1975,יט ניסן תשלה
01/04/1975,כ ניסן תשלה
02/04/1975,כא ניסן תשלה
03/04/1975,כב ניסן תשלה
04/04/1975,כג ניסן תשלה
05/04/1975,כד ניסן תשלה
06/04/1975,כה ניסן תשלה
07/04/1975,כו ניסן תשלה
08/04/1975,כז ניסן תשלה
09/04/1975,כח ניסן תשלה
10/04/1975,כט ניסן תשלה
11/04/1975,ל ניסן תשלה
12/04/1975,א אייר תשלה
13/04/1975,ב אייר תשלה
14/04/1975,ג אייר תשלה
15/04/1975,ד אייר תשלה
16/04/1975,ה אייר תשלה
17/04/1975,ו אייר תשלה
18/04/1975,ז אייר תשלה
19/04/1975,ח אייר תשלה
20/04/1975,ט אייר תשלה
21/04/1975,י אייר תשלה
22/04/1975,יא אייר תשלה
23/04/1975,יב אייר תשלה
24/04/1975,יג אייר תשלה
25/04/1975,יד אייר תשלה
26/04/1975,טו אייר תשלה
27/04/1975,טז אייר תשלה
28/04/1975,יז אייר תשלה
29/04/1975,יח אייר תשלה
30/04/1975,יט אייר תשלה
01/05/1975,כ אייר תשלה
02/05/1975,כא אייר תשלה
03/05/1975,כב אייר תשלה
04/05/1975,כג אייר תשלה
05/05/1975,כד אייר תשלה
06/05/1975,כה אייר תשלה
07/05/1975,כו אייר תשלה
08/05/1975,כז אייר תשלה
09/05/1975,כח אייר תשלה
10/05/1975,כט אייר תשלה
11/05/1975,א סיון תשלה
12/05/1975,ב סיון תשלה
13/05/1975,ג סיון תשלה
14/05/1975,ד סיון תשלה
15/05/1975,ה סיון תשלה
16/05/1975,ו סיון תשלה
17/05/1975,ז סיון תשלה
18/05/1975,ח סיון תשלה
19/05/1975,ט סיון תשלה
20/05/1975,י סיון תשלה
21/05/1975,יא סיון תשלה
22/05/1975,יב סיון תשלה
23/05/1975,יג סיון תשלה
24/05/1975,יד סיון תשלה
25/05/1975,טו סיון תשלה
26/05/1975,טז סיון תשלה
27/05/1975,יז סיון תשלה
28/05/1975,יח סיון תשלה
29/05/1975,יט סיון תשלה
30/05/1975,כ סיון תשלה
31/05/1975,כא סיון תשלה
01/06/1975,כב סיון תשלה
02/06/1975,כג סיון תשלה
03/06/1975,כד סיון תשלה
04/06/1975,כה סיון תשלה
05/06/1975,כו סיון תשלה
06/06/1975,כז סיון תשלה
07/06/1975,כח סיון תשלה
08/06/1975,כט סיון תשלה
09/06/1975,ל סיון תשלה
10/06/1975,א תמוז תשלה
11/06/1975,ב תמוז תשלה
12/06/1975,ג תמוז תשלה
13/06/1975,ד תמוז תשלה
14/06/1975,ה תמוז תשלה
15/06/1975,ו תמוז תשלה
16/06/1975,ז תמוז תשלה
17/06/1975,ח תמוז תשלה
18/06/1975,ט תמוז תשלה
19/06/1975,י תמוז תשלה
20/06/1975,יא תמוז תשלה
21/06/1975,יב תמוז תשלה
22/06/1975,יג תמוז תשלה
23/06/1975,יד תמוז תשלה
24/06/1975,טו תמוז תשלה
25/06/1975,טז תמוז תשלה
26/06/1975,יז תמוז תשלה
27/06/1975,יח תמוז תשלה
28/06/1975,יט תמוז תשלה
29/06/1975,כ תמוז תשלה
30/06/1975,כא תמוז תשלה
01/07/1975,כב תמוז תשלה
02/07/1975,כג תמוז תשלה
03/07/1975,כד תמוז תשלה
04/07/1975,כה תמוז תשלה
05/07/1975,כו תמוז תשלה
06/07/1975,כז תמוז תשלה
07/07/1975,כח תמוז תשלה
08/07/1975,כט תמוז תשלה
09/07/1975,א אב תשלה
10/07/1975,ב אב תשלה
11/07/1975,ג אב תשלה
12/07/1975,ד אב תשלה
13/07/1975,ה אב תשלה
14/07/1975,ו אב תשלה
15/07/1975,ז אב תשלה
16/07/1975,ח אב תשלה
17/07/1975,ט אב תשלה
18/07/1975,י אב תשלה
19/07/1975,יא אב תשלה
20/07/1975,יב אב תשלה
21/07/1975,יג אב תשלה
22/07/1975,יד אב תשלה
23/07/1975,טו אב תשלה
24/07/1975,טז אב תשלה
25/07/1975,יז אב תשלה
26/07/1975,יח אב תשלה
27/07/1975,יט אב תשלה
28/07/1975,כ אב תשלה
29/07/1975,כא אב תשלה
30/07/1975,כב אב תשלה
31/07/1975,כג אב תשלה
01/08/1975,כד אב תשלה
02/08/1975,כה אב תשלה
03/08/1975,כו אב תשלה
04/08/1975,כז אב תשלה
05/08/1975,כח אב תשלה
06/08/1975,כט אב תשלה
07/08/1975,ל אב תשלה
08/08/1975,א אלול תשלה
09/08/1975,ב אלול תשלה
10/08/1975,ג אלול תשלה
11/08/1975,ד אלול תשלה
12/08/1975,ה אלול תשלה
13/08/1975,ו אלול תשלה
14/08/1975,ז אלול תשלה
15/08/1975,ח אלול תשלה
16/08/1975,ט אלול תשלה
17/08/1975,י אלול תשלה
18/08/1975,יא אלול תשלה
19/08/1975,יב אלול תשלה
20/08/1975,יג אלול תשלה
21/08/1975,יד אלול תשלה
22/08/1975,טו אלול תשלה
23/08/1975,טז אלול תשלה
24/08/1975,יז אלול תשלה
25/08/1975,יח אלול תשלה
26/08/1975,יט אלול תשלה
27/08/1975,כ אלול תשלה
28/08/1975,כא אלול תשלה
29/08/1975,כב אלול תשלה
30/08/1975,כג אלול תשלה
31/08/1975,כד אלול תשלה
01/09/1975,כה אלול תשלה
02/09/1975,כו אלול תשלה
03/09/1975,כז אלול תשלה
04/09/1975,כח אלול תשלה
05/09/1975,כט אלול תשלה
06/09/1975,א תשרי תשלו
07/09/1975,ב תשרי תשלו
08/09/1975,ג תשרי תשלו
09/09/1975,ד תשרי תשלו
10/09/1975,ה תשרי תשלו
11/09/1975,ו תשרי תשלו
12/09/1975,ז תשרי תשלו
13/09/1975,ח תשרי תשלו
14/09/1975,ט תשרי תשלו
15/09/1975,י תשרי תשלו
16/09/1975,יא תשרי תשלו
17/09/1975,יב תשרי תשלו
18/09/1975,יג תשרי תשלו
19/09/1975,יד תשרי תשלו
20/09/1975,טו תשרי תשלו
21/09/1975,טז תשרי תשלו
22/09/1975,יז תשרי תשלו
23/09/1975,יח תשרי תשלו
24/09/1975,יט תשרי תשלו
25/09/1975,כ תשרי תשלו
26/09/1975,כא תשרי תשלו
27/09/1975,כב תשרי תשלו
28/09/1975,כג תשרי תשלו
29/09/1975,כד תשרי תשלו
30/09/1975,כה תשרי תשלו
01/10/1975,כו תשרי תשלו
02/10/1975,כז תשרי תשלו
03/10/1975,כח תשרי תשלו
04/10/1975,כט תשרי תשלו
05/10/1975,ל תשרי תשלו
06/10/1975,א חשון תשלו
07/10/1975,ב חשון תשלו
08/10/1975,ג חשון תשלו
09/10/1975,ד חשון תשלו
10/10/1975,ה חשון תשלו
11/10/1975,ו חשון תשלו
12/10/1975,ז חשון תשלו
13/10/1975,ח חשון תשלו
14/10/1975,ט חשון תשלו
15/10/1975,י חשון תשלו
16/10/1975,יא חשון תשלו
17/10/1975,יב חשון תשלו
18/10/1975,יג חשון תשלו
19/10/1975,יד חשון תשלו
20/10/1975,טו חשון תשלו
21/10/1975,טז חשון תשלו
22/10/1975,יז חשון תשלו
23/10/1975,יח חשון תשלו
24/10/1975,יט חשון תשלו
25/10/1975,כ חשון תשלו
26/10/1975,כא חשון תשלו
27/10/1975,כב חשון תשלו
28/10/1975,כג חשון תשלו
29/10/1975,כד חשון תשלו
30/10/1975,כה חשון תשלו
31/10/1975,כו חשון תשלו
01/11/1975,כז חשון תשלו
02/11/1975,כח חשון תשלו
03/11/1975,כט חשון תשלו
04/11/1975,ל חשון תשלו
05/11/1975,א כסלו תשלו
06/11/1975,ב כסלו תשלו
07/11/1975,ג כסלו תשלו
08/11/1975,ד כסלו תשלו
09/11/1975,ה כסלו תשלו
10/11/1975,ו כסלו תשלו
11/11/1975,ז כסלו תשלו
12/11/1975,ח כסלו תשלו
13/11/1975,ט כסלו תשלו
14/11/1975,י כסלו תשלו
15/11/1975,יא כסלו תשלו
16/11/1975,יב כסלו תשלו
17/11/1975,יג כסלו תשלו
18/11/1975,יד כסלו תשלו
19/11/1975,טו כסלו תשלו
20/11/1975,טז כסלו תשלו
21/11/1975,יז כסלו תשלו
22/11/1975,יח כסלו תשלו
23/11/1975,יט כסלו תשלו
24/11/1975,כ כסלו תשלו
25/11/1975,כא כסלו תשלו
26/11/1975,כב כסלו תשלו
27/11/1975,כג כסלו תשלו
28/11/1975,כד כסלו תשלו
29/11/1975,כה כסלו תשלו
30/11/1975,כו כסלו תשלו
01/12/1975,כז כסלו תשלו
02/12/1975,כח כסלו תשלו
03/12/1975,כט כסלו תשלו
04/12/1975,ל כסלו תשלו
05/12/1975,א טבת תשלו
06/12/1975,ב טבת תשלו
07/12/1975,ג טבת תשלו
08/12/1975,ד טבת תשלו
09/12/1975,ה טבת תשלו
10/12/1975,ו טבת תשלו
11/12/1975,ז טבת תשלו
12/12/1975,ח טבת תשלו
13/12/1975,ט טבת תשלו
14/12/1975,י טבת תשלו
15/12/1975,יא טבת תשלו
16/12/1975,יב טבת תשלו
17/12/1975,יג טבת תשלו
18/12/1975,יד טבת תשלו
19/12/1975,טו טבת תשלו
20/12/1975,טז טבת תשלו
21/12/1975,יז טבת תשלו
22/12/1975,יח טבת תשלו
23/12/1975,יט טבת תשלו
24/12/1975,כ טבת תשלו
25/12/1975,כא טבת תשלו
26/12/1975,כב טבת תשלו
27/12/1975,כג טבת תשלו
28/12/1975,כד טבת תשלו
29/12/1975,כה טבת תשלו
30/12/1975,כו טבת תשלו
31/12/1975,כז טבת תשלו
01/01/1976,כח טבת תשלו
02/01/1976,כט טבת תשלו
03/01/1976,א שבט תשלו
04/01/1976,ב שבט תשלו
05/01/1976,ג שבט תשלו
06/01/1976,ד שבט תשלו
07/01/1976,ה שבט תשלו
08/01/1976,ו שבט תשלו
09/01/1976,ז שבט תשלו
10/01/1976,ח שבט תשלו
11/01/1976,ט שבט תשלו
12/01/1976,י שבט תשלו
13/01/1976,יא שבט תשלו
14/01/1976,יב שבט תשלו
15/01/1976,יג שבט תשלו
16/01/1976,יד שבט תשלו
17/01/1976,טו שבט תשלו
18/01/1976,טז שבט תשלו
19/01/1976,יז שבט תשלו
20/01/1976,יח שבט תשלו
21/01/1976,יט שבט תשלו
22/01/1976,כ שבט תשלו
23/01/1976,כא שבט תשלו
24/01/1976,כב שבט תשלו
25/01/1976,כג שבט תשלו
26/01/1976,כד שבט תשלו
27/01/1976,כה שבט תשלו
28/01/1976,כו שבט תשלו
29/01/1976,כז שבט תשלו
30/01/1976,כח שבט תשלו
31/01/1976,כט שבט תשלו
01/02/1976,ל שבט תשלו
02/02/1976,א אדר-א תשלו
03/02/1976,ב אדר-א תשלו
04/02/1976,ג אדר-א תשלו
05/02/1976,ד אדר-א תשלו
06/02/1976,ה אדר-א תשלו
07/02/1976,ו אדר-א תשלו
08/02/1976,ז אדר-א תשלו
09/02/1976,ח אדר-א תשלו
10/02/1976,ט אדר-א תשלו
11/02/1976,י אדר-א תשלו
12/02/1976,יא אדר-א תשלו
13/02/1976,יב אדר-א תשלו
14/02/1976,יג אדר-א תשלו
15/02/1976,יד אדר-א תשלו
16/02/1976,טו אדר-א תשלו
17/02/1976,טז אדר-א תשלו
18/02/1976,יז אדר-א תשלו
19/02/1976,יח אדר-א תשלו
20/02/1976,יט אדר-א תשלו
21/02/1976,כ אדר-א תשלו
22/02/1976,כא אדר-א תשלו
23/02/1976,כב אדר-א תשלו
24/02/1976,כג אדר-א תשלו
25/02/1976,כד אדר-א תשלו
26/02/1976,כה אדר-א תשלו
27/02/1976,כו אדר-א תשלו
28/02/1976,כז אדר-א תשלו
29/02/1976,כח אדר-א תשלו
01/03/1976,כט אדר-א תשלו
02/03/1976,ל אדר-א תשלו
03/03/1976,א אדר-ב תשלו
04/03/1976,ב אדר-ב תשלו
05/03/1976,ג אדר-ב תשלו
06/03/1976,ד אדר-ב תשלו
07/03/1976,ה אדר-ב תשלו
08/03/1976,ו אדר-ב תשלו
09/03/1976,ז אדר-ב תשלו
10/03/1976,ח אדר-ב תשלו
11/03/1976,ט אדר-ב תשלו
12/03/1976,י אדר-ב תשלו
13/03/1976,יא אדר-ב תשלו
14/03/1976,יב אדר-ב תשלו
15/03/1976,יג אדר-ב תשלו
16/03/1976,יד אדר-ב תשלו
17/03/1976,טו אדר-ב תשלו
18/03/1976,טז אדר-ב תשלו
19/03/1976,יז אדר-ב תשלו
20/03/1976,יח אדר-ב תשלו
21/03/1976,יט אדר-ב תשלו
22/03/1976,כ אדר-ב תשלו
23/03/1976,כא אדר-ב תשלו
24/03/1976,כב אדר-ב תשלו
25/03/1976,כג אדר-ב תשלו
26/03/1976,כד אדר-ב תשלו
27/03/1976,כה אדר-ב תשלו
28/03/1976,כו אדר-ב תשלו
29/03/1976,כז אדר-ב תשלו
30/03/1976,כח אדר-ב תשלו
31/03/1976,כט אדר-ב תשלו
01/04/1976,א ניסן תשלו
02/04/1976,ב ניסן תשלו
03/04/1976,ג ניסן תשלו
04/04/1976,ד ניסן תשלו
05/04/1976,ה ניסן תשלו
06/04/1976,ו ניסן תשלו
07/04/1976,ז ניסן תשלו
08/04/1976,ח ניסן תשלו
09/04/1976,ט ניסן תשלו
10/04/1976,י ניסן תשלו
11/04/1976,יא ניסן תשלו
12/04/1976,יב ניסן תשלו
13/04/1976,יג ניסן תשלו
14/04/1976,יד ניסן תשלו
15/04/1976,טו ניסן תשלו
16/04/1976,טז ניסן תשלו
17/04/1976,יז ניסן תשלו
18/04/1976,יח ניסן תשלו
19/04/1976,יט ניסן תשלו
20/04/1976,כ ניסן תשלו
21/04/1976,כא ניסן תשלו
22/04/1976,כב ניסן תשלו
23/04/1976,כג ניסן תשלו
24/04/1976,כד ניסן תשלו
25/04/1976,כה ניסן תשלו
26/04/1976,כו ניסן תשלו
27/04/1976,כז ניסן תשלו
28/04/1976,כח ניסן תשלו
29/04/1976,כט ניסן תשלו
30/04/1976,ל ניסן תשלו
01/05/1976,א אייר תשלו
02/05/1976,ב אייר תשלו
03/05/1976,ג אייר תשלו
04/05/1976,ד אייר תשלו
05/05/1976,ה אייר תשלו
06/05/1976,ו אייר תשלו
07/05/1976,ז אייר תשלו
08/05/1976,ח אייר תשלו
09/05/1976,ט אייר תשלו
10/05/1976,י אייר תשלו
11/05/1976,יא אייר תשלו
12/05/1976,יב אייר תשלו
13/05/1976,יג אייר תשלו
14/05/1976,יד אייר תשלו
15/05/1976,טו אייר תשלו
16/05/1976,טז אייר תשלו
17/05/1976,יז אייר תשלו
18/05/1976,יח אייר תשלו
19/05/1976,יט אייר תשלו
20/05/1976,כ אייר תשלו
21/05/1976,כא אייר תשלו
22/05/1976,כב אייר תשלו
23/05/1976,כג אייר תשלו
24/05/1976,כד אייר תשלו
25/05/1976,כה אייר תשלו
26/05/1976,כו אייר תשלו
27/05/1976,כז אייר תשלו
28/05/1976,כח אייר תשלו
29/05/1976,כט אייר תשלו
30/05/1976,א סיון תשלו
31/05/1976,ב סיון תשלו
01/06/1976,ג סיון תשלו
02/06/1976,ד סיון תשלו
03/06/1976,ה סיון תשלו
04/06/1976,ו סיון תשלו
05/06/1976,ז סיון תשלו
06/06/1976,ח סיון תשלו
07/06/1976,ט סיון תשלו
08/06/1976,י סיון תשלו
09/06/1976,יא סיון תשלו
10/06/1976,יב סיון תשלו
11/06/1976,יג סיון תשלו
12/06/1976,יד סיון תשלו
13/06/1976,טו סיון תשלו
14/06/1976,טז סיון תשלו
15/06/1976,יז סיון תשלו
16/06/1976,יח סיון תשלו
17/06/1976,יט סיון תשלו
18/06/1976,כ סיון תשלו
19/06/1976,כא סיון תשלו
20/06/1976,כב סיון תשלו
21/06/1976,כג סיון תשלו
22/06/1976,כד סיון תשלו
23/06/1976,כה סיון תשלו
24/06/1976,כו סיון תשלו
25/06/1976,כז סיון תשלו
26/06/1976,כח סיון תשלו
27/06/1976,כט סיון תשלו
28/06/1976,ל סיון תשלו
29/06/1976,א תמוז תשלו
30/06/1976,ב תמוז תשלו
01/07/1976,ג תמוז תשלו
02/07/1976,ד תמוז תשלו
03/07/1976,ה תמוז תשלו
04/07/1976,ו תמוז תשלו
05/07/1976,ז תמוז תשלו
06/07/1976,ח תמוז תשלו
07/07/1976,ט תמוז תשלו
08/07/1976,י תמוז תשלו
09/07/1976,יא תמוז תשלו
10/07/1976,יב תמוז תשלו
11/07/1976,יג תמוז תשלו
12/07/1976,יד תמוז תשלו
13/07/1976,טו תמוז תשלו
14/07/1976,טז תמוז תשלו
15/07/1976,יז תמוז תשלו
16/07/1976,יח תמוז תשלו
17/07/1976,יט תמוז תשלו
18/07/1976,כ תמוז תשלו
19/07/1976,כא תמוז תשלו
20/07/1976,כב תמוז תשלו
21/07/1976,כג תמוז תשלו
22/07/1976,כד תמוז תשלו
23/07/1976,כה תמוז תשלו
24/07/1976,כו תמוז תשלו
25/07/1976,כז תמוז תשלו
26/07/1976,כח תמוז תשלו
27/07/1976,כט תמוז תשלו
28/07/1976,א אב תשלו
29/07/1976,ב אב תשלו
30/07/1976,ג אב תשלו
31/07/1976,ד אב תשלו
01/08/1976,ה אב תשלו
02/08/1976,ו אב תשלו
03/08/1976,ז אב תשלו
04/08/1976,ח אב תשלו
05/08/1976,ט אב תשלו
06/08/1976,י אב תשלו
07/08/1976,יא אב תשלו
08/08/1976,יב אב תשלו
09/08/1976,יג אב תשלו
10/08/1976,יד אב תשלו
11/08/1976,טו אב תשלו
12/08/1976,טז אב תשלו
13/08/1976,יז אב תשלו
14/08/1976,יח אב תשלו
15/08/1976,יט אב תשלו
16/08/1976,כ אב תשלו
17/08/1976,כא אב תשלו
18/08/1976,כב אב תשלו
19/08/1976,כג אב תשלו
20/08/1976,כד אב תשלו
21/08/1976,כה אב תשלו
22/08/1976,כו אב תשלו
23/08/1976,כז אב תשלו
24/08/1976,כח אב תשלו
25/08/1976,כט אב תשלו
26/08/1976,ל אב תשלו
27/08/1976,א אלול תשלו
28/08/1976,ב אלול תשלו
29/08/1976,ג אלול תשלו
30/08/1976,ד אלול תשלו
31/08/1976,ה אלול תשלו
01/09/1976,ו אלול תשלו
02/09/1976,ז אלול תשלו
03/09/1976,ח אלול תשלו
04/09/1976,ט אלול תשלו
05/09/1976,י אלול תשלו
06/09/1976,יא אלול תשלו
07/09/1976,יב אלול תשלו
08/09/1976,יג אלול תשלו
09/09/1976,יד אלול תשלו
10/09/1976,טו אלול תשלו
11/09/1976,טז אלול תשלו
12/09/1976,יז אלול תשלו
13/09/1976,יח אלול תשלו
14/09/1976,יט אלול תשלו
15/09/1976,כ אלול תשלו
16/09/1976,כא אלול תשלו
17/09/1976,כב אלול תשלו
18/09/1976,כג אלול תשלו
19/09/1976,כד אלול תשלו
20/09/1976,כה אלול תשלו
21/09/1976,כו אלול תשלו
22/09/1976,כז אלול תשלו
23/09/1976,כח אלול תשלו
24/09/1976,כט אלול תשלו
25/09/1976,א תשרי תשלז
26/09/1976,ב תשרי תשלז
27/09/1976,ג תשרי תשלז
28/09/1976,ד תשרי תשלז
29/09/1976,ה תשרי תשלז
30/09/1976,ו תשרי תשלז
01/10/1976,ז תשרי תשלז
02/10/1976,ח תשרי תשלז
03/10/1976,ט תשרי תשלז
04/10/1976,י תשרי תשלז
05/10/1976,יא תשרי תשלז
06/10/1976,יב תשרי תשלז
07/10/1976,יג תשרי תשלז
08/10/1976,יד תשרי תשלז
09/10/1976,טו תשרי תשלז
10/10/1976,טז תשרי תשלז
11/10/1976,יז תשרי תשלז
12/10/1976,יח תשרי תשלז
13/10/1976,יט תשרי תשלז
14/10/1976,כ תשרי תשלז
15/10/1976,כא תשרי תשלז
16/10/1976,כב תשרי תשלז
17/10/1976,כג תשרי תשלז
18/10/1976,כד תשרי תשלז
19/10/1976,כה תשרי תשלז
20/10/1976,כו תשרי תשלז
21/10/1976,כז תשרי תשלז
22/10/1976,כח תשרי תשלז
23/10/1976,כט תשרי תשלז
24/10/1976,ל תשרי תשלז
25/10/1976,א חשון תשלז
26/10/1976,ב חשון תשלז
27/10/1976,ג חשון תשלז
28/10/1976,ד חשון תשלז
29/10/1976,ה חשון תשלז
30/10/1976,ו חשון תשלז
31/10/1976,ז חשון תשלז
01/11/1976,ח חשון תשלז
02/11/1976,ט חשון תשלז
03/11/1976,י חשון תשלז
04/11/1976,יא חשון תשלז
05/11/1976,יב חשון תשלז
06/11/1976,יג חשון תשלז
07/11/1976,יד חשון תשלז
08/11/1976,טו חשון תשלז
09/11/1976,טז חשון תשלז
10/11/1976,יז חשון תשלז
11/11/1976,יח חשון תשלז
12/11/1976,יט חשון תשלז
13/11/1976,כ חשון תשלז
14/11/1976,כא חשון תשלז
15/11/1976,כב חשון תשלז
16/11/1976,כג חשון תשלז
17/11/1976,כד חשון תשלז
18/11/1976,כה חשון תשלז
19/11/1976,כו חשון תשלז
20/11/1976,כז חשון תשלז
21/11/1976,כח חשון תשלז
22/11/1976,כט חשון תשלז
23/11/1976,א כסלו תשלז
24/11/1976,ב כסלו תשלז
25/11/1976,ג כסלו תשלז
26/11/1976,ד כסלו תשלז
27/11/1976,ה כסלו תשלז
28/11/1976,ו כסלו תשלז
29/11/1976,ז כסלו תשלז
30/11/1976,ח כסלו תשלז
01/12/1976,ט כסלו תשלז
02/12/1976,י כסלו תשלז
03/12/1976,יא כסלו תשלז
04/12/1976,יב כסלו תשלז
05/12/1976,יג כסלו תשלז
06/12/1976,יד כסלו תשלז
07/12/1976,טו כסלו תשלז
08/12/1976,טז כסלו תשלז
09/12/1976,יז כסלו תשלז
10/12/1976,יח כסלו תשלז
11/12/1976,יט כסלו תשלז
12/12/1976,כ כסלו תשלז
13/12/1976,כא כסלו תשלז
14/12/1976,כב כסלו תשלז
15/12/1976,כג כסלו תשלז
16/12/1976,כד כסלו תשלז
17/12/1976,כה כסלו תשלז
18/12/1976,כו כסלו תשלז
19/12/1976,כז כסלו תשלז
20/12/1976,כח כסלו תשלז
21/12/1976,כט כסלו תשלז
22/12/1976,א טבת תשלז
23/12/1976,ב טבת תשלז
24/12/1976,ג טבת תשלז
25/12/1976,ד טבת תשלז
26/12/1976,ה טבת תשלז
27/12/1976,ו טבת תשלז
28/12/1976,ז טבת תשלז
29/12/1976,ח טבת תשלז
30/12/1976,ט טבת תשלז
31/12/1976,י טבת תשלז
01/01/1977,יא טבת תשלז
02/01/1977,יב טבת תשלז
03/01/1977,יג טבת תשלז
04/01/1977,יד טבת תשלז
05/01/1977,טו טבת תשלז
06/01/1977,טז טבת תשלז
07/01/1977,יז טבת תשלז
08/01/1977,יח טבת תשלז
09/01/1977,יט טבת תשלז
10/01/1977,כ טבת תשלז
11/01/1977,כא טבת תשלז
12/01/1977,כב טבת תשלז
13/01/1977,כג טבת תשלז
14/01/1977,כד טבת תשלז
15/01/1977,כה טבת תשלז
16/01/1977,כו טבת תשלז
17/01/1977,כז טבת תשלז
18/01/1977,כח טבת תשלז
19/01/1977,כט טבת תשלז
20/01/1977,א שבט תשלז
21/01/1977,ב שבט תשלז
22/01/1977,ג שבט תשלז
23/01/1977,ד שבט תשלז
24/01/1977,ה שבט תשלז
25/01/1977,ו שבט תשלז
26/01/1977,ז שבט תשלז
27/01/1977,ח שבט תשלז
28/01/1977,ט שבט תשלז
29/01/1977,י שבט תשלז
30/01/1977,יא שבט תשלז
31/01/1977,יב שבט תשלז
01/02/1977,יג שבט תשלז
02/02/1977,יד שבט תשלז
03/02/1977,טו שבט תשלז
04/02/1977,טז שבט תשלז
05/02/1977,יז שבט תשלז
06/02/1977,יח שבט תשלז
07/02/1977,יט שבט תשלז
08/02/1977,כ שבט תשלז
09/02/1977,כא שבט תשלז
10/02/1977,כב שבט תשלז
11/02/1977,כג שבט תשלז
12/02/1977,כד שבט תשלז
13/02/1977,כה שבט תשלז
14/02/1977,כו שבט תשלז
15/02/1977,כז שבט תשלז
16/02/1977,כח שבט תשלז
17/02/1977,כט שבט תשלז
18/02/1977,ל שבט תשלז
19/02/1977,א אדר תשלז
20/02/1977,ב אדר תשלז
21/02/1977,ג אדר תשלז
22/02/1977,ד אדר תשלז
23/02/1977,ה אדר תשלז
24/02/1977,ו אדר תשלז
25/02/1977,ז אדר תשלז
26/02/1977,ח אדר תשלז
27/02/1977,ט אדר תשלז
28/02/1977,י אדר תשלז
01/03/1977,יא אדר תשלז
02/03/1977,יב אדר תשלז
03/03/1977,יג אדר תשלז
04/03/1977,יד אדר תשלז
05/03/1977,טו אדר תשלז
06/03/1977,טז אדר תשלז
07/03/1977,יז אדר תשלז
08/03/1977,יח אדר תשלז
09/03/1977,יט אדר תשלז
10/03/1977,כ אדר תשלז
11/03/1977,כא אדר תשלז
12/03/1977,כב אדר תשלז
13/03/1977,כג אדר תשלז
14/03/1977,כד אדר תשלז
15/03/1977,כה אדר תשלז
16/03/1977,כו אדר תשלז
17/03/1977,כז אדר תשלז
18/03/1977,כח אדר תשלז
19/03/1977,כט אדר תשלז
20/03/1977,א ניסן תשלז
21/03/1977,ב ניסן תשלז
22/03/1977,ג ניסן תשלז
23/03/1977,ד ניסן תשלז
24/03/1977,ה ניסן תשלז
25/03/1977,ו ניסן תשלז
26/03/1977,ז ניסן תשלז
27/03/1977,ח ניסן תשלז
28/03/1977,ט ניסן תשלז
29/03/1977,י ניסן תשלז
30/03/1977,יא ניסן תשלז
31/03/1977,יב ניסן תשלז
01/04/1977,יג ניסן תשלז
02/04/1977,יד ניסן תשלז
03/04/1977,טו ניסן תשלז
04/04/1977,טז ניסן תשלז
05/04/1977,יז ניסן תשלז
06/04/1977,יח ניסן תשלז
07/04/1977,יט ניסן תשלז
08/04/1977,כ ניסן תשלז
09/04/1977,כא ניסן תשלז
10/04/1977,כב ניסן תשלז
11/04/1977,כג ניסן תשלז
12/04/1977,כד ניסן תשלז
13/04/1977,כה ניסן תשלז
14/04/1977,כו ניסן תשלז
15/04/1977,כז ניסן תשלז
16/04/1977,כח ניסן תשלז
17/04/1977,כט ניסן תשלז
18/04/1977,ל ניסן תשלז
19/04/1977,א אייר תשלז
20/04/1977,ב אייר תשלז
21/04/1977,ג אייר תשלז
22/04/1977,ד אייר תשלז
23/04/1977,ה אייר תשלז
24/04/1977,ו אייר תשלז
25/04/1977,ז אייר תשלז
26/04/1977,ח אייר תשלז
27/04/1977,ט אייר תשלז
28/04/1977,י אייר תשלז
29/04/1977,יא אייר תשלז
30/04/1977,יב אייר תשלז
01/05/1977,יג אייר תשלז
02/05/1977,יד אייר תשלז
03/05/1977,טו אייר תשלז
04/05/1977,טז אייר תשלז
05/05/1977,יז אייר תשלז
06/05/1977,יח אייר תשלז
07/05/1977,יט אייר תשלז
08/05/1977,כ אייר תשלז
09/05/1977,כא אייר תשלז
10/05/1977,כב אייר תשלז
11/05/1977,כג אייר תשלז
12/05/1977,כד אייר תשלז
13/05/1977,כה אייר תשלז
14/05/1977,כו אייר תשלז
15/05/1977,כז אייר תשלז
16/05/1977,כח אייר תשלז
17/05/1977,כט אייר תשלז
18/05/1977,א סיון תשלז
19/05/1977,ב סיון תשלז
20/05/1977,ג סיון תשלז
21/05/1977,ד סיון תשלז
22/05/1977,ה סיון תשלז
23/05/1977,ו סיון תשלז
24/05/1977,ז סיון תשלז
25/05/1977,ח סיון תשלז
26/05/1977,ט סיון תשלז
27/05/1977,י סיון תשלז
28/05/1977,יא סיון תשלז
29/05/1977,יב סיון תשלז
30/05/1977,יג סיון תשלז
31/05/1977,יד סיון תשלז
01/06/1977,טו סיון תשלז
02/06/1977,טז סיון תשלז
03/06/1977,יז סיון תשלז
04/06/1977,יח סיון תשלז
05/06/1977,יט סיון תשלז
06/06/1977,כ סיון תשלז
07/06/1977,כא סיון תשלז
08/06/1977,כב סיון תשלז
09/06/1977,כג סיון תשלז
10/06/1977,כד סיון תשלז
11/06/1977,כה סיון תשלז
12/06/1977,כו סיון תשלז
13/06/1977,כז סיון תשלז
14/06/1977,כח סיון תשלז
15/06/1977,כט סיון תשלז
16/06/1977,ל סיון תשלז
17/06/1977,א תמוז תשלז
18/06/1977,ב תמוז תשלז
19/06/1977,ג תמוז תשלז
20/06/1977,ד תמוז תשלז
21/06/1977,ה תמוז תשלז
22/06/1977,ו תמוז תשלז
23/06/1977,ז תמוז תשלז
24/06/1977,ח תמוז תשלז
25/06/1977,ט תמוז תשלז
26/06/1977,י תמוז תשלז
27/06/1977,יא תמוז תשלז
28/06/1977,יב תמוז תשלז
29/06/1977,יג תמוז תשלז
30/06/1977,יד תמוז תשלז
01/07/1977,טו תמוז תשלז
02/07/1977,טז תמוז תשלז
03/07/1977,יז תמוז תשלז
04/07/1977,יח תמוז תשלז
05/07/1977,יט תמוז תשלז
06/07/1977,כ תמוז תשלז
07/07/1977,כא תמוז תשלז
08/07/1977,כב תמוז תשלז
09/07/1977,כג תמוז תשלז
10/07/1977,כד תמוז תשלז
11/07/1977,כה תמוז תשלז
12/07/1977,כו תמוז תשלז
13/07/1977,כז תמוז תשלז
14/07/1977,כח תמוז תשלז
15/07/1977,כט תמוז תשלז
16/07/1977,א אב תשלז
17/07/1977,ב אב תשלז
18/07/1977,ג אב תשלז
19/07/1977,ד אב תשלז
20/07/1977,ה אב תשלז
21/07/1977,ו אב תשלז
22/07/1977,ז אב תשלז
23/07/1977,ח אב תשלז
24/07/1977,ט אב תשלז
25/07/1977,י אב תשלז
26/07/1977,יא אב תשלז
27/07/1977,יב אב תשלז
28/07/1977,יג אב תשלז
29/07/1977,יד אב תשלז
30/07/1977,טו אב תשלז
31/07/1977,טז אב תשלז
01/08/1977,יז אב תשלז
02/08/1977,יח אב תשלז
03/08/1977,יט אב תשלז
04/08/1977,כ אב תשלז
05/08/1977,כא אב תשלז
06/08/1977,כב אב תשלז
07/08/1977,כג אב תשלז
08/08/1977,כד אב תשלז
09/08/1977,כה אב תשלז
10/08/1977,כו אב תשלז
11/08/1977,כז אב תשלז
12/08/1977,כח אב תשלז
13/08/1977,כט אב תשלז
14/08/1977,ל אב תשלז
15/08/1977,א אלול תשלז
16/08/1977,ב אלול תשלז
17/08/1977,ג אלול תשלז
18/08/1977,ד אלול תשלז
19/08/1977,ה אלול תשלז
20/08/1977,ו אלול תשלז
21/08/1977,ז אלול תשלז
22/08/1977,ח אלול תשלז
23/08/1977,ט אלול תשלז
24/08/1977,י אלול תשלז
25/08/1977,יא אלול תשלז
26/08/1977,יב אלול תשלז
27/08/1977,יג אלול תשלז
28/08/1977,יד אלול תשלז
29/08/1977,טו אלול תשלז
30/08/1977,טז אלול תשלז
31/08/1977,יז אלול תשלז
01/09/1977,יח אלול תשלז
02/09/1977,יט אלול תשלז
03/09/1977,כ אלול תשלז
04/09/1977,כא אלול תשלז
05/09/1977,כב אלול תשלז
06/09/1977,כג אלול תשלז
07/09/1977,כד אלול תשלז
08/09/1977,כה אלול תשלז
09/09/1977,כו אלול תשלז
10/09/1977,כז אלול תשלז
11/09/1977,כח אלול תשלז
12/09/1977,כט אלול תשלז
13/09/1977,א תשרי תשלח
14/09/1977,ב תשרי תשלח
15/09/1977,ג תשרי תשלח
16/09/1977,ד תשרי תשלח
17/09/1977,ה תשרי תשלח
18/09/1977,ו תשרי תשלח
19/09/1977,ז תשרי תשלח
20/09/1977,ח תשרי תשלח
21/09/1977,ט תשרי תשלח
22/09/1977,י תשרי תשלח
23/09/1977,יא תשרי תשלח
24/09/1977,יב תשרי תשלח
25/09/1977,יג תשרי תשלח
26/09/1977,יד תשרי תשלח
27/09/1977,טו תשרי תשלח
28/09/1977,טז תשרי תשלח
29/09/1977,יז תשרי תשלח
30/09/1977,יח תשרי תשלח
01/10/1977,יט תשרי תשלח
02/10/1977,כ תשרי תשלח
03/10/1977,כא תשרי תשלח
04/10/1977,כב תשרי תשלח
05/10/1977,כג תשרי תשלח
06/10/1977,כד תשרי תשלח
07/10/1977,כה תשרי תשלח
08/10/1977,כו תשרי תשלח
09/10/1977,כז תשרי תשלח
10/10/1977,כח תשרי תשלח
11/10/1977,כט תשרי תשלח
12/10/1977,ל תשרי תשלח
13/10/1977,א חשון תשלח
14/10/1977,ב חשון תשלח
15/10/1977,ג חשון תשלח
16/10/1977,ד חשון תשלח
17/10/1977,ה חשון תשלח
18/10/1977,ו חשון תשלח
19/10/1977,ז חשון תשלח
20/10/1977,ח חשון תשלח
21/10/1977,ט חשון תשלח
22/10/1977,י חשון תשלח
23/10/1977,יא חשון תשלח
24/10/1977,יב חשון תשלח
25/10/1977,יג חשון תשלח
26/10/1977,יד חשון תשלח
27/10/1977,טו חשון תשלח
28/10/1977,טז חשון תשלח
29/10/1977,יז חשון תשלח
30/10/1977,יח חשון תשלח
31/10/1977,יט חשון תשלח
01/11/1977,כ חשון תשלח
02/11/1977,כא חשון תשלח
03/11/1977,כב חשון תשלח
04/11/1977,כג חשון תשלח
05/11/1977,כד חשון תשלח
06/11/1977,כה חשון תשלח
07/11/1977,כו חשון תשלח
08/11/1977,כז חשון תשלח
09/11/1977,כח חשון תשלח
10/11/1977,כט חשון תשלח
11/11/1977,א כסלו תשלח
12/11/1977,ב כסלו תשלח
13/11/1977,ג כסלו תשלח
14/11/1977,ד כסלו תשלח
15/11/1977,ה כסלו תשלח
16/11/1977,ו כסלו תשלח
17/11/1977,ז כסלו תשלח
18/11/1977,ח כסלו תשלח
19/11/1977,ט כסלו תשלח
20/11/1977,י כסלו תשלח
21/11/1977,יא כסלו תשלח
22/11/1977,יב כסלו תשלח
23/11/1977,יג כסלו תשלח
24/11/1977,יד כסלו תשלח
25/11/1977,טו כסלו תשלח
26/11/1977,טז כסלו תשלח
27/11/1977,יז כסלו תשלח
28/11/1977,יח כסלו תשלח
29/11/1977,יט כסלו תשלח
30/11/1977,כ כסלו תשלח
01/12/1977,כא כסלו תשלח
02/12/1977,כב כסלו תשלח
03/12/1977,כג כסלו תשלח
04/12/1977,כד כסלו תשלח
05/12/1977,כה כסלו תשלח
06/12/1977,כו כסלו תשלח
07/12/1977,כז כסלו תשלח
08/12/1977,כח כסלו תשלח
09/12/1977,כט כסלו תשלח
10/12/1977,ל כסלו תשלח
11/12/1977,א טבת תשלח
12/12/1977,ב טבת תשלח
13/12/1977,ג טבת תשלח
14/12/1977,ד טבת תשלח
15/12/1977,ה טבת תשלח
16/12/1977,ו טבת תשלח
17/12/1977,ז טבת תשלח
18/12/1977,ח טבת תשלח
19/12/1977,ט טבת תשלח
20/12/1977,י טבת תשלח
21/12/1977,יא טבת תשלח
22/12/1977,יב טבת תשלח
23/12/1977,יג טבת תשלח
24/12/1977,יד טבת תשלח
25/12/1977,טו טבת תשלח
26/12/1977,טז טבת תשלח
27/12/1977,יז טבת תשלח
28/12/1977,יח טבת תשלח
29/12/1977,יט טבת תשלח
30/12/1977,כ טבת תשלח
31/12/1977,כא טבת תשלח
01/01/1978,כב טבת תשלח
02/01/1978,כג טבת תשלח
03/01/1978,כד טבת תשלח
04/01/1978,כה טבת תשלח
05/01/1978,כו טבת תשלח
06/01/1978,כז טבת תשלח
07/01/1978,כח טבת תשלח
08/01/1978,כט טבת תשלח
09/01/1978,א שבט תשלח
10/01/1978,ב שבט תשלח
11/01/1978,ג שבט תשלח
12/01/1978,ד שבט תשלח
13/01/1978,ה שבט תשלח
14/01/1978,ו שבט תשלח
15/01/1978,ז שבט תשלח
16/01/1978,ח שבט תשלח
17/01/1978,ט שבט תשלח
18/01/1978,י שבט תשלח
19/01/1978,יא שבט תשלח
20/01/1978,יב שבט תשלח
21/01/1978,יג שבט תשלח
22/01/1978,יד שבט תשלח
23/01/1978,טו שבט תשלח
24/01/1978,טז שבט תשלח
25/01/1978,יז שבט תשלח
26/01/1978,יח שבט תשלח
27/01/1978,יט שבט תשלח
28/01/1978,כ שבט תשלח
29/01/1978,כא שבט תשלח
30/01/1978,כב שבט תשלח
31/01/1978,כג שבט תשלח
01/02/1978,כד שבט תשלח
02/02/1978,כה שבט תשלח
03/02/1978,כו שבט תשלח
04/02/1978,כז שבט תשלח
05/02/1978,כח שבט תשלח
06/02/1978,כט שבט תשלח
07/02/1978,ל שבט תשלח
08/02/1978,א אדר-א תשלח
09/02/1978,ב אדר-א תשלח
10/02/1978,ג אדר-א תשלח
11/02/1978,ד אדר-א תשלח
12/02/1978,ה אדר-א תשלח
13/02/1978,ו אדר-א תשלח
14/02/1978,ז אדר-א תשלח
15/02/1978,ח אדר-א תשלח
16/02/1978,ט אדר-א תשלח
17/02/1978,י אדר-א תשלח
18/02/1978,יא אדר-א תשלח
19/02/1978,יב אדר-א תשלח
20/02/1978,יג אדר-א תשלח
21/02/1978,יד אדר-א תשלח
22/02/1978,טו אדר-א תשלח
23/02/1978,טז אדר-א תשלח
24/02/1978,יז אדר-א תשלח
25/02/1978,יח אדר-א תשלח
26/02/1978,יט אדר-א תשלח
27/02/1978,כ אדר-א תשלח
28/02/1978,כא אדר-א תשלח
01/03/1978,כב אדר-א תשלח
02/03/1978,כג אדר-א תשלח
03/03/1978,כד אדר-א תשלח
04/03/1978,כה אדר-א תשלח
05/03/1978,כו אדר-א תשלח
06/03/1978,כז אדר-א תשלח
07/03/1978,כח אדר-א תשלח
08/03/1978,כט אדר-א תשלח
09/03/1978,ל אדר-א תשלח
10/03/1978,א אדר-ב תשלח
11/03/1978,ב אדר-ב תשלח
12/03/1978,ג אדר-ב תשלח
13/03/1978,ד אדר-ב תשלח
14/03/1978,ה אדר-ב תשלח
15/03/1978,ו אדר-ב תשלח
16/03/1978,ז אדר-ב תשלח
17/03/1978,ח אדר-ב תשלח
18/03/1978,ט אדר-ב תשלח
19/03/1978,י אדר-ב תשלח
20/03/1978,יא אדר-ב תשלח
21/03/1978,יב אדר-ב תשלח
22/03/1978,יג אדר-ב תשלח
23/03/1978,יד אדר-ב תשלח
24/03/1978,טו אדר-ב תשלח
25/03/1978,טז אדר-ב תשלח
26/03/1978,יז אדר-ב תשלח
27/03/1978,יח אדר-ב תשלח
28/03/1978,יט אדר-ב תשלח
29/03/1978,כ אדר-ב תשלח
30/03/1978,כא אדר-ב תשלח
31/03/1978,כב אדר-ב תשלח
01/04/1978,כג אדר-ב תשלח
02/04/1978,כד אדר-ב תשלח
03/04/1978,כה אדר-ב תשלח
04/04/1978,כו אדר-ב תשלח
05/04/1978,כז אדר-ב תשלח
06/04/1978,כח אדר-ב תשלח
07/04/1978,כט אדר-ב תשלח
08/04/1978,א ניסן תשלח
09/04/1978,ב ניסן תשלח
10/04/1978,ג ניסן תשלח
11/04/1978,ד ניסן תשלח
12/04/1978,ה ניסן תשלח
13/04/1978,ו ניסן תשלח
14/04/1978,ז ניסן תשלח
15/04/1978,ח ניסן תשלח
16/04/1978,ט ניסן תשלח
17/04/1978,י ניסן תשלח
18/04/1978,יא ניסן תשלח
19/04/1978,יב ניסן תשלח
20/04/1978,יג ניסן תשלח
21/04/1978,יד ניסן תשלח
22/04/1978,טו ניסן תשלח
23/04/1978,טז ניסן תשלח
24/04/1978,יז ניסן תשלח
25/04/1978,יח ניסן תשלח
26/04/1978,יט ניסן תשלח
27/04/1978,כ ניסן תשלח
28/04/1978,כא ניסן תשלח
29/04/1978,כב ניסן תשלח
30/04/1978,כג ניסן תשלח
01/05/1978,כד ניסן תשלח
02/05/1978,כה ניסן תשלח
03/05/1978,כו ניסן תשלח
04/05/1978,כז ניסן תשלח
05/05/1978,כח ניסן תשלח
06/05/1978,כט ניסן תשלח
07/05/1978,ל ניסן תשלח
08/05/1978,א אייר תשלח
09/05/1978,ב אייר תשלח
10/05/1978,ג אייר תשלח
11/05/1978,ד אייר תשלח
12/05/1978,ה אייר תשלח
13/05/1978,ו אייר תשלח
14/05/1978,ז אייר תשלח
15/05/1978,ח אייר תשלח
16/05/1978,ט אייר תשלח
17/05/1978,י אייר תשלח
18/05/1978,יא אייר תשלח
19/05/1978,יב אייר תשלח
20/05/1978,יג אייר תשלח
21/05/1978,יד אייר תשלח
22/05/1978,טו אייר תשלח
23/05/1978,טז אייר תשלח
24/05/1978,יז אייר תשלח
25/05/1978,יח אייר תשלח
26/05/1978,יט אייר תשלח
27/05/1978,כ אייר תשלח
28/05/1978,כא אייר תשלח
29/05/1978,כב אייר תשלח
30/05/1978,כג אייר תשלח
31/05/1978,כד אייר תשלח
01/06/1978,כה אייר תשלח
02/06/1978,כו אייר תשלח
03/06/1978,כז אייר תשלח
04/06/1978,כח אייר תשלח
05/06/1978,כט אייר תשלח
06/06/1978,א סיון תשלח
07/06/1978,ב סיון תשלח
08/06/1978,ג סיון תשלח
09/06/1978,ד סיון תשלח
10/06/1978,ה סיון תשלח
11/06/1978,ו סיון תשלח
12/06/1978,ז סיון תשלח
13/06/1978,ח סיון תשלח
14/06/1978,ט סיון תשלח
15/06/1978,י סיון תשלח
16/06/1978,יא סיון תשלח
17/06/1978,יב סיון תשלח
18/06/1978,יג סיון תשלח
19/06/1978,יד סיון תשלח
20/06/1978,טו סיון תשלח
21/06/1978,טז סיון תשלח
22/06/1978,יז סיון תשלח
23/06/1978,יח סיון תשלח
24/06/1978,יט סיון תשלח
25/06/1978,כ סיון תשלח
26/06/1978,כא סיון תשלח
27/06/1978,כב סיון תשלח
28/06/1978,כג סיון תשלח
29/06/1978,כד סיון תשלח
30/06/1978,כה סיון תשלח
01/07/1978,כו סיון תשלח
02/07/1978,כז סיון תשלח
03/07/1978,כח סיון תשלח
04/07/1978,כט סיון תשלח
05/07/1978,ל סיון תשלח
06/07/1978,א תמוז תשלח
07/07/1978,ב תמוז תשלח
08/07/1978,ג תמוז תשלח
09/07/1978,ד תמוז תשלח
10/07/1978,ה תמוז תשלח
11/07/1978,ו תמוז תשלח
12/07/1978,ז תמוז תשלח
13/07/1978,ח תמוז תשלח
14/07/1978,ט תמוז תשלח
15/07/1978,י תמוז תשלח
16/07/1978,יא תמוז תשלח
17/07/1978,יב תמוז תשלח
18/07/1978,יג תמוז תשלח
19/07/1978,יד תמוז תשלח
20/07/1978,טו תמוז תשלח
21/07/1978,טז תמוז תשלח
22/07/1978,יז תמוז תשלח
23/07/1978,יח תמוז תשלח
24/07/1978,יט תמוז תשלח
25/07/1978,כ תמוז תשלח
26/07/1978,כא תמוז תשלח
27/07/1978,כב תמוז תשלח
28/07/1978,כג תמוז תשלח
29/07/1978,כד תמוז תשלח
30/07/1978,כה תמוז תשלח
31/07/1978,כו תמוז תשלח
01/08/1978,כז תמוז תשלח
02/08/1978,כח תמוז תשלח
03/08/1978,כט תמוז תשלח
04/08/1978,א אב תשלח
05/08/1978,ב אב תשלח
06/08/1978,ג אב תשלח
07/08/1978,ד אב תשלח
08/08/1978,ה אב תשלח
09/08/1978,ו אב תשלח
10/08/1978,ז אב תשלח
11/08/1978,ח אב תשלח
12/08/1978,ט אב תשלח
13/08/1978,י אב תשלח
14/08/1978,יא אב תשלח
15/08/1978,יב אב תשלח
16/08/1978,יג אב תשלח
17/08/1978,יד אב תשלח
18/08/1978,טו אב תשלח
19/08/1978,טז אב תשלח
20/08/1978,יז אב תשלח
21/08/1978,יח אב תשלח
22/08/1978,יט אב תשלח
23/08/1978,כ אב תשלח
24/08/1978,כא אב תשלח
25/08/1978,כב אב תשלח
26/08/1978,כג אב תשלח
27/08/1978,כד אב תשלח
28/08/1978,כה אב תשלח
29/08/1978,כו אב תשלח
30/08/1978,כז אב תשלח
31/08/1978,כח אב תשלח
01/09/1978,כט אב תשלח
02/09/1978,ל אב תשלח
03/09/1978,א אלול תשלח
04/09/1978,ב אלול תשלח
05/09/1978,ג אלול תשלח
06/09/1978,ד אלול תשלח
07/09/1978,ה אלול תשלח
08/09/1978,ו אלול תשלח
09/09/1978,ז אלול תשלח
10/09/1978,ח אלול תשלח
11/09/1978,ט אלול תשלח
12/09/1978,י אלול תשלח
13/09/1978,יא אלול תשלח
14/09/1978,יב אלול תשלח
15/09/1978,יג אלול תשלח
16/09/1978,יד אלול תשלח
17/09/1978,טו אלול תשלח
18/09/1978,טז אלול תשלח
19/09/1978,יז אלול תשלח
20/09/1978,יח אלול תשלח
21/09/1978,יט אלול תשלח
22/09/1978,כ אלול תשלח
23/09/1978,כא אלול תשלח
24/09/1978,כב אלול תשלח
25/09/1978,כג אלול תשלח
26/09/1978,כד אלול תשלח
27/09/1978,כה אלול תשלח
28/09/1978,כו אלול תשלח
29/09/1978,כז אלול תשלח
30/09/1978,כח אלול תשלח
01/10/1978,כט אלול תשלח
02/10/1978,א תשרי תשלט
03/10/1978,ב תשרי תשלט
04/10/1978,ג תשרי תשלט
05/10/1978,ד תשרי תשלט
06/10/1978,ה תשרי תשלט
07/10/1978,ו תשרי תשלט
08/10/1978,ז תשרי תשלט
09/10/1978,ח תשרי תשלט
10/10/1978,ט תשרי תשלט
11/10/1978,י תשרי תשלט
12/10/1978,יא תשרי תשלט
13/10/1978,יב תשרי תשלט
14/10/1978,יג תשרי תשלט
15/10/1978,יד תשרי תשלט
16/10/1978,טו תשרי תשלט
17/10/1978,טז תשרי תשלט
18/10/1978,יז תשרי תשלט
19/10/1978,יח תשרי תשלט
20/10/1978,יט תשרי תשלט
21/10/1978,כ תשרי תשלט
22/10/1978,כא תשרי תשלט
23/10/1978,כב תשרי תשלט
24/10/1978,כג תשרי תשלט
25/10/1978,כד תשרי תשלט
26/10/1978,כה תשרי תשלט
27/10/1978,כו תשרי תשלט
28/10/1978,כז תשרי תשלט
29/10/1978,כח תשרי תשלט
30/10/1978,כט תשרי תשלט
31/10/1978,ל תשרי תשלט
01/11/1978,א חשון תשלט
02/11/1978,ב חשון תשלט
03/11/1978,ג חשון תשלט
04/11/1978,ד חשון תשלט
05/11/1978,ה חשון תשלט
06/11/1978,ו חשון תשלט
07/11/1978,ז חשון תשלט
08/11/1978,ח חשון תשלט
09/11/1978,ט חשון תשלט
10/11/1978,י חשון תשלט
11/11/1978,יא חשון תשלט
12/11/1978,יב חשון תשלט
13/11/1978,יג חשון תשלט
14/11/1978,יד חשון תשלט
15/11/1978,טו חשון תשלט
16/11/1978,טז חשון תשלט
17/11/1978,יז חשון תשלט
18/11/1978,יח חשון תשלט
19/11/1978,יט חשון תשלט
20/11/1978,כ חשון תשלט
21/11/1978,כא חשון תשלט
22/11/1978,כב חשון תשלט
23/11/1978,כג חשון תשלט
24/11/1978,כד חשון תשלט
25/11/1978,כה חשון תשלט
26/11/1978,כו חשון תשלט
27/11/1978,כז חשון תשלט
28/11/1978,כח חשון תשלט
29/11/1978,כט חשון תשלט
30/11/1978,ל חשון תשלט
01/12/1978,א כסלו תשלט
02/12/1978,ב כסלו תשלט
03/12/1978,ג כסלו תשלט
04/12/1978,ד כסלו תשלט
05/12/1978,ה כסלו תשלט
06/12/1978,ו כסלו תשלט
07/12/1978,ז כסלו תשלט
08/12/1978,ח כסלו תשלט
09/12/1978,ט כסלו תשלט
10/12/1978,י כסלו תשלט
11/12/1978,יא כסלו תשלט
12/12/1978,יב כסלו תשלט
13/12/1978,יג כסלו תשלט
14/12/1978,יד כסלו תשלט
15/12/1978,טו כסלו תשלט
16/12/1978,טז כסלו תשלט
17/12/1978,יז כסלו תשלט
18/12/1978,יח כסלו תשלט
19/12/1978,יט כסלו תשלט
20/12/1978,כ כסלו תשלט
21/12/1978,כא כסלו תשלט
22/12/1978,כב כסלו תשלט
23/12/1978,כג כסלו תשלט
24/12/1978,כד כסלו תשלט
25/12/1978,כה כסלו תשלט
26/12/1978,כו כסלו תשלט
27/12/1978,כז כסלו תשלט
28/12/1978,כח כסלו תשלט
29/12/1978,כט כסלו תשלט
30/12/1978,ל כסלו תשלט
31/12/1978,א טבת תשלט
01/01/1979,ב טבת תשלט
02/01/1979,ג טבת תשלט
03/01/1979,ד טבת תשלט
04/01/1979,ה טבת תשלט
05/01/1979,ו טבת תשלט
06/01/1979,ז טבת תשלט
07/01/1979,ח טבת תשלט
08/01/1979,ט טבת תשלט
09/01/1979,י טבת תשלט
10/01/1979,יא טבת תשלט
11/01/1979,יב טבת תשלט
12/01/1979,יג טבת תשלט
13/01/1979,יד טבת תשלט
14/01/1979,טו טבת תשלט
15/01/1979,טז טבת תשלט
16/01/1979,יז טבת תשלט
17/01/1979,יח טבת תשלט
18/01/1979,יט טבת תשלט
19/01/1979,כ טבת תשלט
20/01/1979,כא טבת תשלט
21/01/1979,כב טבת תשלט
22/01/1979,כג טבת תשלט
23/01/1979,כד טבת תשלט
24/01/1979,כה טבת תשלט
25/01/1979,כו טבת תשלט
26/01/1979,כז טבת תשלט
27/01/1979,כח טבת תשלט
28/01/1979,כט טבת תשלט
29/01/1979,א שבט תשלט
30/01/1979,ב שבט תשלט
31/01/1979,ג שבט תשלט
01/02/1979,ד שבט תשלט
02/02/1979,ה שבט תשלט
03/02/1979,ו שבט תשלט
04/02/1979,ז שבט תשלט
05/02/1979,ח שבט תשלט
06/02/1979,ט שבט תשלט
07/02/1979,י שבט תשלט
08/02/1979,יא שבט תשלט
09/02/1979,יב שבט תשלט
10/02/1979,יג שבט תשלט
11/02/1979,יד שבט תשלט
12/02/1979,טו שבט תשלט
13/02/1979,טז שבט תשלט
14/02/1979,יז שבט תשלט
15/02/1979,יח שבט תשלט
16/02/1979,יט שבט תשלט
17/02/1979,כ שבט תשלט
18/02/1979,כא שבט תשלט
19/02/1979,כב שבט תשלט
20/02/1979,כג שבט תשלט
21/02/1979,כד שבט תשלט
22/02/1979,כה שבט תשלט
23/02/1979,כו שבט תשלט
24/02/1979,כז שבט תשלט
25/02/1979,כח שבט תשלט
26/02/1979,כט שבט תשלט
27/02/1979,ל שבט תשלט
28/02/1979,א אדר תשלט
01/03/1979,ב אדר תשלט
02/03/1979,ג אדר תשלט
03/03/1979,ד אדר תשלט
04/03/1979,ה אדר תשלט
05/03/1979,ו אדר תשלט
06/03/1979,ז אדר תשלט
07/03/1979,ח אדר תשלט
08/03/1979,ט אדר תשלט
09/03/1979,י אדר תשלט
10/03/1979,יא אדר תשלט
11/03/1979,יב אדר תשלט
12/03/1979,יג אדר תשלט
13/03/1979,יד אדר תשלט
14/03/1979,טו אדר תשלט
15/03/1979,טז אדר תשלט
16/03/1979,יז אדר תשלט
17/03/1979,יח אדר תשלט
18/03/1979,יט אדר תשלט
19/03/1979,כ אדר תשלט
20/03/1979,כא אדר תשלט
21/03/1979,כב אדר תשלט
22/03/1979,כג אדר תשלט
23/03/1979,כד אדר תשלט
24/03/1979,כה אדר תשלט
25/03/1979,כו אדר תשלט
26/03/1979,כז אדר תשלט
27/03/1979,כח אדר תשלט
28/03/1979,כט אדר תשלט
29/03/1979,א ניסן תשלט
30/03/1979,ב ניסן תשלט
31/03/1979,ג ניסן תשלט
01/04/1979,ד ניסן תשלט
02/04/1979,ה ניסן תשלט
03/04/1979,ו ניסן תשלט
04/04/1979,ז ניסן תשלט
05/04/1979,ח ניסן תשלט
06/04/1979,ט ניסן תשלט
07/04/1979,י ניסן תשלט
08/04/1979,יא ניסן תשלט
09/04/1979,יב ניסן תשלט
10/04/1979,יג ניסן תשלט
11/04/1979,יד ניסן תשלט
12/04/1979,טו ניסן תשלט
13/04/1979,טז ניסן תשלט
14/04/1979,יז ניסן תשלט
15/04/1979,יח ניסן תשלט
16/04/1979,יט ניסן תשלט
17/04/1979,כ ניסן תשלט
18/04/1979,כא ניסן תשלט
19/04/1979,כב ניסן תשלט
20/04/1979,כג ניסן תשלט
21/04/1979,כד ניסן תשלט
22/04/1979,כה ניסן תשלט
23/04/1979,כו ניסן תשלט
24/04/1979,כז ניסן תשלט
25/04/1979,כח ניסן תשלט
26/04/1979,כט ניסן תשלט
27/04/1979,ל ניסן תשלט
28/04/1979,א אייר תשלט
29/04/1979,ב אייר תשלט
30/04/1979,ג אייר תשלט
01/05/1979,ד אייר תשלט
02/05/1979,ה אייר תשלט
03/05/1979,ו אייר תשלט
04/05/1979,ז אייר תשלט
05/05/1979,ח אייר תשלט
06/05/1979,ט אייר תשלט
07/05/1979,י אייר תשלט
08/05/1979,יא אייר תשלט
09/05/1979,יב אייר תשלט
10/05/1979,יג אייר תשלט
11/05/1979,יד אייר תשלט
12/05/1979,טו אייר תשלט
13/05/1979,טז אייר תשלט
14/05/1979,יז אייר תשלט
15/05/1979,יח אייר תשלט
16/05/1979,יט אייר תשלט
17/05/1979,כ אייר תשלט
18/05/1979,כא אייר תשלט
19/05/1979,כב אייר תשלט
20/05/1979,כג אייר תשלט
21/05/1979,כד אייר תשלט
22/05/1979,כה אייר תשלט
23/05/1979,כו אייר תשלט
24/05/1979,כז אייר תשלט
25/05/1979,כח אייר תשלט
26/05/1979,כט אייר תשלט
27/05/1979,א סיון תשלט
28/05/1979,ב סיון תשלט
29/05/1979,ג סיון תשלט
30/05/1979,ד סיון תשלט
31/05/1979,ה סיון תשלט
01/06/1979,ו סיון תשלט
02/06/1979,ז סיון תשלט
03/06/1979,ח סיון תשלט
04/06/1979,ט סיון תשלט
05/06/1979,י סיון תשלט
06/06/1979,יא סיון תשלט
07/06/1979,יב סיון תשלט
08/06/1979,יג סיון תשלט
09/06/1979,יד סיון תשלט
10/06/1979,טו סיון תשלט
11/06/1979,טז סיון תשלט
12/06/1979,יז סיון תשלט
13/06/1979,יח סיון תשלט
14/06/1979,יט סיון תשלט
15/06/1979,כ סיון תשלט
16/06/1979,כא סיון תשלט
17/06/1979,כב סיון תשלט
18/06/1979,כג סיון תשלט
19/06/1979,כד סיון תשלט
20/06/1979,כה סיון תשלט
21/06/1979,כו סיון תשלט
22/06/1979,כז סיון תשלט
23/06/1979,כח סיון תשלט
24/06/1979,כט סיון תשלט
25/06/1979,ל סיון תשלט
26/06/1979,א תמוז תשלט
27/06/1979,ב תמוז תשלט
28/06/1979,ג תמוז תשלט
29/06/1979,ד תמוז תשלט
30/06/1979,ה תמוז תשלט
01/07/1979,ו תמוז תשלט
02/07/1979,ז תמוז תשלט
03/07/1979,ח תמוז תשלט
04/07/1979,ט תמוז תשלט
05/07/1979,י תמוז תשלט
06/07/1979,יא תמוז תשלט
07/07/1979,יב תמוז תשלט
08/07/1979,יג תמוז תשלט
09/07/1979,יד תמוז תשלט
10/07/1979,טו תמוז תשלט
11/07/1979,טז תמוז תשלט
12/07/1979,יז תמוז תשלט
13/07/1979,יח תמוז תשלט
14/07/1979,יט תמוז תשלט
15/07/1979,כ תמוז תשלט
16/07/1979,כא תמוז תשלט
17/07/1979,כב תמוז תשלט
18/07/1979,כג תמוז תשלט
19/07/1979,כד תמוז תשלט
20/07/1979,כה תמוז תשלט
21/07/1979,כו תמוז תשלט
22/07/1979,כז תמוז תשלט
23/07/1979,כח תמוז תשלט
24/07/1979,כט תמוז תשלט
25/07/1979,א אב תשלט
26/07/1979,ב אב תשלט
27/07/1979,ג אב תשלט
28/07/1979,ד אב תשלט
29/07/1979,ה אב תשלט
30/07/1979,ו אב תשלט
31/07/1979,ז אב תשלט
01/08/1979,ח אב תשלט
02/08/1979,ט אב תשלט
03/08/1979,י אב תשלט
04/08/1979,יא אב תשלט
05/08/1979,יב אב תשלט
06/08/1979,יג אב תשלט
07/08/1979,יד אב תשלט
08/08/1979,טו אב תשלט
09/08/1979,טז אב תשלט
10/08/1979,יז אב תשלט
11/08/1979,יח אב תשלט
12/08/1979,יט אב תשלט
13/08/1979,כ אב תשלט
14/08/1979,כא אב תשלט
15/08/1979,כב אב תשלט
16/08/1979,כג אב תשלט
17/08/1979,כד אב תשלט
18/08/1979,כה אב תשלט
19/08/1979,כו אב תשלט
20/08/1979,כז אב תשלט
21/08/1979,כח אב תשלט
22/08/1979,כט אב תשלט
23/08/1979,ל אב תשלט
24/08/1979,א אלול תשלט
25/08/1979,ב אלול תשלט
26/08/1979,ג אלול תשלט
27/08/1979,ד אלול תשלט
28/08/1979,ה אלול תשלט
29/08/1979,ו אלול תשלט
30/08/1979,ז אלול תשלט
31/08/1979,ח אלול תשלט
01/09/1979,ט אלול תשלט
02/09/1979,י אלול תשלט
03/09/1979,יא אלול תשלט
04/09/1979,יב אלול תשלט
05/09/1979,יג אלול תשלט
06/09/1979,יד אלול תשלט
07/09/1979,טו אלול תשלט
08/09/1979,טז אלול תשלט
09/09/1979,יז אלול תשלט
10/09/1979,יח אלול תשלט
11/09/1979,יט אלול תשלט
12/09/1979,כ אלול תשלט
13/09/1979,כא אלול תשלט
14/09/1979,כב אלול תשלט
15/09/1979,כג אלול תשלט
16/09/1979,כד אלול תשלט
17/09/1979,כה אלול תשלט
18/09/1979,כו אלול תשלט
19/09/1979,כז אלול תשלט
20/09/1979,כח אלול תשלט
21/09/1979,כט אלול תשלט
22/09/1979,א תשרי תשמ
23/09/1979,ב תשרי תשמ
24/09/1979,ג תשרי תשמ
25/09/1979,ד תשרי תשמ
26/09/1979,ה תשרי תשמ
27/09/1979,ו תשרי תשמ
28/09/1979,ז תשרי תשמ
29/09/1979,ח תשרי תשמ
30/09/1979,ט תשרי תשמ
01/10/1979,י תשרי תשמ
02/10/1979,יא תשרי תשמ
03/10/1979,יב תשרי תשמ
04/10/1979,יג תשרי תשמ
05/10/1979,יד תשרי תשמ
06/10/1979,טו תשרי תשמ
07/10/1979,טז תשרי תשמ
08/10/1979,יז תשרי תשמ
09/10/1979,יח תשרי תשמ
10/10/1979,יט תשרי תשמ
11/10/1979,כ תשרי תשמ
12/10/1979,כא תשרי תשמ
13/10/1979,כב תשרי תשמ
14/10/1979,כג תשרי תשמ
15/10/1979,כד תשרי תשמ
16/10/1979,כה תשרי תשמ
17/10/1979,כו תשרי תשמ
18/10/1979,כז תשרי תשמ
19/10/1979,כח תשרי תשמ
20/10/1979,כט תשרי תשמ
21/10/1979,ל תשרי תשמ
22/10/1979,א חשון תשמ
23/10/1979,ב חשון תשמ
24/10/1979,ג חשון תשמ
25/10/1979,ד חשון תשמ
26/10/1979,ה חשון תשמ
27/10/1979,ו חשון תשמ
28/10/1979,ז חשון תשמ
29/10/1979,ח חשון תשמ
30/10/1979,ט חשון תשמ
31/10/1979,י חשון תשמ
01/11/1979,יא חשון תשמ
02/11/1979,יב חשון תשמ
03/11/1979,יג חשון תשמ
04/11/1979,יד חשון תשמ
05/11/1979,טו חשון תשמ
06/11/1979,טז חשון תשמ
07/11/1979,יז חשון תשמ
08/11/1979,יח חשון תשמ
09/11/1979,יט חשון תשמ
10/11/1979,כ חשון תשמ
11/11/1979,כא חשון תשמ
12/11/1979,כב חשון תשמ
13/11/1979,כג חשון תשמ
14/11/1979,כד חשון תשמ
15/11/1979,כה חשון תשמ
16/11/1979,כו חשון תשמ
17/11/1979,כז חשון תשמ
18/11/1979,כח חשון תשמ
19/11/1979,כט חשון תשמ
20/11/1979,ל חשון תשמ
21/11/1979,א כסלו תשמ
22/11/1979,ב כסלו תשמ
23/11/1979,ג כסלו תשמ
24/11/1979,ד כסלו תשמ
25/11/1979,ה כסלו תשמ
26/11/1979,ו כסלו תשמ
27/11/1979,ז כסלו תשמ
28/11/1979,ח כסלו תשמ
29/11/1979,ט כסלו תשמ
30/11/1979,י כסלו תשמ
01/12/1979,יא כסלו תשמ
02/12/1979,יב כסלו תשמ
03/12/1979,יג כסלו תשמ
04/12/1979,יד כסלו תשמ
05/12/1979,טו כסלו תשמ
06/12/1979,טז כסלו תשמ
07/12/1979,יז כסלו תשמ
08/12/1979,יח כסלו תשמ
09/12/1979,יט כסלו תשמ
10/12/1979,כ כסלו תשמ
11/12/1979,כא כסלו תשמ
12/12/1979,כב כסלו תשמ
13/12/1979,כג כסלו תשמ
14/12/1979,כד כסלו תשמ
15/12/1979,כה כסלו תשמ
16/12/1979,כו כסלו תשמ
17/12/1979,כז כסלו תשמ
18/12/1979,כח כסלו תשמ
19/12/1979,כט כסלו תשמ
20/12/1979,ל כסלו תשמ
21/12/1979,א טבת תשמ
22/12/1979,ב טבת תשמ
23/12/1979,ג טבת תשמ
24/12/1979,ד טבת תשמ
25/12/1979,ה טבת תשמ
26/12/1979,ו טבת תשמ
27/12/1979,ז טבת תשמ
28/12/1979,ח טבת תשמ
29/12/1979,ט טבת תשמ
30/12/1979,י טבת תשמ
31/12/1979,יא טבת תשמ
01/01/1980,יב טבת תשמ
02/01/1980,יג טבת תשמ
03/01/1980,יד טבת תשמ
04/01/1980,טו טבת תשמ
05/01/1980,טז טבת תשמ
06/01/1980,יז טבת תשמ
07/01/1980,יח טבת תשמ
08/01/1980,יט טבת תשמ
09/01/1980,כ טבת תשמ
10/01/1980,כא טבת תשמ
11/01/1980,כב טבת תשמ
12/01/1980,כג טבת תשמ
13/01/1980,כד טבת תשמ
14/01/1980,כה טבת תשמ
15/01/1980,כו טבת תשמ
16/01/1980,כז טבת תשמ
17/01/1980,כח טבת תשמ
18/01/1980,כט טבת תשמ
19/01/1980,א שבט תשמ
20/01/1980,ב שבט תשמ
21/01/1980,ג שבט תשמ
22/01/1980,ד שבט תשמ
23/01/1980,ה שבט תשמ
24/01/1980,ו שבט תשמ
25/01/1980,ז שבט תשמ
26/01/1980,ח שבט תשמ
27/01/1980,ט שבט תשמ
28/01/1980,י שבט תשמ
29/01/1980,יא שבט תשמ
30/01/1980,יב שבט תשמ
31/01/1980,יג שבט תשמ
01/02/1980,יד שבט תשמ
02/02/1980,טו שבט תשמ
03/02/1980,טז שבט תשמ
04/02/1980,יז שבט תשמ
05/02/1980,יח שבט תשמ
06/02/1980,יט שבט תשמ
07/02/1980,כ שבט תשמ
08/02/1980,כא שבט תשמ
09/02/1980,כב שבט תשמ
10/02/1980,כג שבט תשמ
11/02/1980,כד שבט תשמ
12/02/1980,כה שבט תשמ
13/02/1980,כו שבט תשמ
14/02/1980,כז שבט תשמ
15/02/1980,כח שבט תשמ
16/02/1980,כט שבט תשמ
17/02/1980,ל שבט תשמ
18/02/1980,א אדר תשמ
19/02/1980,ב אדר תשמ
20/02/1980,ג אדר תשמ
21/02/1980,ד אדר תשמ
22/02/1980,ה אדר תשמ
23/02/1980,ו אדר תשמ
24/02/1980,ז אדר תשמ
25/02/1980,ח אדר תשמ
26/02/1980,ט אדר תשמ
27/02/1980,י אדר תשמ
28/02/1980,יא אדר תשמ
29/02/1980,יב אדר תשמ
01/03/1980,יג אדר תשמ
02/03/1980,יד אדר תשמ
03/03/1980,טו אדר תשמ
04/03/1980,טז אדר תשמ
05/03/1980,יז אדר תשמ
06/03/1980,יח אדר תשמ
07/03/1980,יט אדר תשמ
08/03/1980,כ אדר תשמ
09/03/1980,כא אדר תשמ
10/03/1980,כב אדר תשמ
11/03/1980,כג אדר תשמ
12/03/1980,כד אדר תשמ
13/03/1980,כה אדר תשמ
14/03/1980,כו אדר תשמ
15/03/1980,כז אדר תשמ
16/03/1980,כח אדר תשמ
17/03/1980,כט אדר תשמ
18/03/1980,א ניסן תשמ
19/03/1980,ב ניסן תשמ
20/03/1980,ג ניסן תשמ
21/03/1980,ד ניסן תשמ
22/03/1980,ה ניסן תשמ
23/03/1980,ו ניסן תשמ
24/03/1980,ז ניסן תשמ
25/03/1980,ח ניסן תשמ
26/03/1980,ט ניסן תשמ
27/03/1980,י ניסן תשמ
28/03/1980,יא ניסן תשמ
29/03/1980,יב ניסן תשמ
30/03/1980,יג ניסן תשמ
31/03/1980,יד ניסן תשמ
01/04/1980,טו ניסן תשמ
02/04/1980,טז ניסן תשמ
03/04/1980,יז ניסן תשמ
04/04/1980,יח ניסן תשמ
05/04/1980,יט ניסן תשמ
06/04/1980,כ ניסן תשמ
07/04/1980,כא ניסן תשמ
08/04/1980,כב ניסן תשמ
09/04/1980,כג ניסן תשמ
10/04/1980,כד ניסן תשמ
11/04/1980,כה ניסן תשמ
12/04/1980,כו ניסן תשמ
13/04/1980,כז ניסן תשמ
14/04/1980,כח ניסן תשמ
15/04/1980,כט ניסן תשמ
16/04/1980,ל ניסן תשמ
17/04/1980,א אייר תשמ
18/04/1980,ב אייר תשמ
19/04/1980,ג אייר תשמ
20/04/1980,ד אייר תשמ
21/04/1980,ה אייר תשמ
22/04/1980,ו אייר תשמ
23/04/1980,ז אייר תשמ
24/04/1980,ח אייר תשמ
25/04/1980,ט אייר תשמ
26/04/1980,י אייר תשמ
27/04/1980,יא אייר תשמ
28/04/1980,יב אייר תשמ
29/04/1980,יג אייר תשמ
30/04/1980,יד אייר תשמ
01/05/1980,טו אייר תשמ
02/05/1980,טז אייר תשמ
03/05/1980,יז אייר תשמ
04/05/1980,יח אייר תשמ
05/05/1980,יט אייר תשמ
06/05/1980,כ אייר תשמ
07/05/1980,כא אייר תשמ
08/05/1980,כב אייר תשמ
09/05/1980,כג אייר תשמ
10/05/1980,כד אייר תשמ
11/05/1980,כה אייר תשמ
12/05/1980,כו אייר תשמ
13/05/1980,כז אייר תשמ
14/05/1980,כח אייר תשמ
15/05/1980,כט אייר תשמ
16/05/1980,א סיון תשמ
17/05/1980,ב סיון תשמ
18/05/1980,ג סיון תשמ
19/05/1980,ד סיון תשמ
20/05/1980,ה סיון תשמ
21/05/1980,ו סיון תשמ
22/05/1980,ז סיון תשמ
23/05/1980,ח סיון תשמ
24/05/1980,ט סיון תשמ
25/05/1980,י סיון תשמ
26/05/1980,יא סיון תשמ
27/05/1980,יב סיון תשמ
28/05/1980,יג סיון תשמ
29/05/1980,יד סיון תשמ
30/05/1980,טו סיון תשמ
31/05/1980,טז סיון תשמ
01/06/1980,יז סיון תשמ
02/06/1980,יח סיון תשמ
03/06/1980,יט סיון תשמ
04/06/1980,כ סיון תשמ
05/06/1980,כא סיון תשמ
06/06/1980,כב סיון תשמ
07/06/1980,כג סיון תשמ
08/06/1980,כד סיון תשמ
09/06/1980,כה סיון תשמ
10/06/1980,כו סיון תשמ
11/06/1980,כז סיון תשמ
12/06/1980,כח סיון תשמ
13/06/1980,כט סיון תשמ
14/06/1980,ל סיון תשמ
15/06/1980,א תמוז תשמ
16/06/1980,ב תמוז תשמ
17/06/1980,ג תמוז תשמ
18/06/1980,ד תמוז תשמ
19/06/1980,ה תמוז תשמ
20/06/1980,ו תמוז תשמ
21/06/1980,ז תמוז תשמ
22/06/1980,ח תמוז תשמ
23/06/1980,ט תמוז תשמ
24/06/1980,י תמוז תשמ
25/06/1980,יא תמוז תשמ
26/06/1980,יב תמוז תשמ
27/06/1980,יג תמוז תשמ
28/06/1980,יד תמוז תשמ
29/06/1980,טו תמוז תשמ
30/06/1980,טז תמוז תשמ
01/07/1980,יז תמוז תשמ
02/07/1980,יח תמוז תשמ
03/07/1980,יט תמוז תשמ
04/07/1980,כ תמוז תשמ
05/07/1980,כא תמוז תשמ
06/07/1980,כב תמוז תשמ
07/07/1980,כג תמוז תשמ
08/07/1980,כד תמוז תשמ
09/07/1980,כה תמוז תשמ
10/07/1980,כו תמוז תשמ
11/07/1980,כז תמוז תשמ
12/07/1980,כח תמוז תשמ
13/07/1980,כט תמוז תשמ
14/07/1980,א אב תשמ
15/07/1980,ב אב תשמ
16/07/1980,ג אב תשמ
17/07/1980,ד אב תשמ
18/07/1980,ה אב תשמ
19/07/1980,ו אב תשמ
20/07/1980,ז אב תשמ
21/07/1980,ח אב תשמ
22/07/1980,ט אב תשמ
23/07/1980,י אב תשמ
24/07/1980,יא אב תשמ
25/07/1980,יב אב תשמ
26/07/1980,יג אב תשמ
27/07/1980,יד אב תשמ
28/07/1980,טו אב תשמ
29/07/1980,טז אב תשמ
30/07/1980,יז אב תשמ
31/07/1980,יח אב תשמ
01/08/1980,יט אב תשמ
02/08/1980,כ אב תשמ
03/08/1980,כא אב תשמ
04/08/1980,כב אב תשמ
05/08/1980,כג אב תשמ
06/08/1980,כד אב תשמ
07/08/1980,כה אב תשמ
08/08/1980,כו אב תשמ
09/08/1980,כז אב תשמ
10/08/1980,כח אב תשמ
11/08/1980,כט אב תשמ
12/08/1980,ל אב תשמ
13/08/1980,א אלול תשמ
14/08/1980,ב אלול תשמ
15/08/1980,ג אלול תשמ
16/08/1980,ד אלול תשמ
17/08/1980,ה אלול תשמ
18/08/1980,ו אלול תשמ
19/08/1980,ז אלול תשמ
20/08/1980,ח אלול תשמ
21/08/1980,ט אלול תשמ
22/08/1980,י אלול תשמ
23/08/1980,יא אלול תשמ
24/08/1980,יב אלול תשמ
25/08/1980,יג אלול תשמ
26/08/1980,יד אלול תשמ
27/08/1980,טו אלול תשמ
28/08/1980,טז אלול תשמ
29/08/1980,יז אלול תשמ
30/08/1980,יח אלול תשמ
31/08/1980,יט אלול תשמ
01/09/1980,כ אלול תשמ
02/09/1980,כא אלול תשמ
03/09/1980,כב אלול תשמ
04/09/1980,כג אלול תשמ
05/09/1980,כד אלול תשמ
06/09/1980,כה אלול תשמ
07/09/1980,כו אלול תשמ
08/09/1980,כז אלול תשמ
09/09/1980,כח אלול תשמ
10/09/1980,כט אלול תשמ
11/09/1980,א תשרי תשמא
12/09/1980,ב תשרי תשמא
13/09/1980,ג תשרי תשמא
14/09/1980,ד תשרי תשמא
15/09/1980,ה תשרי תשמא
16/09/1980,ו תשרי תשמא
17/09/1980,ז תשרי תשמא
18/09/1980,ח תשרי תשמא
19/09/1980,ט תשרי תשמא
20/09/1980,י תשרי תשמא
21/09/1980,יא תשרי תשמא
22/09/1980,יב תשרי תשמא
23/09/1980,יג תשרי תשמא
24/09/1980,יד תשרי תשמא
25/09/1980,טו תשרי תשמא
26/09/1980,טז תשרי תשמא
27/09/1980,יז תשרי תשמא
28/09/1980,יח תשרי תשמא
29/09/1980,יט תשרי תשמא
30/09/1980,כ תשרי תשמא
01/10/1980,כא תשרי תשמא
02/10/1980,כב תשרי תשמא
03/10/1980,כג תשרי תשמא
04/10/1980,כד תשרי תשמא
05/10/1980,כה תשרי תשמא
06/10/1980,כו תשרי תשמא
07/10/1980,כז תשרי תשמא
08/10/1980,כח תשרי תשמא
09/10/1980,כט תשרי תשמא
10/10/1980,ל תשרי תשמא
11/10/1980,א חשון תשמא
12/10/1980,ב חשון תשמא
13/10/1980,ג חשון תשמא
14/10/1980,ד חשון תשמא
15/10/1980,ה חשון תשמא
16/10/1980,ו חשון תשמא
17/10/1980,ז חשון תשמא
18/10/1980,ח חשון תשמא
19/10/1980,ט חשון תשמא
20/10/1980,י חשון תשמא
21/10/1980,יא חשון תשמא
22/10/1980,יב חשון תשמא
23/10/1980,יג חשון תשמא
24/10/1980,יד חשון תשמא
25/10/1980,טו חשון תשמא
26/10/1980,טז חשון תשמא
27/10/1980,יז חשון תשמא
28/10/1980,יח חשון תשמא
29/10/1980,יט חשון תשמא
30/10/1980,כ חשון תשמא
31/10/1980,כא חשון תשמא
01/11/1980,כב חשון תשמא
02/11/1980,כג חשון תשמא
03/11/1980,כד חשון תשמא
04/11/1980,כה חשון תשמא
05/11/1980,כו חשון תשמא
06/11/1980,כז חשון תשמא
07/11/1980,כח חשון תשמא
08/11/1980,כט חשון תשמא
09/11/1980,א כסלו תשמא
10/11/1980,ב כסלו תשמא
11/11/1980,ג כסלו תשמא
12/11/1980,ד כסלו תשמא
13/11/1980,ה כסלו תשמא
14/11/1980,ו כסלו תשמא
15/11/1980,ז כסלו תשמא
16/11/1980,ח כסלו תשמא
17/11/1980,ט כסלו תשמא
18/11/1980,י כסלו תשמא
19/11/1980,יא כסלו תשמא
20/11/1980,יב כסלו תשמא
21/11/1980,יג כסלו תשמא
22/11/1980,יד כסלו תשמא
23/11/1980,טו כסלו תשמא
24/11/1980,טז כסלו תשמא
25/11/1980,יז כסלו תשמא
26/11/1980,יח כסלו תשמא
27/11/1980,יט כסלו תשמא
28/11/1980,כ כסלו תשמא
29/11/1980,כא כסלו תשמא
30/11/1980,כב כסלו תשמא
01/12/1980,כג כסלו תשמא
02/12/1980,כד כסלו תשמא
03/12/1980,כה כסלו תשמא
04/12/1980,כו כסלו תשמא
05/12/1980,כז כסלו תשמא
06/12/1980,כח כסלו תשמא
07/12/1980,כט כסלו תשמא
08/12/1980,א טבת תשמא
09/12/1980,ב טבת תשמא
10/12/1980,ג טבת תשמא
11/12/1980,ד טבת תשמא
12/12/1980,ה טבת תשמא
13/12/1980,ו טבת תשמא
14/12/1980,ז טבת תשמא
15/12/1980,ח טבת תשמא
16/12/1980,ט טבת תשמא
17/12/1980,י טבת תשמא
18/12/1980,יא טבת תשמא
19/12/1980,יב טבת תשמא
20/12/1980,יג טבת תשמא
21/12/1980,יד טבת תשמא
22/12/1980,טו טבת תשמא
23/12/1980,טז טבת תשמא
24/12/1980,יז טבת תשמא
25/12/1980,יח טבת תשמא
26/12/1980,יט טבת תשמא
27/12/1980,כ טבת תשמא
28/12/1980,כא טבת תשמא
29/12/1980,כב טבת תשמא
30/12/1980,כג טבת תשמא
31/12/1980,כד טבת תשמא
01/01/1981,כה טבת תשמא
02/01/1981,כו טבת תשמא
03/01/1981,כז טבת תשמא
04/01/1981,כח טבת תשמא
05/01/1981,כט טבת תשמא
06/01/1981,א שבט תשמא
07/01/1981,ב שבט תשמא
08/01/1981,ג שבט תשמא
09/01/1981,ד שבט תשמא
10/01/1981,ה שבט תשמא
11/01/1981,ו שבט תשמא
12/01/1981,ז שבט תשמא
13/01/1981,ח שבט תשמא
14/01/1981,ט שבט תשמא
15/01/1981,י שבט תשמא
16/01/1981,יא שבט תשמא
17/01/1981,יב שבט תשמא
18/01/1981,יג שבט תשמא
19/01/1981,יד שבט תשמא
20/01/1981,טו שבט תשמא
21/01/1981,טז שבט תשמא
22/01/1981,יז שבט תשמא
23/01/1981,יח שבט תשמא
24/01/1981,יט שבט תשמא
25/01/1981,כ שבט תשמא
26/01/1981,כא שבט תשמא
27/01/1981,כב שבט תשמא
28/01/1981,כג שבט תשמא
29/01/1981,כד שבט תשמא
30/01/1981,כה שבט תשמא
31/01/1981,כו שבט תשמא
01/02/1981,כז שבט תשמא
02/02/1981,כח שבט תשמא
03/02/1981,כט שבט תשמא
04/02/1981,ל שבט תשמא
05/02/1981,א אדר-א תשמא
06/02/1981,ב אדר-א תשמא
07/02/1981,ג אדר-א תשמא
08/02/1981,ד אדר-א תשמא
09/02/1981,ה אדר-א תשמא
10/02/1981,ו אדר-א תשמא
11/02/1981,ז אדר-א תשמא
12/02/1981,ח אדר-א תשמא
13/02/1981,ט אדר-א תשמא
14/02/1981,י אדר-א תשמא
15/02/1981,יא אדר-א תשמא
16/02/1981,יב אדר-א תשמא
17/02/1981,יג אדר-א תשמא
18/02/1981,יד אדר-א תשמא
19/02/1981,טו אדר-א תשמא
20/02/1981,טז אדר-א תשמא
21/02/1981,יז אדר-א תשמא
22/02/1981,יח אדר-א תשמא
23/02/1981,יט אדר-א תשמא
24/02/1981,כ אדר-א תשמא
25/02/1981,כא אדר-א תשמא
26/02/1981,כב אדר-א תשמא
27/02/1981,כג אדר-א תשמא
28/02/1981,כד אדר-א תשמא
01/03/1981,כה אדר-א תשמא
02/03/1981,כו אדר-א תשמא
03/03/1981,כז אדר-א תשמא
04/03/1981,כח אדר-א תשמא
05/03/1981,כט אדר-א תשמא
06/03/1981,ל אדר-א תשמא
07/03/1981,א אדר-ב תשמא
08/03/1981,ב אדר-ב תשמא
09/03/1981,ג אדר-ב תשמא
10/03/1981,ד אדר-ב תשמא
11/03/1981,ה אדר-ב תשמא
12/03/1981,ו אדר-ב תשמא
13/03/1981,ז אדר-ב תשמא
14/03/1981,ח אדר-ב תשמא
15/03/1981,ט אדר-ב תשמא
16/03/1981,י אדר-ב תשמא
17/03/1981,יא אדר-ב תשמא
18/03/1981,יב אדר-ב תשמא
19/03/1981,יג אדר-ב תשמא
20/03/1981,יד אדר-ב תשמא
21/03/1981,טו אדר-ב תשמא
22/03/1981,טז אדר-ב תשמא
23/03/1981,יז אדר-ב תשמא
24/03/1981,יח אדר-ב תשמא
25/03/1981,יט אדר-ב תשמא
26/03/1981,כ אדר-ב תשמא
27/03/1981,כא אדר-ב תשמא
28/03/1981,כב אדר-ב תשמא
29/03/1981,כג אדר-ב תשמא
30/03/1981,כד אדר-ב תשמא
31/03/1981,כה אדר-ב תשמא
01/04/1981,כו אדר-ב תשמא
02/04/1981,כז אדר-ב תשמא
03/04/1981,כח אדר-ב תשמא
04/04/1981,כט אדר-ב תשמא
05/04/1981,א ניסן תשמא
06/04/1981,ב ניסן תשמא
07/04/1981,ג ניסן תשמא
08/04/1981,ד ניסן תשמא
09/04/1981,ה ניסן תשמא
10/04/1981,ו ניסן תשמא
11/04/1981,ז ניסן תשמא
12/04/1981,ח ניסן תשמא
13/04/1981,ט ניסן תשמא
14/04/1981,י ניסן תשמא
15/04/1981,יא ניסן תשמא
16/04/1981,יב ניסן תשמא
17/04/1981,יג ניסן תשמא
18/04/1981,יד ניסן תשמא
19/04/1981,טו ניסן תשמא
20/04/1981,טז ניסן תשמא
21/04/1981,יז ניסן תשמא
22/04/1981,יח ניסן תשמא
23/04/1981,יט ניסן תשמא
24/04/1981,כ ניסן תשמא
25/04/1981,כא ניסן תשמא
26/04/1981,כב ניסן תשמא
27/04/1981,כג ניסן תשמא
28/04/1981,כד ניסן תשמא
29/04/1981,כה ניסן תשמא
30/04/1981,כו ניסן תשמא
01/05/1981,כז ניסן תשמא
02/05/1981,כח ניסן תשמא
03/05/1981,כט ניסן תשמא
04/05/1981,ל ניסן תשמא
05/05/1981,א אייר תשמא
06/05/1981,ב אייר תשמא
07/05/1981,ג אייר תשמא
08/05/1981,ד אייר תשמא
09/05/1981,ה אייר תשמא
10/05/1981,ו אייר תשמא
11/05/1981,ז אייר תשמא
12/05/1981,ח אייר תשמא
13/05/1981,ט אייר תשמא
14/05/1981,י אייר תשמא
15/05/1981,יא אייר תשמא
16/05/1981,יב אייר תשמא
17/05/1981,יג אייר תשמא
18/05/1981,יד אייר תשמא
19/05/1981,טו אייר תשמא
20/05/1981,טז אייר תשמא
21/05/1981,יז אייר תשמא
22/05/1981,יח אייר תשמא
23/05/1981,יט אייר תשמא
24/05/1981,כ אייר תשמא
25/05/1981,כא אייר תשמא
26/05/1981,כב אייר תשמא
27/05/1981,כג אייר תשמא
28/05/1981,כד אייר תשמא
29/05/1981,כה אייר תשמא
30/05/1981,כו אייר תשמא
31/05/1981,כז אייר תשמא
01/06/1981,כח אייר תשמא
02/06/1981,כט אייר תשמא
03/06/1981,א סיון תשמא
04/06/1981,ב סיון תשמא
05/06/1981,ג סיון תשמא
06/06/1981,ד סיון תשמא
07/06/1981,ה סיון תשמא
08/06/1981,ו סיון תשמא
09/06/1981,ז סיון תשמא
10/06/1981,ח סיון תשמא
11/06/1981,ט סיון תשמא
12/06/1981,י סיון תשמא
13/06/1981,יא סיון תשמא
14/06/1981,יב סיון תשמא
15/06/1981,יג סיון תשמא
16/06/1981,יד סיון תשמא
17/06/1981,טו סיון תשמא
18/06/1981,טז סיון תשמא
19/06/1981,יז סיון תשמא
20/06/1981,יח סיון תשמא
21/06/1981,יט סיון תשמא
22/06/1981,כ סיון תשמא
23/06/1981,כא סיון תשמא
24/06/1981,כב סיון תשמא
25/06/1981,כג סיון תשמא
26/06/1981,כד סיון תשמא
27/06/1981,כה סיון תשמא
28/06/1981,כו סיון תשמא
29/06/1981,כז סיון תשמא
30/06/1981,כח סיון תשמא
01/07/1981,כט סיון תשמא
02/07/1981,ל סיון תשמא
03/07/1981,א תמוז תשמא
04/07/1981,ב תמוז תשמא
05/07/1981,ג תמוז תשמא
06/07/1981,ד תמוז תשמא
07/07/1981,ה תמוז תשמא
08/07/1981,ו תמוז תשמא
09/07/1981,ז תמוז תשמא
10/07/1981,ח תמוז תשמא
11/07/1981,ט תמוז תשמא
12/07/1981,י תמוז תשמא
13/07/1981,יא תמוז תשמא
14/07/1981,יב תמוז תשמא
15/07/1981,יג תמוז תשמא
16/07/1981,יד תמוז תשמא
17/07/1981,טו תמוז תשמא
18/07/1981,טז תמוז תשמא
19/07/1981,יז תמוז תשמא
20/07/1981,יח תמוז תשמא
21/07/1981,יט תמוז תשמא
22/07/1981,כ תמוז תשמא
23/07/1981,כא תמוז תשמא
24/07/1981,כב תמוז תשמא
25/07/1981,כג תמוז תשמא
26/07/1981,כד תמוז תשמא
27/07/1981,כה תמוז תשמא
28/07/1981,כו תמוז תשמא
29/07/1981,כז תמוז תשמא
30/07/1981,כח תמוז תשמא
31/07/1981,כט תמוז תשמא
01/08/1981,א אב תשמא
02/08/1981,ב אב תשמא
03/08/1981,ג אב תשמא
04/08/1981,ד אב תשמא
05/08/1981,ה אב תשמא
06/08/1981,ו אב תשמא
07/08/1981,ז אב תשמא
08/08/1981,ח אב תשמא
09/08/1981,ט אב תשמא
10/08/1981,י אב תשמא
11/08/1981,יא אב תשמא
12/08/1981,יב אב תשמא
13/08/1981,יג אב תשמא
14/08/1981,יד אב תשמא
15/08/1981,טו אב תשמא
16/08/1981,טז אב תשמא
17/08/1981,יז אב תשמא
18/08/1981,יח אב תשמא
19/08/1981,יט אב תשמא
20/08/1981,כ אב תשמא
21/08/1981,כא אב תשמא
22/08/1981,כב אב תשמא
23/08/1981,כג אב תשמא
24/08/1981,כד אב תשמא
25/08/1981,כה אב תשמא
26/08/1981,כו אב תשמא
27/08/1981,כז אב תשמא
28/08/1981,כח אב תשמא
29/08/1981,כט אב תשמא
30/08/1981,ל אב תשמא
31/08/1981,א אלול תשמא
01/09/1981,ב אלול תשמא
02/09/1981,ג אלול תשמא
03/09/1981,ד אלול תשמא
04/09/1981,ה אלול תשמא
05/09/1981,ו אלול תשמא
06/09/1981,ז אלול תשמא
07/09/1981,ח אלול תשמא
08/09/1981,ט אלול תשמא
09/09/1981,י אלול תשמא
10/09/1981,יא אלול תשמא
11/09/1981,יב אלול תשמא
12/09/1981,יג אלול תשמא
13/09/1981,יד אלול תשמא
14/09/1981,טו אלול תשמא
15/09/1981,טז אלול תשמא
16/09/1981,יז אלול תשמא
17/09/1981,יח אלול תשמא
18/09/1981,יט אלול תשמא
19/09/1981,כ אלול תשמא
20/09/1981,כא אלול תשמא
21/09/1981,כב אלול תשמא
22/09/1981,כג אלול תשמא
23/09/1981,כד אלול תשמא
24/09/1981,כה אלול תשמא
25/09/1981,כו אלול תשמא
26/09/1981,כז אלול תשמא
27/09/1981,כח אלול תשמא
28/09/1981,כט אלול תשמא
29/09/1981,א תשרי תשמב
30/09/1981,ב תשרי תשמב
01/10/1981,ג תשרי תשמב
02/10/1981,ד תשרי תשמב
03/10/1981,ה תשרי תשמב
04/10/1981,ו תשרי תשמב
05/10/1981,ז תשרי תשמב
06/10/1981,ח תשרי תשמב
07/10/1981,ט תשרי תשמב
08/10/1981,י תשרי תשמב
09/10/1981,יא תשרי תשמב
10/10/1981,יב תשרי תשמב
11/10/1981,יג תשרי תשמב
12/10/1981,יד תשרי תשמב
13/10/1981,טו תשרי תשמב
14/10/1981,טז תשרי תשמב
15/10/1981,יז תשרי תשמב
16/10/1981,יח תשרי תשמב
17/10/1981,יט תשרי תשמב
18/10/1981,כ תשרי תשמב
19/10/1981,כא תשרי תשמב
20/10/1981,כב תשרי תשמב
21/10/1981,כג תשרי תשמב
22/10/1981,כד תשרי תשמב
23/10/1981,כה תשרי תשמב
24/10/1981,כו תשרי תשמב
25/10/1981,כז תשרי תשמב
26/10/1981,כח תשרי תשמב
27/10/1981,כט תשרי תשמב
28/10/1981,ל תשרי תשמב
29/10/1981,א חשון תשמב
30/10/1981,ב חשון תשמב
31/10/1981,ג חשון תשמב
01/11/1981,ד חשון תשמב
02/11/1981,ה חשון תשמב
03/11/1981,ו חשון תשמב
04/11/1981,ז חשון תשמב
05/11/1981,ח חשון תשמב
06/11/1981,ט חשון תשמב
07/11/1981,י חשון תשמב
08/11/1981,יא חשון תשמב
09/11/1981,יב חשון תשמב
10/11/1981,יג חשון תשמב
11/11/1981,יד חשון תשמב
12/11/1981,טו חשון תשמב
13/11/1981,טז חשון תשמב
14/11/1981,יז חשון תשמב
15/11/1981,יח חשון תשמב
16/11/1981,יט חשון תשמב
17/11/1981,כ חשון תשמב
18/11/1981,כא חשון תשמב
19/11/1981,כב חשון תשמב
20/11/1981,כג חשון תשמב
21/11/1981,כד חשון תשמב
22/11/1981,כה חשון תשמב
23/11/1981,כו חשון תשמב
24/11/1981,כז חשון תשמב
25/11/1981,כח חשון תשמב
26/11/1981,כט חשון תשמב
27/11/1981,א כסלו תשמב
28/11/1981,ב כסלו תשמב
29/11/1981,ג כסלו תשמב
30/11/1981,ד כסלו תשמב
01/12/1981,ה כסלו תשמב
02/12/1981,ו כסלו תשמב
03/12/1981,ז כסלו תשמב
04/12/1981,ח כסלו תשמב
05/12/1981,ט כסלו תשמב
06/12/1981,י כסלו תשמב
07/12/1981,יא כסלו תשמב
08/12/1981,יב כסלו תשמב
09/12/1981,יג כסלו תשמב
10/12/1981,יד כסלו תשמב
11/12/1981,טו כסלו תשמב
12/12/1981,טז כסלו תשמב
13/12/1981,יז כסלו תשמב
14/12/1981,יח כסלו תשמב
15/12/1981,יט כסלו תשמב
16/12/1981,כ כסלו תשמב
17/12/1981,כא כסלו תשמב
18/12/1981,כב כסלו תשמב
19/12/1981,כג כסלו תשמב
20/12/1981,כד כסלו תשמב
21/12/1981,כה כסלו תשמב
22/12/1981,כו כסלו תשמב
23/12/1981,כז כסלו תשמב
24/12/1981,כח כסלו תשמב
25/12/1981,כט כסלו תשמב
26/12/1981,ל כסלו תשמב
27/12/1981,א טבת תשמב
28/12/1981,ב טבת תשמב
29/12/1981,ג טבת תשמב
30/12/1981,ד טבת תשמב
31/12/1981,ה טבת תשמב
01/01/1982,ו טבת תשמב
02/01/1982,ז טבת תשמב
03/01/1982,ח טבת תשמב
04/01/1982,ט טבת תשמב
05/01/1982,י טבת תשמב
06/01/1982,יא טבת תשמב
07/01/1982,יב טבת תשמב
08/01/1982,יג טבת תשמב
09/01/1982,יד טבת תשמב
10/01/1982,טו טבת תשמב
11/01/1982,טז טבת תשמב
12/01/1982,יז טבת תשמב
13/01/1982,יח טבת תשמב
14/01/1982,יט טבת תשמב
15/01/1982,כ טבת תשמב
16/01/1982,כא טבת תשמב
17/01/1982,כב טבת תשמב
18/01/1982,כג טבת תשמב
19/01/1982,כד טבת תשמב
20/01/1982,כה טבת תשמב
21/01/1982,כו טבת תשמב
22/01/1982,כז טבת תשמב
23/01/1982,כח טבת תשמב
24/01/1982,כט טבת תשמב
25/01/1982,א שבט תשמב
26/01/1982,ב שבט תשמב
27/01/1982,ג שבט תשמב
28/01/1982,ד שבט תשמב
29/01/1982,ה שבט תשמב
30/01/1982,ו שבט תשמב
31/01/1982,ז שבט תשמב
01/02/1982,ח שבט תשמב
02/02/1982,ט שבט תשמב
03/02/1982,י שבט תשמב
04/02/1982,יא שבט תשמב
05/02/1982,יב שבט תשמב
06/02/1982,יג שבט תשמב
07/02/1982,יד שבט תשמב
08/02/1982,טו שבט תשמב
09/02/1982,טז שבט תשמב
10/02/1982,יז שבט תשמב
11/02/1982,יח שבט תשמב
12/02/1982,יט שבט תשמב
13/02/1982,כ שבט תשמב
14/02/1982,כא שבט תשמב
15/02/1982,כב שבט תשמב
16/02/1982,כג שבט תשמב
17/02/1982,כד שבט תשמב
18/02/1982,כה שבט תשמב
19/02/1982,כו שבט תשמב
20/02/1982,כז שבט תשמב
21/02/1982,כח שבט תשמב
22/02/1982,כט שבט תשמב
23/02/1982,ל שבט תשמב
24/02/1982,א אדר תשמב
25/02/1982,ב אדר תשמב
26/02/1982,ג אדר תשמב
27/02/1982,ד אדר תשמב
28/02/1982,ה אדר תשמב
01/03/1982,ו אדר תשמב
02/03/1982,ז אדר תשמב
03/03/1982,ח אדר תשמב
04/03/1982,ט אדר תשמב
05/03/1982,י אדר תשמב
06/03/1982,יא אדר תשמב
07/03/1982,יב אדר תשמב
08/03/1982,יג אדר תשמב
09/03/1982,יד אדר תשמב
10/03/1982,טו אדר תשמב
11/03/1982,טז אדר תשמב
12/03/1982,יז אדר תשמב
13/03/1982,יח אדר תשמב
14/03/1982,יט אדר תשמב
15/03/1982,כ אדר תשמב
16/03/1982,כא אדר תשמב
17/03/1982,כב אדר תשמב
18/03/1982,כג אדר תשמב
19/03/1982,כד אדר תשמב
20/03/1982,כה אדר תשמב
21/03/1982,כו אדר תשמב
22/03/1982,כז אדר תשמב
23/03/1982,כח אדר תשמב
24/03/1982,כט אדר תשמב
25/03/1982,א ניסן תשמב
26/03/1982,ב ניסן תשמב
27/03/1982,ג ניסן תשמב
28/03/1982,ד ניסן תשמב
29/03/1982,ה ניסן תשמב
30/03/1982,ו ניסן תשמב
31/03/1982,ז ניסן תשמב
01/04/1982,ח ניסן תשמב
02/04/1982,ט ניסן תשמב
03/04/1982,י ניסן תשמב
04/04/1982,יא ניסן תשמב
05/04/1982,יב ניסן תשמב
06/04/1982,יג ניסן תשמב
07/04/1982,יד ניסן תשמב
08/04/1982,טו ניסן תשמב
09/04/1982,טז ניסן תשמב
10/04/1982,יז ניסן תשמב
11/04/1982,יח ניסן תשמב
12/04/1982,יט ניסן תשמב
13/04/1982,כ ניסן תשמב
14/04/1982,כא ניסן תשמב
15/04/1982,כב ניסן תשמב
16/04/1982,כג ניסן תשמב
17/04/1982,כד ניסן תשמב
18/04/1982,כה ניסן תשמב
19/04/1982,כו ניסן תשמב
20/04/1982,כז ניסן תשמב
21/04/1982,כח ניסן תשמב
22/04/1982,כט ניסן תשמב
23/04/1982,ל ניסן תשמב
24/04/1982,א אייר תשמב
25/04/1982,ב אייר תשמב
26/04/1982,ג אייר תשמב
27/04/1982,ד אייר תשמב
28/04/1982,ה אייר תשמב
29/04/1982,ו אייר תשמב
30/04/1982,ז אייר תשמב
01/05/1982,ח אייר תשמב
02/05/1982,ט אייר תשמב
03/05/1982,י אייר תשמב
04/05/1982,יא אייר תשמב
05/05/1982,יב אייר תשמב
06/05/1982,יג אייר תשמב
07/05/1982,יד אייר תשמב
08/05/1982,טו אייר תשמב
09/05/1982,טז אייר תשמב
10/05/1982,יז אייר תשמב
11/05/1982,יח אייר תשמב
12/05/1982,יט אייר תשמב
13/05/1982,כ אייר תשמב
14/05/1982,כא אייר תשמב
15/05/1982,כב אייר תשמב
16/05/1982,כג אייר תשמב
17/05/1982,כד אייר תשמב
18/05/1982,כה אייר תשמב
19/05/1982,כו אייר תשמב
20/05/1982,כז אייר תשמב
21/05/1982,כח אייר תשמב
22/05/1982,כט אייר תשמב
23/05/1982,א סיון תשמב
24/05/1982,ב סיון תשמב
25/05/1982,ג סיון תשמב
26/05/1982,ד סיון תשמב
27/05/1982,ה סיון תשמב
28/05/1982,ו סיון תשמב
29/05/1982,ז סיון תשמב
30/05/1982,ח סיון תשמב
31/05/1982,ט סיון תשמב
01/06/1982,י סיון תשמב
02/06/1982,יא סיון תשמב
03/06/1982,יב סיון תשמב
04/06/1982,יג סיון תשמב
05/06/1982,יד סיון תשמב
06/06/1982,טו סיון תשמב
07/06/1982,טז סיון תשמב
08/06/1982,יז סיון תשמב
09/06/1982,יח סיון תשמב
10/06/1982,יט סיון תשמב
11/06/1982,כ סיון תשמב
12/06/1982,כא סיון תשמב
13/06/1982,כב סיון תשמב
14/06/1982,כג סיון תשמב
15/06/1982,כד סיון תשמב
16/06/1982,כה סיון תשמב
17/06/1982,כו סיון תשמב
18/06/1982,כז סיון תשמב
19/06/1982,כח סיון תשמב
20/06/1982,כט סיון תשמב
21/06/1982,ל סיון תשמב
22/06/1982,א תמוז תשמב
23/06/1982,ב תמוז תשמב
24/06/1982,ג תמוז תשמב
25/06/1982,ד תמוז תשמב
26/06/1982,ה תמוז תשמב
27/06/1982,ו תמוז תשמב
28/06/1982,ז תמוז תשמב
29/06/1982,ח תמוז תשמב
30/06/1982,ט תמוז תשמב
01/07/1982,י תמוז תשמב
02/07/1982,יא תמוז תשמב
03/07/1982,יב תמוז תשמב
04/07/1982,יג תמוז תשמב
05/07/1982,יד תמוז תשמב
06/07/1982,טו תמוז תשמב
07/07/1982,טז תמוז תשמב
08/07/1982,יז תמוז תשמב
09/07/1982,יח תמוז תשמב
10/07/1982,יט תמוז תשמב
11/07/1982,כ תמוז תשמב
12/07/1982,כא תמוז תשמב
13/07/1982,כב תמוז תשמב
14/07/1982,כג תמוז תשמב
15/07/1982,כד תמוז תשמב
16/07/1982,כה תמוז תשמב
17/07/1982,כו תמוז תשמב
18/07/1982,כז תמוז תשמב
19/07/1982,כח תמוז תשמב
20/07/1982,כט תמוז תשמב
21/07/1982,א אב תשמב
22/07/1982,ב אב תשמב
23/07/1982,ג אב תשמב
24/07/1982,ד אב תשמב
25/07/1982,ה אב תשמב
26/07/1982,ו אב תשמב
27/07/1982,ז אב תשמב
28/07/1982,ח אב תשמב
29/07/1982,ט אב תשמב
30/07/1982,י אב תשמב
31/07/1982,יא אב תשמב
01/08/1982,יב אב תשמב
02/08/1982,יג אב תשמב
03/08/1982,יד אב תשמב
04/08/1982,טו אב תשמב
05/08/1982,טז אב תשמב
06/08/1982,יז אב תשמב
07/08/1982,יח אב תשמב
08/08/1982,יט אב תשמב
09/08/1982,כ אב תשמב
10/08/1982,כא אב תשמב
11/08/1982,כב אב תשמב
12/08/1982,כג אב תשמב
13/08/1982,כד אב תשמב
14/08/1982,כה אב תשמב
15/08/1982,כו אב תשמב
16/08/1982,כז אב תשמב
17/08/1982,כח אב תשמב
18/08/1982,כט אב תשמב
19/08/1982,ל אב תשמב
20/08/1982,א אלול תשמב
21/08/1982,ב אלול תשמב
22/08/1982,ג אלול תשמב
23/08/1982,ד אלול תשמב
24/08/1982,ה אלול תשמב
25/08/1982,ו אלול תשמב
26/08/1982,ז אלול תשמב
27/08/1982,ח אלול תשמב
28/08/1982,ט אלול תשמב
29/08/1982,י אלול תשמב
30/08/1982,יא אלול תשמב
31/08/1982,יב אלול תשמב
01/09/1982,יג אלול תשמב
02/09/1982,יד אלול תשמב
03/09/1982,טו אלול תשמב
04/09/1982,טז אלול תשמב
05/09/1982,יז אלול תשמב
06/09/1982,יח אלול תשמב
07/09/1982,יט אלול תשמב
08/09/1982,כ אלול תשמב
09/09/1982,כא אלול תשמב
10/09/1982,כב אלול תשמב
11/09/1982,כג אלול תשמב
12/09/1982,כד אלול תשמב
13/09/1982,כה אלול תשמב
14/09/1982,כו אלול תשמב
15/09/1982,כז אלול תשמב
16/09/1982,כח אלול תשמב
17/09/1982,כט אלול תשמב
18/09/1982,א תשרי תשמג
19/09/1982,ב תשרי תשמג
20/09/1982,ג תשרי תשמג
21/09/1982,ד תשרי תשמג
22/09/1982,ה תשרי תשמג
23/09/1982,ו תשרי תשמג
24/09/1982,ז תשרי תשמג
25/09/1982,ח תשרי תשמג
26/09/1982,ט תשרי תשמג
27/09/1982,י תשרי תשמג
28/09/1982,יא תשרי תשמג
29/09/1982,יב תשרי תשמג
30/09/1982,יג תשרי תשמג
01/10/1982,יד תשרי תשמג
02/10/1982,טו תשרי תשמג
03/10/1982,טז תשרי תשמג
04/10/1982,יז תשרי תשמג
05/10/1982,יח תשרי תשמג
06/10/1982,יט תשרי תשמג
07/10/1982,כ תשרי תשמג
08/10/1982,כא תשרי תשמג
09/10/1982,כב תשרי תשמג
10/10/1982,כג תשרי תשמג
11/10/1982,כד תשרי תשמג
12/10/1982,כה תשרי תשמג
13/10/1982,כו תשרי תשמג
14/10/1982,כז תשרי תשמג
15/10/1982,כח תשרי תשמג
16/10/1982,כט תשרי תשמג
17/10/1982,ל תשרי תשמג
18/10/1982,א חשון תשמג
19/10/1982,ב חשון תשמג
20/10/1982,ג חשון תשמג
21/10/1982,ד חשון תשמג
22/10/1982,ה חשון תשמג
23/10/1982,ו חשון תשמג
24/10/1982,ז חשון תשמג
25/10/1982,ח חשון תשמג
26/10/1982,ט חשון תשמג
27/10/1982,י חשון תשמג
28/10/1982,יא חשון תשמג
29/10/1982,יב חשון תשמג
30/10/1982,יג חשון תשמג
31/10/1982,יד חשון תשמג
01/11/1982,טו חשון תשמג
02/11/1982,טז חשון תשמג
03/11/1982,יז חשון תשמג
04/11/1982,יח חשון תשמג
05/11/1982,יט חשון תשמג
06/11/1982,כ חשון תשמג
07/11/1982,כא חשון תשמג
08/11/1982,כב חשון תשמג
09/11/1982,כג חשון תשמג
10/11/1982,כד חשון תשמג
11/11/1982,כה חשון תשמג
12/11/1982,כו חשון תשמג
13/11/1982,כז חשון תשמג
14/11/1982,כח חשון תשמג
15/11/1982,כט חשון תשמג
16/11/1982,ל חשון תשמג
17/11/1982,א כסלו תשמג
18/11/1982,ב כסלו תשמג
19/11/1982,ג כסלו תשמג
20/11/1982,ד כסלו תשמג
21/11/1982,ה כסלו תשמג
22/11/1982,ו כסלו תשמג
23/11/1982,ז כסלו תשמג
24/11/1982,ח כסלו תשמג
25/11/1982,ט כסלו תשמג
26/11/1982,י כסלו תשמג
27/11/1982,יא כסלו תשמג
28/11/1982,יב כסלו תשמג
29/11/1982,יג כסלו תשמג
30/11/1982,יד כסלו תשמג
01/12/1982,טו כסלו תשמג
02/12/1982,טז כסלו תשמג
03/12/1982,יז כסלו תשמג
04/12/1982,יח כסלו תשמג
05/12/1982,יט כסלו תשמג
06/12/1982,כ כסלו תשמג
07/12/1982,כא כסלו תשמג
08/12/1982,כב כסלו תשמג
09/12/1982,כג כסלו תשמג
10/12/1982,כד כסלו תשמג
11/12/1982,כה כסלו תשמג
12/12/1982,כו כסלו תשמג
13/12/1982,כז כסלו תשמג
14/12/1982,כח כסלו תשמג
15/12/1982,כט כסלו תשמג
16/12/1982,ל כסלו תשמג
17/12/1982,א טבת תשמג
18/12/1982,ב טבת תשמג
19/12/1982,ג טבת תשמג
20/12/1982,ד טבת תשמג
21/12/1982,ה טבת תשמג
22/12/1982,ו טבת תשמג
23/12/1982,ז טבת תשמג
24/12/1982,ח טבת תשמג
25/12/1982,ט טבת תשמג
26/12/1982,י טבת תשמג
27/12/1982,יא טבת תשמג
28/12/1982,יב טבת תשמג
29/12/1982,יג טבת תשמג
30/12/1982,יד טבת תשמג
31/12/1982,טו טבת תשמג
01/01/1983,טז טבת תשמג
02/01/1983,יז טבת תשמג
03/01/1983,יח טבת תשמג
04/01/1983,יט טבת תשמג
05/01/1983,כ טבת תשמג
06/01/1983,כא טבת תשמג
07/01/1983,כב טבת תשמג
08/01/1983,כג טבת תשמג
09/01/1983,כד טבת תשמג
10/01/1983,כה טבת תשמג
11/01/1983,כו טבת תשמג
12/01/1983,כז טבת תשמג
13/01/1983,כח טבת תשמג
14/01/1983,כט טבת תשמג
15/01/1983,א שבט תשמג
16/01/1983,ב שבט תשמג
17/01/1983,ג שבט תשמג
18/01/1983,ד שבט תשמג
19/01/1983,ה שבט תשמג
20/01/1983,ו שבט תשמג
21/01/1983,ז שבט תשמג
22/01/1983,ח שבט תשמג
23/01/1983,ט שבט תשמג
24/01/1983,י שבט תשמג
25/01/1983,יא שבט תשמג
26/01/1983,יב שבט תשמג
27/01/1983,יג שבט תשמג
28/01/1983,יד שבט תשמג
29/01/1983,טו שבט תשמג
30/01/1983,טז שבט תשמג
31/01/1983,יז שבט תשמג
01/02/1983,יח שבט תשמג
02/02/1983,יט שבט תשמג
03/02/1983,כ שבט תשמג
04/02/1983,כא שבט תשמג
05/02/1983,כב שבט תשמג
06/02/1983,כג שבט תשמג
07/02/1983,כד שבט תשמג
08/02/1983,כה שבט תשמג
09/02/1983,כו שבט תשמג
10/02/1983,כז שבט תשמג
11/02/1983,כח שבט תשמג
12/02/1983,כט שבט תשמג
13/02/1983,ל שבט תשמג
14/02/1983,א אדר תשמג
15/02/1983,ב אדר תשמג
16/02/1983,ג אדר תשמג
17/02/1983,ד אדר תשמג
18/02/1983,ה אדר תשמג
19/02/1983,ו אדר תשמג
20/02/1983,ז אדר תשמג
21/02/1983,ח אדר תשמג
22/02/1983,ט אדר תשמג
23/02/1983,י אדר תשמג
24/02/1983,יא אדר תשמג
25/02/1983,יב אדר תשמג
26/02/1983,יג אדר תשמג
27/02/1983,יד אדר תשמג
28/02/1983,טו אדר תשמג
01/03/1983,טז אדר תשמג
02/03/1983,יז אדר תשמג
03/03/1983,יח אדר תשמג
04/03/1983,יט אדר תשמג
05/03/1983,כ אדר תשמג
06/03/1983,כא אדר תשמג
07/03/1983,כב אדר תשמג
08/03/1983,כג אדר תשמג
09/03/1983,כד אדר תשמג
10/03/1983,כה אדר תשמג
11/03/1983,כו אדר תשמג
12/03/1983,כז אדר תשמג
13/03/1983,כח אדר תשמג
14/03/1983,כט אדר תשמג
15/03/1983,א ניסן תשמג
16/03/1983,ב ניסן תשמג
17/03/1983,ג ניסן תשמג
18/03/1983,ד ניסן תשמג
19/03/1983,ה ניסן תשמג
20/03/1983,ו ניסן תשמג
21/03/1983,ז ניסן תשמג
22/03/1983,ח ניסן תשמג
23/03/1983,ט ניסן תשמג
24/03/1983,י ניסן תשמג
25/03/1983,יא ניסן תשמג
26/03/1983,יב ניסן תשמג
27/03/1983,יג ניסן תשמג
28/03/1983,יד ניסן תשמג
29/03/1983,טו ניסן תשמג
30/03/1983,טז ניסן תשמג
31/03/1983,יז ניסן תשמג
01/04/1983,יח ניסן תשמג
02/04/1983,יט ניסן תשמג
03/04/1983,כ ניסן תשמג
04/04/1983,כא ניסן תשמג
05/04/1983,כב ניסן תשמג
06/04/1983,כג ניסן תשמג
07/04/1983,כד ניסן תשמג
08/04/1983,כה ניסן תשמג
09/04/1983,כו ניסן תשמג
10/04/1983,כז ניסן תשמג
11/04/1983,כח ניסן תשמג
12/04/1983,כט ניסן תשמג
13/04/1983,ל ניסן תשמג
14/04/1983,א אייר תשמג
15/04/1983,ב אייר תשמג
16/04/1983,ג אייר תשמג
17/04/1983,ד אייר תשמג
18/04/1983,ה אייר תשמג
19/04/1983,ו אייר תשמג
20/04/1983,ז אייר תשמג
21/04/1983,ח אייר תשמג
22/04/1983,ט אייר תשמג
23/04/1983,י אייר תשמג
24/04/1983,יא אייר תשמג
25/04/1983,יב אייר תשמג
26/04/1983,יג אייר תשמג
27/04/1983,יד אייר תשמג
28/04/1983,טו אייר תשמג
29/04/1983,טז אייר תשמג
30/04/1983,יז אייר תשמג
01/05/1983,יח אייר תשמג
02/05/1983,יט אייר תשמג
03/05/1983,כ אייר תשמג
04/05/1983,כא אייר תשמג
05/05/1983,כב אייר תשמג
06/05/1983,כג אייר תשמג
07/05/1983,כד אייר תשמג
08/05/1983,כה אייר תשמג
09/05/1983,כו אייר תשמג
10/05/1983,כז אייר תשמג
11/05/1983,כח אייר תשמג
12/05/1983,כט אייר תשמג
13/05/1983,א סיון תשמג
14/05/1983,ב סיון תשמג
15/05/1983,ג סיון תשמג
16/05/1983,ד סיון תשמג
17/05/1983,ה סיון תשמג
18/05/1983,ו סיון תשמג
19/05/1983,ז סיון תשמג
20/05/1983,ח סיון תשמג
21/05/1983,ט סיון תשמג
22/05/1983,י סיון תשמג
23/05/1983,יא סיון תשמג
24/05/1983,יב סיון תשמג
25/05/1983,יג סיון תשמג
26/05/1983,יד סיון תשמג
27/05/1983,טו סיון תשמג
28/05/1983,טז סיון תשמג
29/05/1983,יז סיון תשמג
30/05/1983,יח סיון תשמג
31/05/1983,יט סיון תשמג
01/06/1983,כ סיון תשמג
02/06/1983,כא סיון תשמג
03/06/1983,כב סיון תשמג
04/06/1983,כג סיון תשמג
05/06/1983,כד סיון תשמג
06/06/1983,כה סיון תשמג
07/06/1983,כו סיון תשמג
08/06/1983,כז סיון תשמג
09/06/1983,כח סיון תשמג
10/06/1983,כט סיון תשמג
11/06/1983,ל סיון תשמג
12/06/1983,א תמוז תשמג
13/06/1983,ב תמוז תשמג
14/06/1983,ג תמוז תשמג
15/06/1983,ד תמוז תשמג
16/06/1983,ה תמוז תשמג
17/06/1983,ו תמוז תשמג
18/06/1983,ז תמוז תשמג
19/06/1983,ח תמוז תשמג
20/06/1983,ט תמוז תשמג
21/06/1983,י תמוז תשמג
22/06/1983,יא תמוז תשמג
23/06/1983,יב תמוז תשמג
24/06/1983,יג תמוז תשמג
25/06/1983,יד תמוז תשמג
26/06/1983,טו תמוז תשמג
27/06/1983,טז תמוז תשמג
28/06/1983,יז תמוז תשמג
29/06/1983,יח תמוז תשמג
30/06/1983,יט תמוז תשמג
01/07/1983,כ תמוז תשמג
02/07/1983,כא תמוז תשמג
03/07/1983,כב תמוז תשמג
04/07/1983,כג תמוז תשמג
05/07/1983,כד תמוז תשמג
06/07/1983,כה תמוז תשמג
07/07/1983,כו תמוז תשמג
08/07/1983,כז תמוז תשמג
09/07/1983,כח תמוז תשמג
10/07/1983,כט תמוז תשמג
11/07/1983,א אב תשמג
12/07/1983,ב אב תשמג
13/07/1983,ג אב תשמג
14/07/1983,ד אב תשמג
15/07/1983,ה אב תשמג
16/07/1983,ו אב תשמג
17/07/1983,ז אב תשמג
18/07/1983,ח אב תשמג
19/07/1983,ט אב תשמג
20/07/1983,י אב תשמג
21/07/1983,יא אב תשמג
22/07/1983,יב אב תשמג
23/07/1983,יג אב תשמג
24/07/1983,יד אב תשמג
25/07/1983,טו אב תשמג
26/07/1983,טז אב תשמג
27/07/1983,יז אב תשמג
28/07/1983,יח אב תשמג
29/07/1983,יט אב תשמג
30/07/1983,כ אב תשמג
31/07/1983,כא אב תשמג
01/08/1983,כב אב תשמג
02/08/1983,כג אב תשמג
03/08/1983,כד אב תשמג
04/08/1983,כה אב תשמג
05/08/1983,כו אב תשמג
06/08/1983,כז אב תשמג
07/08/1983,כח אב תשמג
08/08/1983,כט אב תשמג
09/08/1983,ל אב תשמג
10/08/1983,א אלול תשמג
11/08/1983,ב אלול תשמג
12/08/1983,ג אלול תשמג
13/08/1983,ד אלול תשמג
14/08/1983,ה אלול תשמג
15/08/1983,ו אלול תשמג
16/08/1983,ז אלול תשמג
17/08/1983,ח אלול תשמג
18/08/1983,ט אלול תשמג
19/08/1983,י אלול תשמג
20/08/1983,יא אלול תשמג
21/08/1983,יב אלול תשמג
22/08/1983,יג אלול תשמג
23/08/1983,יד אלול תשמג
24/08/1983,טו אלול תשמג
25/08/1983,טז אלול תשמג
26/08/1983,יז אלול תשמג
27/08/1983,יח אלול תשמג
28/08/1983,יט אלול תשמג
29/08/1983,כ אלול תשמג
30/08/1983,כא אלול תשמג
31/08/1983,כב אלול תשמג
01/09/1983,כג אלול תשמג
02/09/1983,כד אלול תשמג
03/09/1983,כה אלול תשמג
04/09/1983,כו אלול תשמג
05/09/1983,כז אלול תשמג
06/09/1983,כח אלול תשמג
07/09/1983,כט אלול תשמג
08/09/1983,א תשרי תשמד
09/09/1983,ב תשרי תשמד
10/09/1983,ג תשרי תשמד
11/09/1983,ד תשרי תשמד
12/09/1983,ה תשרי תשמד
13/09/1983,ו תשרי תשמד
14/09/1983,ז תשרי תשמד
15/09/1983,ח תשרי תשמד
16/09/1983,ט תשרי תשמד
17/09/1983,י תשרי תשמד
18/09/1983,יא תשרי תשמד
19/09/1983,יב תשרי תשמד
20/09/1983,יג תשרי תשמד
21/09/1983,יד תשרי תשמד
22/09/1983,טו תשרי תשמד
23/09/1983,טז תשרי תשמד
24/09/1983,יז תשרי תשמד
25/09/1983,יח תשרי תשמד
26/09/1983,יט תשרי תשמד
27/09/1983,כ תשרי תשמד
28/09/1983,כא תשרי תשמד
29/09/1983,כב תשרי תשמד
30/09/1983,כג תשרי תשמד
01/10/1983,כד תשרי תשמד
02/10/1983,כה תשרי תשמד
03/10/1983,כו תשרי תשמד
04/10/1983,כז תשרי תשמד
05/10/1983,כח תשרי תשמד
06/10/1983,כט תשרי תשמד
07/10/1983,ל תשרי תשמד
08/10/1983,א חשון תשמד
09/10/1983,ב חשון תשמד
10/10/1983,ג חשון תשמד
11/10/1983,ד חשון תשמד
12/10/1983,ה חשון תשמד
13/10/1983,ו חשון תשמד
14/10/1983,ז חשון תשמד
15/10/1983,ח חשון תשמד
16/10/1983,ט חשון תשמד
17/10/1983,י חשון תשמד
18/10/1983,יא חשון תשמד
19/10/1983,יב חשון תשמד
20/10/1983,יג חשון תשמד
21/10/1983,יד חשון תשמד
22/10/1983,טו חשון תשמד
23/10/1983,טז חשון תשמד
24/10/1983,יז חשון תשמד
25/10/1983,יח חשון תשמד
26/10/1983,יט חשון תשמד
27/10/1983,כ חשון תשמד
28/10/1983,כא חשון תשמד
29/10/1983,כב חשון תשמד
30/10/1983,כג חשון תשמד
31/10/1983,כד חשון תשמד
01/11/1983,כה חשון תשמד
02/11/1983,כו חשון תשמד
03/11/1983,כז חשון תשמד
04/11/1983,כח חשון תשמד
05/11/1983,כט חשון תשמד
06/11/1983,ל חשון תשמד
07/11/1983,א כסלו תשמד
08/11/1983,ב כסלו תשמד
09/11/1983,ג כסלו תשמד
10/11/1983,ד כסלו תשמד
11/11/1983,ה כסלו תשמד
12/11/1983,ו כסלו תשמד
13/11/1983,ז כסלו תשמד
14/11/1983,ח כסלו תשמד
15/11/1983,ט כסלו תשמד
16/11/1983,י כסלו תשמד
17/11/1983,יא כסלו תשמד
18/11/1983,יב כסלו תשמד
19/11/1983,יג כסלו תשמד
20/11/1983,יד כסלו תשמד
21/11/1983,טו כסלו תשמד
22/11/1983,טז כסלו תשמד
23/11/1983,יז כסלו תשמד
24/11/1983,יח כסלו תשמד
25/11/1983,יט כסלו תשמד
26/11/1983,כ כסלו תשמד
27/11/1983,כא כסלו תשמד
28/11/1983,כב כסלו תשמד
29/11/1983,כג כסלו תשמד
30/11/1983,כד כסלו תשמד
01/12/1983,כה כסלו תשמד
02/12/1983,כו כסלו תשמד
03/12/1983,כז כסלו תשמד
04/12/1983,כח כסלו תשמד
05/12/1983,כט כסלו תשמד
06/12/1983,ל כסלו תשמד
07/12/1983,א טבת תשמד
08/12/1983,ב טבת תשמד
09/12/1983,ג טבת תשמד
10/12/1983,ד טבת תשמד
11/12/1983,ה טבת תשמד
12/12/1983,ו טבת תשמד
13/12/1983,ז טבת תשמד
14/12/1983,ח טבת תשמד
15/12/1983,ט טבת תשמד
16/12/1983,י טבת תשמד
17/12/1983,יא טבת תשמד
18/12/1983,יב טבת תשמד
19/12/1983,יג טבת תשמד
20/12/1983,יד טבת תשמד
21/12/1983,טו טבת תשמד
22/12/1983,טז טבת תשמד
23/12/1983,יז טבת תשמד
24/12/1983,יח טבת תשמד
25/12/1983,יט טבת תשמד
26/12/1983,כ טבת תשמד
27/12/1983,כא טבת תשמד
28/12/1983,כב טבת תשמד
29/12/1983,כג טבת תשמד
30/12/1983,כד טבת תשמד
31/12/1983,כה טבת תשמד
01/01/1984,כו טבת תשמד
02/01/1984,כז טבת תשמד
03/01/1984,כח טבת תשמד
04/01/1984,כט טבת תשמד
05/01/1984,א שבט תשמד
06/01/1984,ב שבט תשמד
07/01/1984,ג שבט תשמד
08/01/1984,ד שבט תשמד
09/01/1984,ה שבט תשמד
10/01/1984,ו שבט תשמד
11/01/1984,ז שבט תשמד
12/01/1984,ח שבט תשמד
13/01/1984,ט שבט תשמד
14/01/1984,י שבט תשמד
15/01/1984,יא שבט תשמד
16/01/1984,יב שבט תשמד
17/01/1984,יג שבט תשמד
18/01/1984,יד שבט תשמד
19/01/1984,טו שבט תשמד
20/01/1984,טז שבט תשמד
21/01/1984,יז שבט תשמד
22/01/1984,יח שבט תשמד
23/01/1984,יט שבט תשמד
24/01/1984,כ שבט תשמד
25/01/1984,כא שבט תשמד
26/01/1984,כב שבט תשמד
27/01/1984,כג שבט תשמד
28/01/1984,כד שבט תשמד
29/01/1984,כה שבט תשמד
30/01/1984,כו שבט תשמד
31/01/1984,כז שבט תשמד
01/02/1984,כח שבט תשמד
02/02/1984,כט שבט תשמד
03/02/1984,ל שבט תשמד
04/02/1984,א אדר-א תשמד
05/02/1984,ב אדר-א תשמד
06/02/1984,ג אדר-א תשמד
07/02/1984,ד אדר-א תשמד
08/02/1984,ה אדר-א תשמד
09/02/1984,ו אדר-א תשמד
10/02/1984,ז אדר-א תשמד
11/02/1984,ח אדר-א תשמד
12/02/1984,ט אדר-א תשמד
13/02/1984,י אדר-א תשמד
14/02/1984,יא אדר-א תשמד
15/02/1984,יב אדר-א תשמד
16/02/1984,יג אדר-א תשמד
17/02/1984,יד אדר-א תשמד
18/02/1984,טו אדר-א תשמד
19/02/1984,טז אדר-א תשמד
20/02/1984,יז אדר-א תשמד
21/02/1984,יח אדר-א תשמד
22/02/1984,יט אדר-א תשמד
23/02/1984,כ אדר-א תשמד
24/02/1984,כא אדר-א תשמד
25/02/1984,כב אדר-א תשמד
26/02/1984,כג אדר-א תשמד
27/02/1984,כד אדר-א תשמד
28/02/1984,כה אדר-א תשמד
29/02/1984,כו אדר-א תשמד
01/03/1984,כז אדר-א תשמד
02/03/1984,כח אדר-א תשמד
03/03/1984,כט אדר-א תשמד
04/03/1984,ל אדר-א תשמד
05/03/1984,א אדר-ב תשמד
06/03/1984,ב אדר-ב תשמד
07/03/1984,ג אדר-ב תשמד
08/03/1984,ד אדר-ב תשמד
09/03/1984,ה אדר-ב תשמד
10/03/1984,ו אדר-ב תשמד
11/03/1984,ז אדר-ב תשמד
12/03/1984,ח אדר-ב תשמד
13/03/1984,ט אדר-ב תשמד
14/03/1984,י אדר-ב תשמד
15/03/1984,יא אדר-ב תשמד
16/03/1984,יב אדר-ב תשמד
17/03/1984,יג אדר-ב תשמד
18/03/1984,יד אדר-ב תשמד
19/03/1984,טו אדר-ב תשמד
20/03/1984,טז אדר-ב תשמד
21/03/1984,יז אדר-ב תשמד
22/03/1984,יח אדר-ב תשמד
23/03/1984,יט אדר-ב תשמד
24/03/1984,כ אדר-ב תשמד
25/03/1984,כא אדר-ב תשמד
26/03/1984,כב אדר-ב תשמד
27/03/1984,כג אדר-ב תשמד
28/03/1984,כד אדר-ב תשמד
29/03/1984,כה אדר-ב תשמד
30/03/1984,כו אדר-ב תשמד
31/03/1984,כז אדר-ב תשמד
01/04/1984,כח אדר-ב תשמד
02/04/1984,כט אדר-ב תשמד
03/04/1984,א ניסן תשמד
04/04/1984,ב ניסן תשמד
05/04/1984,ג ניסן תשמד
06/04/1984,ד ניסן תשמד
07/04/1984,ה ניסן תשמד
08/04/1984,ו ניסן תשמד
09/04/1984,ז ניסן תשמד
10/04/1984,ח ניסן תשמד
11/04/1984,ט ניסן תשמד
12/04/1984,י ניסן תשמד
13/04/1984,יא ניסן תשמד
14/04/1984,יב ניסן תשמד
15/04/1984,יג ניסן תשמד
16/04/1984,יד ניסן תשמד
17/04/1984,טו ניסן תשמד
18/04/1984,טז ניסן תשמד
19/04/1984,יז ניסן תשמד
20/04/1984,יח ניסן תשמד
21/04/1984,יט ניסן תשמד
22/04/1984,כ ניסן תשמד
23/04/1984,כא ניסן תשמד
24/04/1984,כב ניסן תשמד
25/04/1984,כג ניסן תשמד
26/04/1984,כד ניסן תשמד
27/04/1984,כה ניסן תשמד
28/04/1984,כו ניסן תשמד
29/04/1984,כז ניסן תשמד
30/04/1984,כח ניסן תשמד
01/05/1984,כט ניסן תשמד
02/05/1984,ל ניסן תשמד
03/05/1984,א אייר תשמד
04/05/1984,ב אייר תשמד
05/05/1984,ג אייר תשמד
06/05/1984,ד אייר תשמד
07/05/1984,ה אייר תשמד
08/05/1984,ו אייר תשמד
09/05/1984,ז אייר תשמד
10/05/1984,ח אייר תשמד
11/05/1984,ט אייר תשמד
12/05/1984,י אייר תשמד
13/05/1984,יא אייר תשמד
14/05/1984,יב אייר תשמד
15/05/1984,יג אייר תשמד
16/05/1984,יד אייר תשמד
17/05/1984,טו אייר תשמד
18/05/1984,טז אייר תשמד
19/05/1984,יז אייר תשמד
20/05/1984,יח אייר תשמד
21/05/1984,יט אייר תשמד
22/05/1984,כ אייר תשמד
23/05/1984,כא אייר תשמד
24/05/1984,כב אייר תשמד
25/05/1984,כג אייר תשמד
26/05/1984,כד אייר תשמד
27/05/1984,כה אייר תשמד
28/05/1984,כו אייר תשמד
29/05/1984,כז אייר תשמד
30/05/1984,כח אייר תשמד
31/05/1984,כט אייר תשמד
01/06/1984,א סיון תשמד
02/06/1984,ב סיון תשמד
03/06/1984,ג סיון תשמד
04/06/1984,ד סיון תשמד
05/06/1984,ה סיון תשמד
06/06/1984,ו סיון תשמד
07/06/1984,ז סיון תשמד
08/06/1984,ח סיון תשמד
09/06/1984,ט סיון תשמד
10/06/1984,י סיון תשמד
11/06/1984,יא סיון תשמד
12/06/1984,יב סיון תשמד
13/06/1984,יג סיון תשמד
14/06/1984,יד סיון תשמד
15/06/1984,טו סיון תשמד
16/06/1984,טז סיון תשמד
17/06/1984,יז סיון תשמד
18/06/1984,יח סיון תשמד
19/06/1984,יט סיון תשמד
20/06/1984,כ סיון תשמד
21/06/1984,כא סיון תשמד
22/06/1984,כב סיון תשמד
23/06/1984,כג סיון תשמד
24/06/1984,כד סיון תשמד
25/06/1984,כה סיון תשמד
26/06/1984,כו סיון תשמד
27/06/1984,כז סיון תשמד
28/06/1984,כח סיון תשמד
29/06/1984,כט סיון תשמד
30/06/1984,ל סיון תשמד
01/07/1984,א תמוז תשמד
02/07/1984,ב תמוז תשמד
03/07/1984,ג תמוז תשמד
04/07/1984,ד תמוז תשמד
05/07/1984,ה תמוז תשמד
06/07/1984,ו תמוז תשמד
07/07/1984,ז תמוז תשמד
08/07/1984,ח תמוז תשמד
09/07/1984,ט תמוז תשמד
10/07/1984,י תמוז תשמד
11/07/1984,יא תמוז תשמד
12/07/1984,יב תמוז תשמד
13/07/1984,יג תמוז תשמד
14/07/1984,יד תמוז תשמד
15/07/1984,טו תמוז תשמד
16/07/1984,טז תמוז תשמד
17/07/1984,יז תמוז תשמד
18/07/1984,יח תמוז תשמד
19/07/1984,יט תמוז תשמד
20/07/1984,כ תמוז תשמד
21/07/1984,כא תמוז תשמד
22/07/1984,כב תמוז תשמד
23/07/1984,כג תמוז תשמד
24/07/1984,כד תמוז תשמד
25/07/1984,כה תמוז תשמד
26/07/1984,כו תמוז תשמד
27/07/1984,כז תמוז תשמד
28/07/1984,כח תמוז תשמד
29/07/1984,כט תמוז תשמד
30/07/1984,א אב תשמד
31/07/1984,ב אב תשמד
01/08/1984,ג אב תשמד
02/08/1984,ד אב תשמד
03/08/1984,ה אב תשמד
04/08/1984,ו אב תשמד
05/08/1984,ז אב תשמד
06/08/1984,ח אב תשמד
07/08/1984,ט אב תשמד
08/08/1984,י אב תשמד
09/08/1984,יא אב תשמד
10/08/1984,יב אב תשמד
11/08/1984,יג אב תשמד
12/08/1984,יד אב תשמד
13/08/1984,טו אב תשמד
14/08/1984,טז אב תשמד
15/08/1984,יז אב תשמד
16/08/1984,יח אב תשמד
17/08/1984,יט אב תשמד
18/08/1984,כ אב תשמד
19/08/1984,כא אב תשמד
20/08/1984,כב אב תשמד
21/08/1984,כג אב תשמד
22/08/1984,כד אב תשמד
23/08/1984,כה אב תשמד
24/08/1984,כו אב תשמד
25/08/1984,כז אב תשמד
26/08/1984,כח אב תשמד
27/08/1984,כט אב תשמד
28/08/1984,ל אב תשמד
29/08/1984,א אלול תשמד
30/08/1984,ב אלול תשמד
31/08/1984,ג אלול תשמד
01/09/1984,ד אלול תשמד
02/09/1984,ה אלול תשמד
03/09/1984,ו אלול תשמד
04/09/1984,ז אלול תשמד
05/09/1984,ח אלול תשמד
06/09/1984,ט אלול תשמד
07/09/1984,י אלול תשמד
08/09/1984,יא אלול תשמד
09/09/1984,יב אלול תשמד
10/09/1984,יג אלול תשמד
11/09/1984,יד אלול תשמד
12/09/1984,טו אלול תשמד
13/09/1984,טז אלול תשמד
14/09/1984,יז אלול תשמד
15/09/1984,יח אלול תשמד
16/09/1984,יט אלול תשמד
17/09/1984,כ אלול תשמד
18/09/1984,כא אלול תשמד
19/09/1984,כב אלול תשמד
20/09/1984,כג אלול תשמד
21/09/1984,כד אלול תשמד
22/09/1984,כה אלול תשמד
23/09/1984,כו אלול תשמד
24/09/1984,כז אלול תשמד
25/09/1984,כח אלול תשמד
26/09/1984,כט אלול תשמד
27/09/1984,א תשרי תשמה
28/09/1984,ב תשרי תשמה
29/09/1984,ג תשרי תשמה
30/09/1984,ד תשרי תשמה
01/10/1984,ה תשרי תשמה
02/10/1984,ו תשרי תשמה
03/10/1984,ז תשרי תשמה
04/10/1984,ח תשרי תשמה
05/10/1984,ט תשרי תשמה
06/10/1984,י תשרי תשמה
07/10/1984,יא תשרי תשמה
08/10/1984,יב תשרי תשמה
09/10/1984,יג תשרי תשמה
10/10/1984,יד תשרי תשמה
11/10/1984,טו תשרי תשמה
12/10/1984,טז תשרי תשמה
13/10/1984,יז תשרי תשמה
14/10/1984,יח תשרי תשמה
15/10/1984,יט תשרי תשמה
16/10/1984,כ תשרי תשמה
17/10/1984,כא תשרי תשמה
18/10/1984,כב תשרי תשמה
19/10/1984,כג תשרי תשמה
20/10/1984,כד תשרי תשמה
21/10/1984,כה תשרי תשמה
22/10/1984,כו תשרי תשמה
23/10/1984,כז תשרי תשמה
24/10/1984,כח תשרי תשמה
25/10/1984,כט תשרי תשמה
26/10/1984,ל תשרי תשמה
27/10/1984,א חשון תשמה
28/10/1984,ב חשון תשמה
29/10/1984,ג חשון תשמה
30/10/1984,ד חשון תשמה
31/10/1984,ה חשון תשמה
01/11/1984,ו חשון תשמה
02/11/1984,ז חשון תשמה
03/11/1984,ח חשון תשמה
04/11/1984,ט חשון תשמה
05/11/1984,י חשון תשמה
06/11/1984,יא חשון תשמה
07/11/1984,יב חשון תשמה
08/11/1984,יג חשון תשמה
09/11/1984,יד חשון תשמה
10/11/1984,טו חשון תשמה
11/11/1984,טז חשון תשמה
12/11/1984,יז חשון תשמה
13/11/1984,יח חשון תשמה
14/11/1984,יט חשון תשמה
15/11/1984,כ חשון תשמה
16/11/1984,כא חשון תשמה
17/11/1984,כב חשון תשמה
18/11/1984,כג חשון תשמה
19/11/1984,כד חשון תשמה
20/11/1984,כה חשון תשמה
21/11/1984,כו חשון תשמה
22/11/1984,כז חשון תשמה
23/11/1984,כח חשון תשמה
24/11/1984,כט חשון תשמה
25/11/1984,א כסלו תשמה
26/11/1984,ב כסלו תשמה
27/11/1984,ג כסלו תשמה
28/11/1984,ד כסלו תשמה
29/11/1984,ה כסלו תשמה
30/11/1984,ו כסלו תשמה
01/12/1984,ז כסלו תשמה
02/12/1984,ח כסלו תשמה
03/12/1984,ט כסלו תשמה
04/12/1984,י כסלו תשמה
05/12/1984,יא כסלו תשמה
06/12/1984,יב כסלו תשמה
07/12/1984,יג כסלו תשמה
08/12/1984,יד כסלו תשמה
09/12/1984,טו כסלו תשמה
10/12/1984,טז כסלו תשמה
11/12/1984,יז כסלו תשמה
12/12/1984,יח כסלו תשמה
13/12/1984,יט כסלו תשמה
14/12/1984,כ כסלו תשמה
15/12/1984,כא כסלו תשמה
16/12/1984,כב כסלו תשמה
17/12/1984,כג כסלו תשמה
18/12/1984,כד כסלו תשמה
19/12/1984,כה כסלו תשמה
20/12/1984,כו כסלו תשמה
21/12/1984,כז כסלו תשמה
22/12/1984,כח כסלו תשמה
23/12/1984,כט כסלו תשמה
24/12/1984,ל כסלו תשמה
25/12/1984,א טבת תשמה
26/12/1984,ב טבת תשמה
27/12/1984,ג טבת תשמה
28/12/1984,ד טבת תשמה
29/12/1984,ה טבת תשמה
30/12/1984,ו טבת תשמה
31/12/1984,ז טבת תשמה
01/01/1985,ח טבת תשמה
02/01/1985,ט טבת תשמה
03/01/1985,י טבת תשמה
04/01/1985,יא טבת תשמה
05/01/1985,יב טבת תשמה
06/01/1985,יג טבת תשמה
07/01/1985,יד טבת תשמה
08/01/1985,טו טבת תשמה
09/01/1985,טז טבת תשמה
10/01/1985,יז טבת תשמה
11/01/1985,יח טבת תשמה
12/01/1985,יט טבת תשמה
13/01/1985,כ טבת תשמה
14/01/1985,כא טבת תשמה
15/01/1985,כב טבת תשמה
16/01/1985,כג טבת תשמה
17/01/1985,כד טבת תשמה
18/01/1985,כה טבת תשמה
19/01/1985,כו טבת תשמה
20/01/1985,כז טבת תשמה
21/01/1985,כח טבת תשמה
22/01/1985,כט טבת תשמה
23/01/1985,א שבט תשמה
24/01/1985,ב שבט תשמה
25/01/1985,ג שבט תשמה
26/01/1985,ד שבט תשמה
27/01/1985,ה שבט תשמה
28/01/1985,ו שבט תשמה
29/01/1985,ז שבט תשמה
30/01/1985,ח שבט תשמה
31/01/1985,ט שבט תשמה
01/02/1985,י שבט תשמה
02/02/1985,יא שבט תשמה
03/02/1985,יב שבט תשמה
04/02/1985,יג שבט תשמה
05/02/1985,יד שבט תשמה
06/02/1985,טו שבט תשמה
07/02/1985,טז שבט תשמה
08/02/1985,יז שבט תשמה
09/02/1985,יח שבט תשמה
10/02/1985,יט שבט תשמה
11/02/1985,כ שבט תשמה
12/02/1985,כא שבט תשמה
13/02/1985,כב שבט תשמה
14/02/1985,כג שבט תשמה
15/02/1985,כד שבט תשמה
16/02/1985,כה שבט תשמה
17/02/1985,כו שבט תשמה
18/02/1985,כז שבט תשמה
19/02/1985,כח שבט תשמה
20/02/1985,כט שבט תשמה
21/02/1985,ל שבט תשמה
22/02/1985,א אדר תשמה
23/02/1985,ב אדר תשמה
24/02/1985,ג אדר תשמה
25/02/1985,ד אדר תשמה
26/02/1985,ה אדר תשמה
27/02/1985,ו אדר תשמה
28/02/1985,ז אדר תשמה
01/03/1985,ח אדר תשמה
02/03/1985,ט אדר תשמה
03/03/1985,י אדר תשמה
04/03/1985,יא אדר תשמה
05/03/1985,יב אדר תשמה
06/03/1985,יג אדר תשמה
07/03/1985,יד אדר תשמה
08/03/1985,טו אדר תשמה
09/03/1985,טז אדר תשמה
10/03/1985,יז אדר תשמה
11/03/1985,יח אדר תשמה
12/03/1985,יט אדר תשמה
13/03/1985,כ אדר תשמה
14/03/1985,כא אדר תשמה
15/03/1985,כב אדר תשמה
16/03/1985,כג אדר תשמה
17/03/1985,כד אדר תשמה
18/03/1985,כה אדר תשמה
19/03/1985,כו אדר תשמה
20/03/1985,כז אדר תשמה
21/03/1985,כח אדר תשמה
22/03/1985,כט אדר תשמה
23/03/1985,א ניסן תשמה
24/03/1985,ב ניסן תשמה
25/03/1985,ג ניסן תשמה
26/03/1985,ד ניסן תשמה
27/03/1985,ה ניסן תשמה
28/03/1985,ו ניסן תשמה
29/03/1985,ז ניסן תשמה
30/03/1985,ח ניסן תשמה
31/03/1985,ט ניסן תשמה
01/04/1985,י ניסן תשמה
02/04/1985,יא ניסן תשמה
03/04/1985,יב ניסן תשמה
04/04/1985,יג ניסן תשמה
05/04/1985,יד ניסן תשמה
06/04/1985,טו ניסן תשמה
07/04/1985,טז ניסן תשמה
08/04/1985,יז ניסן תשמה
09/04/1985,יח ניסן תשמה
10/04/1985,יט ניסן תשמה
11/04/1985,כ ניסן תשמה
12/04/1985,כא ניסן תשמה
13/04/1985,כב ניסן תשמה
14/04/1985,כג ניסן תשמה
15/04/1985,כד ניסן תשמה
16/04/1985,כה ניסן תשמה
17/04/1985,כו ניסן תשמה
18/04/1985,כז ניסן תשמה
19/04/1985,כח ניסן תשמה
20/04/1985,כט ניסן תשמה
21/04/1985,ל ניסן תשמה
22/04/1985,א אייר תשמה
23/04/1985,ב אייר תשמה
24/04/1985,ג אייר תשמה
25/04/1985,ד אייר תשמה
26/04/1985,ה אייר תשמה
27/04/1985,ו אייר תשמה
28/04/1985,ז אייר תשמה
29/04/1985,ח אייר תשמה
30/04/1985,ט אייר תשמה
01/05/1985,י אייר תשמה
02/05/1985,יא אייר תשמה
03/05/1985,יב אייר תשמה
04/05/1985,יג אייר תשמה
05/05/1985,יד אייר תשמה
06/05/1985,טו אייר תשמה
07/05/1985,טז אייר תשמה
08/05/1985,יז אייר תשמה
09/05/1985,יח אייר תשמה
10/05/1985,יט אייר תשמה
11/05/1985,כ אייר תשמה
12/05/1985,כא אייר תשמה
13/05/1985,כב אייר תשמה
14/05/1985,כג אייר תשמה
15/05/1985,כד אייר תשמה
16/05/1985,כה אייר תשמה
17/05/1985,כו אייר תשמה
18/05/1985,כז אייר תשמה
19/05/1985,כח אייר תשמה
20/05/1985,כט אייר תשמה
21/05/1985,א סיון תשמה
22/05/1985,ב סיון תשמה
23/05/1985,ג סיון תשמה
24/05/1985,ד סיון תשמה
25/05/1985,ה סיון תשמה
26/05/1985,ו סיון תשמה
27/05/1985,ז סיון תשמה
28/05/1985,ח סיון תשמה
29/05/1985,ט סיון תשמה
30/05/1985,י סיון תשמה
31/05/1985,יא סיון תשמה
01/06/1985,יב סיון תשמה
02/06/1985,יג סיון תשמה
03/06/1985,יד סיון תשמה
04/06/1985,טו סיון תשמה
05/06/1985,טז סיון תשמה
06/06/1985,יז סיון תשמה
07/06/1985,יח סיון תשמה
08/06/1985,יט סיון תשמה
09/06/1985,כ סיון תשמה
10/06/1985,כא סיון תשמה
11/06/1985,כב סיון תשמה
12/06/1985,כג סיון תשמה
13/06/1985,כד סיון תשמה
14/06/1985,כה סיון תשמה
15/06/1985,כו סיון תשמה
16/06/1985,כז סיון תשמה
17/06/1985,כח סיון תשמה
18/06/1985,כט סיון תשמה
19/06/1985,ל סיון תשמה
20/06/1985,א תמוז תשמה
21/06/1985,ב תמוז תשמה
22/06/1985,ג תמוז תשמה
23/06/1985,ד תמוז תשמה
24/06/1985,ה תמוז תשמה
25/06/1985,ו תמוז תשמה
26/06/1985,ז תמוז תשמה
27/06/1985,ח תמוז תשמה
28/06/1985,ט תמוז תשמה
29/06/1985,י תמוז תשמה
30/06/1985,יא תמוז תשמה
01/07/1985,יב תמוז תשמה
02/07/1985,יג תמוז תשמה
03/07/1985,יד תמוז תשמה
04/07/1985,טו תמוז תשמה
05/07/1985,טז תמוז תשמה
06/07/1985,יז תמוז תשמה
07/07/1985,יח תמוז תשמה
08/07/1985,יט תמוז תשמה
09/07/1985,כ תמוז תשמה
10/07/1985,כא תמוז תשמה
11/07/1985,כב תמוז תשמה
12/07/1985,כג תמוז תשמה
13/07/1985,כד תמוז תשמה
14/07/1985,כה תמוז תשמה
15/07/1985,כו תמוז תשמה
16/07/1985,כז תמוז תשמה
17/07/1985,כח תמוז תשמה
18/07/1985,כט תמוז תשמה
19/07/1985,א אב תשמה
20/07/1985,ב אב תשמה
21/07/1985,ג אב תשמה
22/07/1985,ד אב תשמה
23/07/1985,ה אב תשמה
24/07/1985,ו אב תשמה
25/07/1985,ז אב תשמה
26/07/1985,ח אב תשמה
27/07/1985,ט אב תשמה
28/07/1985,י אב תשמה
29/07/1985,יא אב תשמה
30/07/1985,יב אב תשמה
31/07/1985,יג אב תשמה
01/08/1985,יד אב תשמה
02/08/1985,טו אב תשמה
03/08/1985,טז אב תשמה
04/08/1985,יז אב תשמה
05/08/1985,יח אב תשמה
06/08/1985,יט אב תשמה
07/08/1985,כ אב תשמה
08/08/1985,כא אב תשמה
09/08/1985,כב אב תשמה
10/08/1985,כג אב תשמה
11/08/1985,כד אב תשמה
12/08/1985,כה אב תשמה
13/08/1985,כו אב תשמה
14/08/1985,כז אב תשמה
15/08/1985,כח אב תשמה
16/08/1985,כט אב תשמה
17/08/1985,ל אב תשמה
18/08/1985,א אלול תשמה
19/08/1985,ב אלול תשמה
20/08/1985,ג אלול תשמה
21/08/1985,ד אלול תשמה
22/08/1985,ה אלול תשמה
23/08/1985,ו אלול תשמה
24/08/1985,ז אלול תשמה
25/08/1985,ח אלול תשמה
26/08/1985,ט אלול תשמה
27/08/1985,י אלול תשמה
28/08/1985,יא אלול תשמה
29/08/1985,יב אלול תשמה
30/08/1985,יג אלול תשמה
31/08/1985,יד אלול תשמה
01/09/1985,טו אלול תשמה
02/09/1985,טז אלול תשמה
03/09/1985,יז אלול תשמה
04/09/1985,יח אלול תשמה
05/09/1985,יט אלול תשמה
06/09/1985,כ אלול תשמה
07/09/1985,כא אלול תשמה
08/09/1985,כב אלול תשמה
09/09/1985,כג אלול תשמה
10/09/1985,כד אלול תשמה
11/09/1985,כה אלול תשמה
12/09/1985,כו אלול תשמה
13/09/1985,כז אלול תשמה
14/09/1985,כח אלול תשמה
15/09/1985,כט אלול תשמה
16/09/1985,א תשרי תשמו
17/09/1985,ב תשרי תשמו
18/09/1985,ג תשרי תשמו
19/09/1985,ד תשרי תשמו
20/09/1985,ה תשרי תשמו
21/09/1985,ו תשרי תשמו
22/09/1985,ז תשרי תשמו
23/09/1985,ח תשרי תשמו
24/09/1985,ט תשרי תשמו
25/09/1985,י תשרי תשמו
26/09/1985,יא תשרי תשמו
27/09/1985,יב תשרי תשמו
28/09/1985,יג תשרי תשמו
29/09/1985,יד תשרי תשמו
30/09/1985,טו תשרי תשמו
01/10/1985,טז תשרי תשמו
02/10/1985,יז תשרי תשמו
03/10/1985,יח תשרי תשמו
04/10/1985,יט תשרי תשמו
05/10/1985,כ תשרי תשמו
06/10/1985,כא תשרי תשמו
07/10/1985,כב תשרי תשמו
08/10/1985,כג תשרי תשמו
09/10/1985,כד תשרי תשמו
10/10/1985,כה תשרי תשמו
11/10/1985,כו תשרי תשמו
12/10/1985,כז תשרי תשמו
13/10/1985,כח תשרי תשמו
14/10/1985,כט תשרי תשמו
15/10/1985,ל תשרי תשמו
16/10/1985,א חשון תשמו
17/10/1985,ב חשון תשמו
18/10/1985,ג חשון תשמו
19/10/1985,ד חשון תשמו
20/10/1985,ה חשון תשמו
21/10/1985,ו חשון תשמו
22/10/1985,ז חשון תשמו
23/10/1985,ח חשון תשמו
24/10/1985,ט חשון תשמו
25/10/1985,י חשון תשמו
26/10/1985,יא חשון תשמו
27/10/1985,יב חשון תשמו
28/10/1985,יג חשון תשמו
29/10/1985,יד חשון תשמו
30/10/1985,טו חשון תשמו
31/10/1985,טז חשון תשמו
01/11/1985,יז חשון תשמו
02/11/1985,יח חשון תשמו
03/11/1985,יט חשון תשמו
04/11/1985,כ חשון תשמו
05/11/1985,כא חשון תשמו
06/11/1985,כב חשון תשמו
07/11/1985,כג חשון תשמו
08/11/1985,כד חשון תשמו
09/11/1985,כה חשון תשמו
10/11/1985,כו חשון תשמו
11/11/1985,כז חשון תשמו
12/11/1985,כח חשון תשמו
13/11/1985,כט חשון תשמו
14/11/1985,א כסלו תשמו
15/11/1985,ב כסלו תשמו
16/11/1985,ג כסלו תשמו
17/11/1985,ד כסלו תשמו
18/11/1985,ה כסלו תשמו
19/11/1985,ו כסלו תשמו
20/11/1985,ז כסלו תשמו
21/11/1985,ח כסלו תשמו
22/11/1985,ט כסלו תשמו
23/11/1985,י כסלו תשמו
24/11/1985,יא כסלו תשמו
25/11/1985,יב כסלו תשמו
26/11/1985,יג כסלו תשמו
27/11/1985,יד כסלו תשמו
28/11/1985,טו כסלו תשמו
29/11/1985,טז כסלו תשמו
30/11/1985,יז כסלו תשמו
01/12/1985,יח כסלו תשמו
02/12/1985,יט כסלו תשמו
03/12/1985,כ כסלו תשמו
04/12/1985,כא כסלו תשמו
05/12/1985,כב כסלו תשמו
06/12/1985,כג כסלו תשמו
07/12/1985,כד כסלו תשמו
08/12/1985,כה כסלו תשמו
09/12/1985,כו כסלו תשמו
10/12/1985,כז כסלו תשמו
11/12/1985,כח כסלו תשמו
12/12/1985,כט כסלו תשמו
13/12/1985,א טבת תשמו
14/12/1985,ב טבת תשמו
15/12/1985,ג טבת תשמו
16/12/1985,ד טבת תשמו
17/12/1985,ה טבת תשמו
18/12/1985,ו טבת תשמו
19/12/1985,ז טבת תשמו
20/12/1985,ח טבת תשמו
21/12/1985,ט טבת תשמו
22/12/1985,י טבת תשמו
23/12/1985,יא טבת תשמו
24/12/1985,יב טבת תשמו
25/12/1985,יג טבת תשמו
26/12/1985,יד טבת תשמו
27/12/1985,טו טבת תשמו
28/12/1985,טז טבת תשמו
29/12/1985,יז טבת תשמו
30/12/1985,יח טבת תשמו
31/12/1985,יט טבת תשמו
01/01/1986,כ טבת תשמו
02/01/1986,כא טבת תשמו
03/01/1986,כב טבת תשמו
04/01/1986,כג טבת תשמו
05/01/1986,כד טבת תשמו
06/01/1986,כה טבת תשמו
07/01/1986,כו טבת תשמו
08/01/1986,כז טבת תשמו
09/01/1986,כח טבת תשמו
10/01/1986,כט טבת תשמו
11/01/1986,א שבט תשמו
12/01/1986,ב שבט תשמו
13/01/1986,ג שבט תשמו
14/01/1986,ד שבט תשמו
15/01/1986,ה שבט תשמו
16/01/1986,ו שבט תשמו
17/01/1986,ז שבט תשמו
18/01/1986,ח שבט תשמו
19/01/1986,ט שבט תשמו
20/01/1986,י שבט תשמו
21/01/1986,יא שבט תשמו
22/01/1986,יב שבט תשמו
23/01/1986,יג שבט תשמו
24/01/1986,יד שבט תשמו
25/01/1986,טו שבט תשמו
26/01/1986,טז שבט תשמו
27/01/1986,יז שבט תשמו
28/01/1986,יח שבט תשמו
29/01/1986,יט שבט תשמו
30/01/1986,כ שבט תשמו
31/01/1986,כא שבט תשמו
01/02/1986,כב שבט תשמו
02/02/1986,כג שבט תשמו
03/02/1986,כד שבט תשמו
04/02/1986,כה שבט תשמו
05/02/1986,כו שבט תשמו
06/02/1986,כז שבט תשמו
07/02/1986,כח שבט תשמו
08/02/1986,כט שבט תשמו
09/02/1986,ל שבט תשמו
10/02/1986,א אדר-א תשמו
11/02/1986,ב אדר-א תשמו
12/02/1986,ג אדר-א תשמו
13/02/1986,ד אדר-א תשמו
14/02/1986,ה אדר-א תשמו
15/02/1986,ו אדר-א תשמו
16/02/1986,ז אדר-א תשמו
17/02/1986,ח אדר-א תשמו
18/02/1986,ט אדר-א תשמו
19/02/1986,י אדר-א תשמו
20/02/1986,יא אדר-א תשמו
21/02/1986,יב אדר-א תשמו
22/02/1986,יג אדר-א תשמו
23/02/1986,יד אדר-א תשמו
24/02/1986,טו אדר-א תשמו
25/02/1986,טז אדר-א תשמו
26/02/1986,יז אדר-א תשמו
27/02/1986,יח אדר-א תשמו
28/02/1986,יט אדר-א תשמו
01/03/1986,כ אדר-א תשמו
02/03/1986,כא אדר-א תשמו
03/03/1986,כב אדר-א תשמו
04/03/1986,כג אדר-א תשמו
05/03/1986,כד אדר-א תשמו
06/03/1986,כה אדר-א תשמו
07/03/1986,כו אדר-א תשמו
08/03/1986,כז אדר-א תשמו
09/03/1986,כח אדר-א תשמו
10/03/1986,כט אדר-א תשמו
11/03/1986,ל אדר-א תשמו
12/03/1986,א אדר-ב תשמו
13/03/1986,ב אדר-ב תשמו
14/03/1986,ג אדר-ב תשמו
15/03/1986,ד אדר-ב תשמו
16/03/1986,ה אדר-ב תשמו
17/03/1986,ו אדר-ב תשמו
18/03/1986,ז אדר-ב תשמו
19/03/1986,ח אדר-ב תשמו
20/03/1986,ט אדר-ב תשמו
21/03/1986,י אדר-ב תשמו
22/03/1986,יא אדר-ב תשמו
23/03/1986,יב אדר-ב תשמו
24/03/1986,יג אדר-ב תשמו
25/03/1986,יד אדר-ב תשמו
26/03/1986,טו אדר-ב תשמו
27/03/1986,טז אדר-ב תשמו
28/03/1986,יז אדר-ב תשמו
29/03/1986,יח אדר-ב תשמו
30/03/1986,יט אדר-ב תשמו
31/03/1986,כ אדר-ב תשמו
01/04/1986,כא אדר-ב תשמו
02/04/1986,כב אדר-ב תשמו
03/04/1986,כג אדר-ב תשמו
04/04/1986,כד אדר-ב תשמו
05/04/1986,כה אדר-ב תשמו
06/04/1986,כו אדר-ב תשמו
07/04/1986,כז אדר-ב תשמו
08/04/1986,כח אדר-ב תשמו
09/04/1986,כט אדר-ב תשמו
10/04/1986,א ניסן תשמו
11/04/1986,ב ניסן תשמו
12/04/1986,ג ניסן תשמו
13/04/1986,ד ניסן תשמו
14/04/1986,ה ניסן תשמו
15/04/1986,ו ניסן תשמו
16/04/1986,ז ניסן תשמו
17/04/1986,ח ניסן תשמו
18/04/1986,ט ניסן תשמו
19/04/1986,י ניסן תשמו
20/04/1986,יא ניסן תשמו
21/04/1986,יב ניסן תשמו
22/04/1986,יג ניסן תשמו
23/04/1986,יד ניסן תשמו
24/04/1986,טו ניסן תשמו
25/04/1986,טז ניסן תשמו
26/04/1986,יז ניסן תשמו
27/04/1986,יח ניסן תשמו
28/04/1986,יט ניסן תשמו
29/04/1986,כ ניסן תשמו
30/04/1986,כא ניסן תשמו
01/05/1986,כב ניסן תשמו
02/05/1986,כג ניסן תשמו
03/05/1986,כד ניסן תשמו
04/05/1986,כה ניסן תשמו
05/05/1986,כו ניסן תשמו
06/05/1986,כז ניסן תשמו
07/05/1986,כח ניסן תשמו
08/05/1986,כט ניסן תשמו
09/05/1986,ל ניסן תשמו
10/05/1986,א אייר תשמו
11/05/1986,ב אייר תשמו
12/05/1986,ג אייר תשמו
13/05/1986,ד אייר תשמו
14/05/1986,ה אייר תשמו
15/05/1986,ו אייר תשמו
16/05/1986,ז אייר תשמו
17/05/1986,ח אייר תשמו
18/05/1986,ט אייר תשמו
19/05/1986,י אייר תשמו
20/05/1986,יא אייר תשמו
21/05/1986,יב אייר תשמו
22/05/1986,יג אייר תשמו
23/05/1986,יד אייר תשמו
24/05/1986,טו אייר תשמו
25/05/1986,טז אייר תשמו
26/05/1986,יז אייר תשמו
27/05/1986,יח אייר תשמו
28/05/1986,יט אייר תשמו
29/05/1986,כ אייר תשמו
30/05/1986,כא אייר תשמו
31/05/1986,כב אייר תשמו
01/06/1986,כג אייר תשמו
02/06/1986,כד אייר תשמו
03/06/1986,כה אייר תשמו
04/06/1986,כו אייר תשמו
05/06/1986,כז אייר תשמו
06/06/1986,כח אייר תשמו
07/06/1986,כט אייר תשמו
08/06/1986,א סיון תשמו
09/06/1986,ב סיון תשמו
10/06/1986,ג סיון תשמו
11/06/1986,ד סיון תשמו
12/06/1986,ה סיון תשמו
13/06/1986,ו סיון תשמו
14/06/1986,ז סיון תשמו
15/06/1986,ח סיון תשמו
16/06/1986,ט סיון תשמו
17/06/1986,י סיון תשמו
18/06/1986,יא סיון תשמו
19/06/1986,יב סיון תשמו
20/06/1986,יג סיון תשמו
21/06/1986,יד סיון תשמו
22/06/1986,טו סיון תשמו
23/06/1986,טז סיון תשמו
24/06/1986,יז סיון תשמו
25/06/1986,יח סיון תשמו
26/06/1986,יט סיון תשמו
27/06/1986,כ סיון תשמו
28/06/1986,כא סיון תשמו
29/06/1986,כב סיון תשמו
30/06/1986,כג סיון תשמו
01/07/1986,כד סיון תשמו
02/07/1986,כה סיון תשמו
03/07/1986,כו סיון תשמו
04/07/1986,כז סיון תשמו
05/07/1986,כח סיון תשמו
06/07/1986,כט סיון תשמו
07/07/1986,ל סיון תשמו
08/07/1986,א תמוז תשמו
09/07/1986,ב תמוז תשמו
10/07/1986,ג תמוז תשמו
11/07/1986,ד תמוז תשמו
12/07/1986,ה תמוז תשמו
13/07/1986,ו תמוז תשמו
14/07/1986,ז תמוז תשמו
15/07/1986,ח תמוז תשמו
16/07/1986,ט תמוז תשמו
17/07/1986,י תמוז תשמו
18/07/1986,יא תמוז תשמו
19/07/1986,יב תמוז תשמו
20/07/1986,יג תמוז תשמו
21/07/1986,יד תמוז תשמו
22/07/1986,טו תמוז תשמו
23/07/1986,טז תמוז תשמו
24/07/1986,יז תמוז תשמו
25/07/1986,יח תמוז תשמו
26/07/1986,יט תמוז תשמו
27/07/1986,כ תמוז תשמו
28/07/1986,כא תמוז תשמו
29/07/1986,כב תמוז תשמו
30/07/1986,כג תמוז תשמו
31/07/1986,כד תמוז תשמו
01/08/1986,כה תמוז תשמו
02/08/1986,כו תמוז תשמו
03/08/1986,כז תמוז תשמו
04/08/1986,כח תמוז תשמו
05/08/1986,כט תמוז תשמו
06/08/1986,א אב תשמו
07/08/1986,ב אב תשמו
08/08/1986,ג אב תשמו
09/08/1986,ד אב תשמו
10/08/1986,ה אב תשמו
11/08/1986,ו אב תשמו
12/08/1986,ז אב תשמו
13/08/1986,ח אב תשמו
14/08/1986,ט אב תשמו
15/08/1986,י אב תשמו
16/08/1986,יא אב תשמו
17/08/1986,יב אב תשמו
18/08/1986,יג אב תשמו
19/08/1986,יד אב תשמו
20/08/1986,טו אב תשמו
21/08/1986,טז אב תשמו
22/08/1986,יז אב תשמו
23/08/1986,יח אב תשמו
24/08/1986,יט אב תשמו
25/08/1986,כ אב תשמו
26/08/1986,כא אב תשמו
27/08/1986,כב אב תשמו
28/08/1986,כג אב תשמו
29/08/1986,כד אב תשמו
30/08/1986,כה אב תשמו
31/08/1986,כו אב תשמו
01/09/1986,כז אב תשמו
02/09/1986,כח אב תשמו
03/09/1986,כט אב תשמו
04/09/1986,ל אב תשמו
05/09/1986,א אלול תשמו
06/09/1986,ב אלול תשמו
07/09/1986,ג אלול תשמו
08/09/1986,ד אלול תשמו
09/09/1986,ה אלול תשמו
10/09/1986,ו אלול תשמו
11/09/1986,ז אלול תשמו
12/09/1986,ח אלול תשמו
13/09/1986,ט אלול תשמו
14/09/1986,י אלול תשמו
15/09/1986,יא אלול תשמו
16/09/1986,יב אלול תשמו
17/09/1986,יג אלול תשמו
18/09/1986,יד אלול תשמו
19/09/1986,טו אלול תשמו
20/09/1986,טז אלול תשמו
21/09/1986,יז אלול תשמו
22/09/1986,יח אלול תשמו
23/09/1986,יט אלול תשמו
24/09/1986,כ אלול תשמו
25/09/1986,כא אלול תשמו
26/09/1986,כב אלול תשמו
27/09/1986,כג אלול תשמו
28/09/1986,כד אלול תשמו
29/09/1986,כה אלול תשמו
30/09/1986,כו אלול תשמו
01/10/1986,כז אלול תשמו
02/10/1986,כח אלול תשמו
03/10/1986,כט אלול תשמו
04/10/1986,א תשרי תשמז
05/10/1986,ב תשרי תשמז
06/10/1986,ג תשרי תשמז
07/10/1986,ד תשרי תשמז
08/10/1986,ה תשרי תשמז
09/10/1986,ו תשרי תשמז
10/10/1986,ז תשרי תשמז
11/10/1986,ח תשרי תשמז
12/10/1986,ט תשרי תשמז
13/10/1986,י תשרי תשמז
14/10/1986,יא תשרי תשמז
15/10/1986,יב תשרי תשמז
16/10/1986,יג תשרי תשמז
17/10/1986,יד תשרי תשמז
18/10/1986,טו תשרי תשמז
19/10/1986,טז תשרי תשמז
20/10/1986,יז תשרי תשמז
21/10/1986,יח תשרי תשמז
22/10/1986,יט תשרי תשמז
23/10/1986,כ תשרי תשמז
24/10/1986,כא תשרי תשמז
25/10/1986,כב תשרי תשמז
26/10/1986,כג תשרי תשמז
27/10/1986,כד תשרי תשמז
28/10/1986,כה תשרי תשמז
29/10/1986,כו תשרי תשמז
30/10/1986,כז תשרי תשמז
31/10/1986,כח תשרי תשמז
01/11/1986,כט תשרי תשמז
02/11/1986,ל תשרי תשמז
03/11/1986,א חשון תשמז
04/11/1986,ב חשון תשמז
05/11/1986,ג חשון תשמז
06/11/1986,ד חשון תשמז
07/11/1986,ה חשון תשמז
08/11/1986,ו חשון תשמז
09/11/1986,ז חשון תשמז
10/11/1986,ח חשון תשמז
11/11/1986,ט חשון תשמז
12/11/1986,י חשון תשמז
13/11/1986,יא חשון תשמז
14/11/1986,יב חשון תשמז
15/11/1986,יג חשון תשמז
16/11/1986,יד חשון תשמז
17/11/1986,טו חשון תשמז
18/11/1986,טז חשון תשמז
19/11/1986,יז חשון תשמז
20/11/1986,יח חשון תשמז
21/11/1986,יט חשון תשמז
22/11/1986,כ חשון תשמז
23/11/1986,כא חשון תשמז
24/11/1986,כב חשון תשמז
25/11/1986,כג חשון תשמז
26/11/1986,כד חשון תשמז
27/11/1986,כה חשון תשמז
28/11/1986,כו חשון תשמז
29/11/1986,כז חשון תשמז
30/11/1986,כח חשון תשמז
01/12/1986,כט חשון תשמז
02/12/1986,ל חשון תשמז
03/12/1986,א כסלו תשמז
04/12/1986,ב כסלו תשמז
05/12/1986,ג כסלו תשמז
06/12/1986,ד כסלו תשמז
07/12/1986,ה כסלו תשמז
08/12/1986,ו כסלו תשמז
09/12/1986,ז כסלו תשמז
10/12/1986,ח כסלו תשמז
11/12/1986,ט כסלו תשמז
12/12/1986,י כסלו תשמז
13/12/1986,יא כסלו תשמז
14/12/1986,יב כסלו תשמז
15/12/1986,יג כסלו תשמז
16/12/1986,יד כסלו תשמז
17/12/1986,טו כסלו תשמז
18/12/1986,טז כסלו תשמז
19/12/1986,יז כסלו תשמז
20/12/1986,יח כסלו תשמז
21/12/1986,יט כסלו תשמז
22/12/1986,כ כסלו תשמז
23/12/1986,כא כסלו תשמז
24/12/1986,כב כסלו תשמז
25/12/1986,כג כסלו תשמז
26/12/1986,כד כסלו תשמז
27/12/1986,כה כסלו תשמז
28/12/1986,כו כסלו תשמז
29/12/1986,כז כסלו תשמז
30/12/1986,כח כסלו תשמז
31/12/1986,כט כסלו תשמז
01/01/1987,ל כסלו תשמז
02/01/1987,א טבת תשמז
03/01/1987,ב טבת תשמז
04/01/1987,ג טבת תשמז
05/01/1987,ד טבת תשמז
06/01/1987,ה טבת תשמז
07/01/1987,ו טבת תשמז
08/01/1987,ז טבת תשמז
09/01/1987,ח טבת תשמז
10/01/1987,ט טבת תשמז
11/01/1987,י טבת תשמז
12/01/1987,יא טבת תשמז
13/01/1987,יב טבת תשמז
14/01/1987,יג טבת תשמז
15/01/1987,יד טבת תשמז
16/01/1987,טו טבת תשמז
17/01/1987,טז טבת תשמז
18/01/1987,יז טבת תשמז
19/01/1987,יח טבת תשמז
20/01/1987,יט טבת תשמז
21/01/1987,כ טבת תשמז
22/01/1987,כא טבת תשמז
23/01/1987,כב טבת תשמז
24/01/1987,כג טבת תשמז
25/01/1987,כד טבת תשמז
26/01/1987,כה טבת תשמז
27/01/1987,כו טבת תשמז
28/01/1987,כז טבת תשמז
29/01/1987,כח טבת תשמז
30/01/1987,כט טבת תשמז
31/01/1987,א שבט תשמז
01/02/1987,ב שבט תשמז
02/02/1987,ג שבט תשמז
03/02/1987,ד שבט תשמז
04/02/1987,ה שבט תשמז
05/02/1987,ו שבט תשמז
06/02/1987,ז שבט תשמז
07/02/1987,ח שבט תשמז
08/02/1987,ט שבט תשמז
09/02/1987,י שבט תשמז
10/02/1987,יא שבט תשמז
11/02/1987,יב שבט תשמז
12/02/1987,יג שבט תשמז
13/02/1987,יד שבט תשמז
14/02/1987,טו שבט תשמז
15/02/1987,טז שבט תשמז
16/02/1987,יז שבט תשמז
17/02/1987,יח שבט תשמז
18/02/1987,יט שבט תשמז
19/02/1987,כ שבט תשמז
20/02/1987,כא שבט תשמז
21/02/1987,כב שבט תשמז
22/02/1987,כג שבט תשמז
23/02/1987,כד שבט תשמז
24/02/1987,כה שבט תשמז
25/02/1987,כו שבט תשמז
26/02/1987,כז שבט תשמז
27/02/1987,כח שבט תשמז
28/02/1987,כט שבט תשמז
01/03/1987,ל שבט תשמז
02/03/1987,א אדר תשמז
03/03/1987,ב אדר תשמז
04/03/1987,ג אדר תשמז
05/03/1987,ד אדר תשמז
06/03/1987,ה אדר תשמז
07/03/1987,ו אדר תשמז
08/03/1987,ז אדר תשמז
09/03/1987,ח אדר תשמז
10/03/1987,ט אדר תשמז
11/03/1987,י אדר תשמז
12/03/1987,יא אדר תשמז
13/03/1987,יב אדר תשמז
14/03/1987,יג אדר תשמז
15/03/1987,יד אדר תשמז
16/03/1987,טו אדר תשמז
17/03/1987,טז אדר תשמז
18/03/1987,יז אדר תשמז
19/03/1987,יח אדר תשמז
20/03/1987,יט אדר תשמז
21/03/1987,כ אדר תשמז
22/03/1987,כא אדר תשמז
23/03/1987,כב אדר תשמז
24/03/1987,כג אדר תשמז
25/03/1987,כד אדר תשמז
26/03/1987,כה אדר תשמז
27/03/1987,כו אדר תשמז
28/03/1987,כז אדר תשמז
29/03/1987,כח אדר תשמז
30/03/1987,כט אדר תשמז
31/03/1987,א ניסן תשמז
01/04/1987,ב ניסן תשמז
02/04/1987,ג ניסן תשמז
03/04/1987,ד ניסן תשמז
04/04/1987,ה ניסן תשמז
05/04/1987,ו ניסן תשמז
06/04/1987,ז ניסן תשמז
07/04/1987,ח ניסן תשמז
08/04/1987,ט ניסן תשמז
09/04/1987,י ניסן תשמז
10/04/1987,יא ניסן תשמז
11/04/1987,יב ניסן תשמז
12/04/1987,יג ניסן תשמז
13/04/1987,יד ניסן תשמז
14/04/1987,טו ניסן תשמז
15/04/1987,טז ניסן תשמז
16/04/1987,יז ניסן תשמז
17/04/1987,יח ניסן תשמז
18/04/1987,יט ניסן תשמז
19/04/1987,כ ניסן תשמז
20/04/1987,כא ניסן תשמז
21/04/1987,כב ניסן תשמז
22/04/1987,כג ניסן תשמז
23/04/1987,כד ניסן תשמז
24/04/1987,כה ניסן תשמז
25/04/1987,כו ניסן תשמז
26/04/1987,כז ניסן תשמז
27/04/1987,כח ניסן תשמז
28/04/1987,כט ניסן תשמז
29/04/1987,ל ניסן תשמז
30/04/1987,א אייר תשמז
01/05/1987,ב אייר תשמז
02/05/1987,ג אייר תשמז
03/05/1987,ד אייר תשמז
04/05/1987,ה אייר תשמז
05/05/1987,ו אייר תשמז
06/05/1987,ז אייר תשמז
07/05/1987,ח אייר תשמז
08/05/1987,ט אייר תשמז
09/05/1987,י אייר תשמז
10/05/1987,יא אייר תשמז
11/05/1987,יב אייר תשמז
12/05/1987,יג אייר תשמז
13/05/1987,יד אייר תשמז
14/05/1987,טו אייר תשמז
15/05/1987,טז אייר תשמז
16/05/1987,יז אייר תשמז
17/05/1987,יח אייר תשמז
18/05/1987,יט אייר תשמז
19/05/1987,כ אייר תשמז
20/05/1987,כא אייר תשמז
21/05/1987,כב אייר תשמז
22/05/1987,כג אייר תשמז
23/05/1987,כד אייר תשמז
24/05/1987,כה אייר תשמז
25/05/1987,כו אייר תשמז
26/05/1987,כז אייר תשמז
27/05/1987,כח אייר תשמז
28/05/1987,כט אייר תשמז
29/05/1987,א סיון תשמז
30/05/1987,ב סיון תשמז
31/05/1987,ג סיון תשמז
01/06/1987,ד סיון תשמז
02/06/1987,ה סיון תשמז
03/06/1987,ו סיון תשמז
04/06/1987,ז סיון תשמז
05/06/1987,ח סיון תשמז
06/06/1987,ט סיון תשמז
07/06/1987,י סיון תשמז
08/06/1987,יא סיון תשמז
09/06/1987,יב סיון תשמז
10/06/1987,יג סיון תשמז
11/06/1987,יד סיון תשמז
12/06/1987,טו סיון תשמז
13/06/1987,טז סיון תשמז
14/06/1987,יז סיון תשמז
15/06/1987,יח סיון תשמז
16/06/1987,יט סיון תשמז
17/06/1987,כ סיון תשמז
18/06/1987,כא סיון תשמז
19/06/1987,כב סיון תשמז
20/06/1987,כג סיון תשמז
21/06/1987,כד סיון תשמז
22/06/1987,כה סיון תשמז
23/06/1987,כו סיון תשמז
24/06/1987,כז סיון תשמז
25/06/1987,כח סיון תשמז
26/06/1987,כט סיון תשמז
27/06/1987,ל סיון תשמז
28/06/1987,א תמוז תשמז
29/06/1987,ב תמוז תשמז
30/06/1987,ג תמוז תשמז
01/07/1987,ד תמוז תשמז
02/07/1987,ה תמוז תשמז
03/07/1987,ו תמוז תשמז
04/07/1987,ז תמוז תשמז
05/07/1987,ח תמוז תשמז
06/07/1987,ט תמוז תשמז
07/07/1987,י תמוז תשמז
08/07/1987,יא תמוז תשמז
09/07/1987,יב תמוז תשמז
10/07/1987,יג תמוז תשמז
11/07/1987,יד תמוז תשמז
12/07/1987,טו תמוז תשמז
13/07/1987,טז תמוז תשמז
14/07/1987,יז תמוז תשמז
15/07/1987,יח תמוז תשמז
16/07/1987,יט תמוז תשמז
17/07/1987,כ תמוז תשמז
18/07/1987,כא תמוז תשמז
19/07/1987,כב תמוז תשמז
20/07/1987,כג תמוז תשמז
21/07/1987,כד תמוז תשמז
22/07/1987,כה תמוז תשמז
23/07/1987,כו תמוז תשמז
24/07/1987,כז תמוז תשמז
25/07/1987,כח תמוז תשמז
26/07/1987,כט תמוז תשמז
27/07/1987,א אב תשמז
28/07/1987,ב אב תשמז
29/07/1987,ג אב תשמז
30/07/1987,ד אב תשמז
31/07/1987,ה אב תשמז
01/08/1987,ו אב תשמז
02/08/1987,ז אב תשמז
03/08/1987,ח אב תשמז
04/08/1987,ט אב תשמז
05/08/1987,י אב תשמז
06/08/1987,יא אב תשמז
07/08/1987,יב אב תשמז
08/08/1987,יג אב תשמז
09/08/1987,יד אב תשמז
10/08/1987,טו אב תשמז
11/08/1987,טז אב תשמז
12/08/1987,יז אב תשמז
13/08/1987,יח אב תשמז
14/08/1987,יט אב תשמז
15/08/1987,כ אב תשמז
16/08/1987,כא אב תשמז
17/08/1987,כב אב תשמז
18/08/1987,כג אב תשמז
19/08/1987,כד אב תשמז
20/08/1987,כה אב תשמז
21/08/1987,כו אב תשמז
22/08/1987,כז אב תשמז
23/08/1987,כח אב תשמז
24/08/1987,כט אב תשמז
25/08/1987,ל אב תשמז
26/08/1987,א אלול תשמז
27/08/1987,ב אלול תשמז
28/08/1987,ג אלול תשמז
29/08/1987,ד אלול תשמז
30/08/1987,ה אלול תשמז
31/08/1987,ו אלול תשמז
01/09/1987,ז אלול תשמז
02/09/1987,ח אלול תשמז
03/09/1987,ט אלול תשמז
04/09/1987,י אלול תשמז
05/09/1987,יא אלול תשמז
06/09/1987,יב אלול תשמז
07/09/1987,יג אלול תשמז
08/09/1987,יד אלול תשמז
09/09/1987,טו אלול תשמז
10/09/1987,טז אלול תשמז
11/09/1987,יז אלול תשמז
12/09/1987,יח אלול תשמז
13/09/1987,יט אלול תשמז
14/09/1987,כ אלול תשמז
15/09/1987,כא אלול תשמז
16/09/1987,כב אלול תשמז
17/09/1987,כג אלול תשמז
18/09/1987,כד אלול תשמז
19/09/1987,כה אלול תשמז
20/09/1987,כו אלול תשמז
21/09/1987,כז אלול תשמז
22/09/1987,כח אלול תשמז
23/09/1987,כט אלול תשמז
24/09/1987,א תשרי תשמח
25/09/1987,ב תשרי תשמח
26/09/1987,ג תשרי תשמח
27/09/1987,ד תשרי תשמח
28/09/1987,ה תשרי תשמח
29/09/1987,ו תשרי תשמח
30/09/1987,ז תשרי תשמח
01/10/1987,ח תשרי תשמח
02/10/1987,ט תשרי תשמח
03/10/1987,י תשרי תשמח
04/10/1987,יא תשרי תשמח
05/10/1987,יב תשרי תשמח
06/10/1987,יג תשרי תשמח
07/10/1987,יד תשרי תשמח
08/10/1987,טו תשרי תשמח
09/10/1987,טז תשרי תשמח
10/10/1987,יז תשרי תשמח
11/10/1987,יח תשרי תשמח
12/10/1987,יט תשרי תשמח
13/10/1987,כ תשרי תשמח
14/10/1987,כא תשרי תשמח
15/10/1987,כב תשרי תשמח
16/10/1987,כג תשרי תשמח
17/10/1987,כד תשרי תשמח
18/10/1987,כה תשרי תשמח
19/10/1987,כו תשרי תשמח
20/10/1987,כז תשרי תשמח
21/10/1987,כח תשרי תשמח
22/10/1987,כט תשרי תשמח
23/10/1987,ל תשרי תשמח
24/10/1987,א חשון תשמח
25/10/1987,ב חשון תשמח
26/10/1987,ג חשון תשמח
27/10/1987,ד חשון תשמח
28/10/1987,ה חשון תשמח
29/10/1987,ו חשון תשמח
30/10/1987,ז חשון תשמח
31/10/1987,ח חשון תשמח
01/11/1987,ט חשון תשמח
02/11/1987,י חשון תשמח
03/11/1987,יא חשון תשמח
04/11/1987,יב חשון תשמח
05/11/1987,יג חשון תשמח
06/11/1987,יד חשון תשמח
07/11/1987,טו חשון תשמח
08/11/1987,טז חשון תשמח
09/11/1987,יז חשון תשמח
10/11/1987,יח חשון תשמח
11/11/1987,יט חשון תשמח
12/11/1987,כ חשון תשמח
13/11/1987,כא חשון תשמח
14/11/1987,כב חשון תשמח
15/11/1987,כג חשון תשמח
16/11/1987,כד חשון תשמח
17/11/1987,כה חשון תשמח
18/11/1987,כו חשון תשמח
19/11/1987,כז חשון תשמח
20/11/1987,כח חשון תשמח
21/11/1987,כט חשון תשמח
22/11/1987,א כסלו תשמח
23/11/1987,ב כסלו תשמח
24/11/1987,ג כסלו תשמח
25/11/1987,ד כסלו תשמח
26/11/1987,ה כסלו תשמח
27/11/1987,ו כסלו תשמח
28/11/1987,ז כסלו תשמח
29/11/1987,ח כסלו תשמח
30/11/1987,ט כסלו תשמח
01/12/1987,י כסלו תשמח
02/12/1987,יא כסלו תשמח
03/12/1987,יב כסלו תשמח
04/12/1987,יג כסלו תשמח
05/12/1987,יד כסלו תשמח
06/12/1987,טו כסלו תשמח
07/12/1987,טז כסלו תשמח
08/12/1987,יז כסלו תשמח
09/12/1987,יח כסלו תשמח
10/12/1987,יט כסלו תשמח
11/12/1987,כ כסלו תשמח
12/12/1987,כא כסלו תשמח
13/12/1987,כב כסלו תשמח
14/12/1987,כג כסלו תשמח
15/12/1987,כד כסלו תשמח
16/12/1987,כה כסלו תשמח
17/12/1987,כו כסלו תשמח
18/12/1987,כז כסלו תשמח
19/12/1987,כח כסלו תשמח
20/12/1987,כט כסלו תשמח
21/12/1987,ל כסלו תשמח
22/12/1987,א טבת תשמח
23/12/1987,ב טבת תשמח
24/12/1987,ג טבת תשמח
25/12/1987,ד טבת תשמח
26/12/1987,ה טבת תשמח
27/12/1987,ו טבת תשמח
28/12/1987,ז טבת תשמח
29/12/1987,ח טבת תשמח
30/12/1987,ט טבת תשמח
31/12/1987,י טבת תשמח
01/01/1988,יא טבת תשמח
02/01/1988,יב טבת תשמח
03/01/1988,יג טבת תשמח
04/01/1988,יד טבת תשמח
05/01/1988,טו טבת תשמח
06/01/1988,טז טבת תשמח
07/01/1988,יז טבת תשמח
08/01/1988,יח טבת תשמח
09/01/1988,יט טבת תשמח
10/01/1988,כ טבת תשמח
11/01/1988,כא טבת תשמח
12/01/1988,כב טבת תשמח
13/01/1988,כג טבת תשמח
14/01/1988,כד טבת תשמח
15/01/1988,כה טבת תשמח
16/01/1988,כו טבת תשמח
17/01/1988,כז טבת תשמח
18/01/1988,כח טבת תשמח
19/01/1988,כט טבת תשמח
20/01/1988,א שבט תשמח
21/01/1988,ב שבט תשמח
22/01/1988,ג שבט תשמח
23/01/1988,ד שבט תשמח
24/01/1988,ה שבט תשמח
25/01/1988,ו שבט תשמח
26/01/1988,ז שבט תשמח
27/01/1988,ח שבט תשמח
28/01/1988,ט שבט תשמח
29/01/1988,י שבט תשמח
30/01/1988,יא שבט תשמח
31/01/1988,יב שבט תשמח
01/02/1988,יג שבט תשמח
02/02/1988,יד שבט תשמח
03/02/1988,טו שבט תשמח
04/02/1988,טז שבט תשמח
05/02/1988,יז שבט תשמח
06/02/1988,יח שבט תשמח
07/02/1988,יט שבט תשמח
08/02/1988,כ שבט תשמח
09/02/1988,כא שבט תשמח
10/02/1988,כב שבט תשמח
11/02/1988,כג שבט תשמח
12/02/1988,כד שבט תשמח
13/02/1988,כה שבט תשמח
14/02/1988,כו שבט תשמח
15/02/1988,כז שבט תשמח
16/02/1988,כח שבט תשמח
17/02/1988,כט שבט תשמח
18/02/1988,ל שבט תשמח
19/02/1988,א אדר תשמח
20/02/1988,ב אדר תשמח
21/02/1988,ג אדר תשמח
22/02/1988,ד אדר תשמח
23/02/1988,ה אדר תשמח
24/02/1988,ו אדר תשמח
25/02/1988,ז אדר תשמח
26/02/1988,ח אדר תשמח
27/02/1988,ט אדר תשמח
28/02/1988,י אדר תשמח
29/02/1988,יא אדר תשמח
01/03/1988,יב אדר תשמח
02/03/1988,יג אדר תשמח
03/03/1988,יד אדר תשמח
04/03/1988,טו אדר תשמח
05/03/1988,טז אדר תשמח
06/03/1988,יז אדר תשמח
07/03/1988,יח אדר תשמח
08/03/1988,יט אדר תשמח
09/03/1988,כ אדר תשמח
10/03/1988,כא אדר תשמח
11/03/1988,כב אדר תשמח
12/03/1988,כג אדר תשמח
13/03/1988,כד אדר תשמח
14/03/1988,כה אדר תשמח
15/03/1988,כו אדר תשמח
16/03/1988,כז אדר תשמח
17/03/1988,כח אדר תשמח
18/03/1988,כט אדר תשמח
19/03/1988,א ניסן תשמח
20/03/1988,ב ניסן תשמח
21/03/1988,ג ניסן תשמח
22/03/1988,ד ניסן תשמח
23/03/1988,ה ניסן תשמח
24/03/1988,ו ניסן תשמח
25/03/1988,ז ניסן תשמח
26/03/1988,ח ניסן תשמח
27/03/1988,ט ניסן תשמח
28/03/1988,י ניסן תשמח
29/03/1988,יא ניסן תשמח
30/03/1988,יב ניסן תשמח
31/03/1988,יג ניסן תשמח
01/04/1988,יד ניסן תשמח
02/04/1988,טו ניסן תשמח
03/04/1988,טז ניסן תשמח
04/04/1988,יז ניסן תשמח
05/04/1988,יח ניסן תשמח
06/04/1988,יט ניסן תשמח
07/04/1988,כ ניסן תשמח
08/04/1988,כא ניסן תשמח
09/04/1988,כב ניסן תשמח
10/04/1988,כג ניסן תשמח
11/04/1988,כד ניסן תשמח
12/04/1988,כה ניסן תשמח
13/04/1988,כו ניסן תשמח
14/04/1988,כז ניסן תשמח
15/04/1988,כח ניסן תשמח
16/04/1988,כט ניסן תשמח
17/04/1988,ל ניסן תשמח
18/04/1988,א אייר תשמח
19/04/1988,ב אייר תשמח
20/04/1988,ג אייר תשמח
21/04/1988,ד אייר תשמח
22/04/1988,ה אייר תשמח
23/04/1988,ו אייר תשמח
24/04/1988,ז אייר תשמח
25/04/1988,ח אייר תשמח
26/04/1988,ט אייר תשמח
27/04/1988,י אייר תשמח
28/04/1988,יא אייר תשמח
29/04/1988,יב אייר תשמח
30/04/1988,יג אייר תשמח
01/05/1988,יד אייר תשמח
02/05/1988,טו אייר תשמח
03/05/1988,טז אייר תשמח
04/05/1988,יז אייר תשמח
05/05/1988,יח אייר תשמח
06/05/1988,יט אייר תשמח
07/05/1988,כ אייר תשמח
08/05/1988,כא אייר תשמח
09/05/1988,כב אייר תשמח
10/05/1988,כג אייר תשמח
11/05/1988,כד אייר תשמח
12/05/1988,כה אייר תשמח
13/05/1988,כו אייר תשמח
14/05/1988,כז אייר תשמח
15/05/1988,כח אייר תשמח
16/05/1988,כט אייר תשמח
17/05/1988,א סיון תשמח
18/05/1988,ב סיון תשמח
19/05/1988,ג סיון תשמח
20/05/1988,ד סיון תשמח
21/05/1988,ה סיון תשמח
22/05/1988,ו סיון תשמח
23/05/1988,ז סיון תשמח
24/05/1988,ח סיון תשמח
25/05/1988,ט סיון תשמח
26/05/1988,י סיון תשמח
27/05/1988,יא סיון תשמח
28/05/1988,יב סיון תשמח
29/05/1988,יג סיון תשמח
30/05/1988,יד סיון תשמח
31/05/1988,טו סיון תשמח
01/06/1988,טז סיון תשמח
02/06/1988,יז סיון תשמח
03/06/1988,יח סיון תשמח
04/06/1988,יט סיון תשמח
05/06/1988,כ סיון תשמח
06/06/1988,כא סיון תשמח
07/06/1988,כב סיון תשמח
08/06/1988,כג סיון תשמח
09/06/1988,כד סיון תשמח
10/06/1988,כה סיון תשמח
11/06/1988,כו סיון תשמח
12/06/1988,כז סיון תשמח
13/06/1988,כח סיון תשמח
14/06/1988,כט סיון תשמח
15/06/1988,ל סיון תשמח
16/06/1988,א תמוז תשמח
17/06/1988,ב תמוז תשמח
18/06/1988,ג תמוז תשמח
19/06/1988,ד תמוז תשמח
20/06/1988,ה תמוז תשמח
21/06/1988,ו תמוז תשמח
22/06/1988,ז תמוז תשמח
23/06/1988,ח תמוז תשמח
24/06/1988,ט תמוז תשמח
25/06/1988,י תמוז תשמח
26/06/1988,יא תמוז תשמח
27/06/1988,יב תמוז תשמח
28/06/1988,יג תמוז תשמח
29/06/1988,יד תמוז תשמח
30/06/1988,טו תמוז תשמח
01/07/1988,טז תמוז תשמח
02/07/1988,יז תמוז תשמח
03/07/1988,יח תמוז תשמח
04/07/1988,יט תמוז תשמח
05/07/1988,כ תמוז תשמח
06/07/1988,כא תמוז תשמח
07/07/1988,כב תמוז תשמח
08/07/1988,כג תמוז תשמח
09/07/1988,כד תמוז תשמח
10/07/1988,כה תמוז תשמח
11/07/1988,כו תמוז תשמח
12/07/1988,כז תמוז תשמח
13/07/1988,כח תמוז תשמח
14/07/1988,כט תמוז תשמח
15/07/1988,א אב תשמח
16/07/1988,ב אב תשמח
17/07/1988,ג אב תשמח
18/07/1988,ד אב תשמח
19/07/1988,ה אב תשמח
20/07/1988,ו אב תשמח
21/07/1988,ז אב תשמח
22/07/1988,ח אב תשמח
23/07/1988,ט אב תשמח
24/07/1988,י אב תשמח
25/07/1988,יא אב תשמח
26/07/1988,יב אב תשמח
27/07/1988,יג אב תשמח
28/07/1988,יד אב תשמח
29/07/1988,טו אב תשמח
30/07/1988,טז אב תשמח
31/07/1988,יז אב תשמח
01/08/1988,יח אב תשמח
02/08/1988,יט אב תשמח
03/08/1988,כ אב תשמח
04/08/1988,כא אב תשמח
05/08/1988,כב אב תשמח
06/08/1988,כג אב תשמח
07/08/1988,כד אב תשמח
08/08/1988,כה אב תשמח
09/08/1988,כו אב תשמח
10/08/1988,כז אב תשמח
11/08/1988,כח אב תשמח
12/08/1988,כט אב תשמח
13/08/1988,ל אב תשמח
14/08/1988,א אלול תשמח
15/08/1988,ב אלול תשמח
16/08/1988,ג אלול תשמח
17/08/1988,ד אלול תשמח
18/08/1988,ה אלול תשמח
19/08/1988,ו אלול תשמח
20/08/1988,ז אלול תשמח
21/08/1988,ח אלול תשמח
22/08/1988,ט אלול תשמח
23/08/1988,י אלול תשמח
24/08/1988,יא אלול תשמח
25/08/1988,יב אלול תשמח
26/08/1988,יג אלול תשמח
27/08/1988,יד אלול תשמח
28/08/1988,טו אלול תשמח
29/08/1988,טז אלול תשמח
30/08/1988,יז אלול תשמח
31/08/1988,יח אלול תשמח
01/09/1988,יט אלול תשמח
02/09/1988,כ אלול תשמח
03/09/1988,כא אלול תשמח
04/09/1988,כב אלול תשמח
05/09/1988,כג אלול תשמח
06/09/1988,כד אלול תשמח
07/09/1988,כה אלול תשמח
08/09/1988,כו אלול תשמח
09/09/1988,כז אלול תשמח
10/09/1988,כח אלול תשמח
11/09/1988,כט אלול תשמח
12/09/1988,א תשרי תשמט
13/09/1988,ב תשרי תשמט
14/09/1988,ג תשרי תשמט
15/09/1988,ד תשרי תשמט
16/09/1988,ה תשרי תשמט
17/09/1988,ו תשרי תשמט
18/09/1988,ז תשרי תשמט
19/09/1988,ח תשרי תשמט
20/09/1988,ט תשרי תשמט
21/09/1988,י תשרי תשמט
22/09/1988,יא תשרי תשמט
23/09/1988,יב תשרי תשמט
24/09/1988,יג תשרי תשמט
25/09/1988,יד תשרי תשמט
26/09/1988,טו תשרי תשמט
27/09/1988,טז תשרי תשמט
28/09/1988,יז תשרי תשמט
29/09/1988,יח תשרי תשמט
30/09/1988,יט תשרי תשמט
01/10/1988,כ תשרי תשמט
02/10/1988,כא תשרי תשמט
03/10/1988,כב תשרי תשמט
04/10/1988,כג תשרי תשמט
05/10/1988,כד תשרי תשמט
06/10/1988,כה תשרי תשמט
07/10/1988,כו תשרי תשמט
08/10/1988,כז תשרי תשמט
09/10/1988,כח תשרי תשמט
10/10/1988,כט תשרי תשמט
11/10/1988,ל תשרי תשמט
12/10/1988,א חשון תשמט
13/10/1988,ב חשון תשמט
14/10/1988,ג חשון תשמט
15/10/1988,ד חשון תשמט
16/10/1988,ה חשון תשמט
17/10/1988,ו חשון תשמט
18/10/1988,ז חשון תשמט
19/10/1988,ח חשון תשמט
20/10/1988,ט חשון תשמט
21/10/1988,י חשון תשמט
22/10/1988,יא חשון תשמט
23/10/1988,יב חשון תשמט
24/10/1988,יג חשון תשמט
25/10/1988,יד חשון תשמט
26/10/1988,טו חשון תשמט
27/10/1988,טז חשון תשמט
28/10/1988,יז חשון תשמט
29/10/1988,יח חשון תשמט
30/10/1988,יט חשון תשמט
31/10/1988,כ חשון תשמט
01/11/1988,כא חשון תשמט
02/11/1988,כב חשון תשמט
03/11/1988,כג חשון תשמט
04/11/1988,כד חשון תשמט
05/11/1988,כה חשון תשמט
06/11/1988,כו חשון תשמט
07/11/1988,כז חשון תשמט
08/11/1988,כח חשון תשמט
09/11/1988,כט חשון תשמט
10/11/1988,א כסלו תשמט
11/11/1988,ב כסלו תשמט
12/11/1988,ג כסלו תשמט
13/11/1988,ד כסלו תשמט
14/11/1988,ה כסלו תשמט
15/11/1988,ו כסלו תשמט
16/11/1988,ז כסלו תשמט
17/11/1988,ח כסלו תשמט
18/11/1988,ט כסלו תשמט
19/11/1988,י כסלו תשמט
20/11/1988,יא כסלו תשמט
21/11/1988,יב כסלו תשמט
22/11/1988,יג כסלו תשמט
23/11/1988,יד כסלו תשמט
24/11/1988,טו כסלו תשמט
25/11/1988,טז כסלו תשמט
26/11/1988,יז כסלו תשמט
27/11/1988,יח כסלו תשמט
28/11/1988,יט כסלו תשמט
29/11/1988,כ כסלו תשמט
30/11/1988,כא כסלו תשמט
01/12/1988,כב כסלו תשמט
02/12/1988,כג כסלו תשמט
03/12/1988,כד כסלו תשמט
04/12/1988,כה כסלו תשמט
05/12/1988,כו כסלו תשמט
06/12/1988,כז כסלו תשמט
07/12/1988,כח כסלו תשמט
08/12/1988,כט כסלו תשמט
09/12/1988,א טבת תשמט
10/12/1988,ב טבת תשמט
11/12/1988,ג טבת תשמט
12/12/1988,ד טבת תשמט
13/12/1988,ה טבת תשמט
14/12/1988,ו טבת תשמט
15/12/1988,ז טבת תשמט
16/12/1988,ח טבת תשמט
17/12/1988,ט טבת תשמט
18/12/1988,י טבת תשמט
19/12/1988,יא טבת תשמט
20/12/1988,יב טבת תשמט
21/12/1988,יג טבת תשמט
22/12/1988,יד טבת תשמט
23/12/1988,טו טבת תשמט
24/12/1988,טז טבת תשמט
25/12/1988,יז טבת תשמט
26/12/1988,יח טבת תשמט
27/12/1988,יט טבת תשמט
28/12/1988,כ טבת תשמט
29/12/1988,כא טבת תשמט
30/12/1988,כב טבת תשמט
31/12/1988,כג טבת תשמט
01/01/1989,כד טבת תשמט
02/01/1989,כה טבת תשמט
03/01/1989,כו טבת תשמט
04/01/1989,כז טבת תשמט
05/01/1989,כח טבת תשמט
06/01/1989,כט טבת תשמט
07/01/1989,א שבט תשמט
08/01/1989,ב שבט תשמט
09/01/1989,ג שבט תשמט
10/01/1989,ד שבט תשמט
11/01/1989,ה שבט תשמט
12/01/1989,ו שבט תשמט
13/01/1989,ז שבט תשמט
14/01/1989,ח שבט תשמט
15/01/1989,ט שבט תשמט
16/01/1989,י שבט תשמט
17/01/1989,יא שבט תשמט
18/01/1989,יב שבט תשמט
19/01/1989,יג שבט תשמט
20/01/1989,יד שבט תשמט
21/01/1989,טו שבט תשמט
22/01/1989,טז שבט תשמט
23/01/1989,יז שבט תשמט
24/01/1989,יח שבט תשמט
25/01/1989,יט שבט תשמט
26/01/1989,כ שבט תשמט
27/01/1989,כא שבט תשמט
28/01/1989,כב שבט תשמט
29/01/1989,כג שבט תשמט
30/01/1989,כד שבט תשמט
31/01/1989,כה שבט תשמט
01/02/1989,כו שבט תשמט
02/02/1989,כז שבט תשמט
03/02/1989,כח שבט תשמט
04/02/1989,כט שבט תשמט
05/02/1989,ל שבט תשמט
06/02/1989,א אדר-א תשמט
07/02/1989,ב אדר-א תשמט
08/02/1989,ג אדר-א תשמט
09/02/1989,ד אדר-א תשמט
10/02/1989,ה אדר-א תשמט
11/02/1989,ו אדר-א תשמט
12/02/1989,ז אדר-א תשמט
13/02/1989,ח אדר-א תשמט
14/02/1989,ט אדר-א תשמט
15/02/1989,י אדר-א תשמט
16/02/1989,יא אדר-א תשמט
17/02/1989,יב אדר-א תשמט
18/02/1989,יג אדר-א תשמט
19/02/1989,יד אדר-א תשמט
20/02/1989,טו אדר-א תשמט
21/02/1989,טז אדר-א תשמט
22/02/1989,יז אדר-א תשמט
23/02/1989,יח אדר-א תשמט
24/02/1989,יט אדר-א תשמט
25/02/1989,כ אדר-א תשמט
26/02/1989,כא אדר-א תשמט
27/02/1989,כב אדר-א תשמט
28/02/1989,כג אדר-א תשמט
01/03/1989,כד אדר-א תשמט
02/03/1989,כה אדר-א תשמט
03/03/1989,כו אדר-א תשמט
04/03/1989,כז אדר-א תשמט
05/03/1989,כח אדר-א תשמט
06/03/1989,כט אדר-א תשמט
07/03/1989,ל אדר-א תשמט
08/03/1989,א אדר-ב תשמט
09/03/1989,ב אדר-ב תשמט
10/03/1989,ג אדר-ב תשמט
11/03/1989,ד אדר-ב תשמט
12/03/1989,ה אדר-ב תשמט
13/03/1989,ו אדר-ב תשמט
14/03/1989,ז אדר-ב תשמט
15/03/1989,ח אדר-ב תשמט
16/03/1989,ט אדר-ב תשמט
17/03/1989,י אדר-ב תשמט
18/03/1989,יא אדר-ב תשמט
19/03/1989,יב אדר-ב תשמט
20/03/1989,יג אדר-ב תשמט
21/03/1989,יד אדר-ב תשמט
22/03/1989,טו אדר-ב תשמט
23/03/1989,טז אדר-ב תשמט
24/03/1989,יז אדר-ב תשמט
25/03/1989,יח אדר-ב תשמט
26/03/1989,יט אדר-ב תשמט
27/03/1989,כ אדר-ב תשמט
28/03/1989,כא אדר-ב תשמט
29/03/1989,כב אדר-ב תשמט
30/03/1989,כג אדר-ב תשמט
31/03/1989,כד אדר-ב תשמט
01/04/1989,כה אדר-ב תשמט
02/04/1989,כו אדר-ב תשמט
03/04/1989,כז אדר-ב תשמט
04/04/1989,כח אדר-ב תשמט
05/04/1989,כט אדר-ב תשמט
06/04/1989,א ניסן תשמט
07/04/1989,ב ניסן תשמט
08/04/1989,ג ניסן תשמט
09/04/1989,ד ניסן תשמט
10/04/1989,ה ניסן תשמט
11/04/1989,ו ניסן תשמט
12/04/1989,ז ניסן תשמט
13/04/1989,ח ניסן תשמט
14/04/1989,ט ניסן תשמט
15/04/1989,י ניסן תשמט
16/04/1989,יא ניסן תשמט
17/04/1989,יב ניסן תשמט
18/04/1989,יג ניסן תשמט
19/04/1989,יד ניסן תשמט
20/04/1989,טו ניסן תשמט
21/04/1989,טז ניסן תשמט
22/04/1989,יז ניסן תשמט
23/04/1989,יח ניסן תשמט
24/04/1989,יט ניסן תשמט
25/04/1989,כ ניסן תשמט
26/04/1989,כא ניסן תשמט
27/04/1989,כב ניסן תשמט
28/04/1989,כג ניסן תשמט
29/04/1989,כד ניסן תשמט
30/04/1989,כה ניסן תשמט
01/05/1989,כו ניסן תשמט
02/05/1989,כז ניסן תשמט
03/05/1989,כח ניסן תשמט
04/05/1989,כט ניסן תשמט
05/05/1989,ל ניסן תשמט
06/05/1989,א אייר תשמט
07/05/1989,ב אייר תשמט
08/05/1989,ג אייר תשמט
09/05/1989,ד אייר תשמט
10/05/1989,ה אייר תשמט
11/05/1989,ו אייר תשמט
12/05/1989,ז אייר תשמט
13/05/1989,ח אייר תשמט
14/05/1989,ט אייר תשמט
15/05/1989,י אייר תשמט
16/05/1989,יא אייר תשמט
17/05/1989,יב אייר תשמט
18/05/1989,יג אייר תשמט
19/05/1989,יד אייר תשמט
20/05/1989,טו אייר תשמט
21/05/1989,טז אייר תשמט
22/05/1989,יז אייר תשמט
23/05/1989,יח אייר תשמט
24/05/1989,יט אייר תשמט
25/05/1989,כ אייר תשמט
26/05/1989,כא אייר תשמט
27/05/1989,כב אייר תשמט
28/05/1989,כג אייר תשמט
29/05/1989,כד אייר תשמט
30/05/1989,כה אייר תשמט
31/05/1989,כו אייר תשמט
01/06/1989,כז אייר תשמט
02/06/1989,כח אייר תשמט
03/06/1989,כט אייר תשמט
04/06/1989,א סיון תשמט
05/06/1989,ב סיון תשמט
06/06/1989,ג סיון תשמט
07/06/1989,ד סיון תשמט
08/06/1989,ה סיון תשמט
09/06/1989,ו סיון תשמט
10/06/1989,ז סיון תשמט
11/06/1989,ח סיון תשמט
12/06/1989,ט סיון תשמט
13/06/1989,י סיון תשמט
14/06/1989,יא סיון תשמט
15/06/1989,יב סיון תשמט
16/06/1989,יג סיון תשמט
17/06/1989,יד סיון תשמט
18/06/1989,טו סיון תשמט
19/06/1989,טז סיון תשמט
20/06/1989,יז סיון תשמט
21/06/1989,יח סיון תשמט
22/06/1989,יט סיון תשמט
23/06/1989,כ סיון תשמט
24/06/1989,כא סיון תשמט
25/06/1989,כב סיון תשמט
26/06/1989,כג סיון תשמט
27/06/1989,כד סיון תשמט
28/06/1989,כה סיון תשמט
29/06/1989,כו סיון תשמט
30/06/1989,כז סיון תשמט
01/07/1989,כח סיון תשמט
02/07/1989,כט סיון תשמט
03/07/1989,ל סיון תשמט
04/07/1989,א תמוז תשמט
05/07/1989,ב תמוז תשמט
06/07/1989,ג תמוז תשמט
07/07/1989,ד תמוז תשמט
08/07/1989,ה תמוז תשמט
09/07/1989,ו תמוז תשמט
10/07/1989,ז תמוז תשמט
11/07/1989,ח תמוז תשמט
12/07/1989,ט תמוז תשמט
13/07/1989,י תמוז תשמט
14/07/1989,יא תמוז תשמט
15/07/1989,יב תמוז תשמט
16/07/1989,יג תמוז תשמט
17/07/1989,יד תמוז תשמט
18/07/1989,טו תמוז תשמט
19/07/1989,טז תמוז תשמט
20/07/1989,יז תמוז תשמט
21/07/1989,יח תמוז תשמט
22/07/1989,יט תמוז תשמט
23/07/1989,כ תמוז תשמט
24/07/1989,כא תמוז תשמט
25/07/1989,כב תמוז תשמט
26/07/1989,כג תמוז תשמט
27/07/1989,כד תמוז תשמט
28/07/1989,כה תמוז תשמט
29/07/1989,כו תמוז תשמט
30/07/1989,כז תמוז תשמט
31/07/1989,כח תמוז תשמט
01/08/1989,כט תמוז תשמט
02/08/1989,א אב תשמט
03/08/1989,ב אב תשמט
04/08/1989,ג אב תשמט
05/08/1989,ד אב תשמט
06/08/1989,ה אב תשמט
07/08/1989,ו אב תשמט
08/08/1989,ז אב תשמט
09/08/1989,ח אב תשמט
10/08/1989,ט אב תשמט
11/08/1989,י אב תשמט
12/08/1989,יא אב תשמט
13/08/1989,יב אב תשמט
14/08/1989,יג אב תשמט
15/08/1989,יד אב תשמט
16/08/1989,טו אב תשמט
17/08/1989,טז אב תשמט
18/08/1989,יז אב תשמט
19/08/1989,יח אב תשמט
20/08/1989,יט אב תשמט
21/08/1989,כ אב תשמט
22/08/1989,כא אב תשמט
23/08/1989,כב אב תשמט
24/08/1989,כג אב תשמט
25/08/1989,כד אב תשמט
26/08/1989,כה אב תשמט
27/08/1989,כו אב תשמט
28/08/1989,כז אב תשמט
29/08/1989,כח אב תשמט
30/08/1989,כט אב תשמט
31/08/1989,ל אב תשמט
01/09/1989,א אלול תשמט
02/09/1989,ב אלול תשמט
03/09/1989,ג אלול תשמט
04/09/1989,ד אלול תשמט
05/09/1989,ה אלול תשמט
06/09/1989,ו אלול תשמט
07/09/1989,ז אלול תשמט
08/09/1989,ח אלול תשמט
09/09/1989,ט אלול תשמט
10/09/1989,י אלול תשמט
11/09/1989,יא אלול תשמט
12/09/1989,יב אלול תשמט
13/09/1989,יג אלול תשמט
14/09/1989,יד אלול תשמט
15/09/1989,טו אלול תשמט
16/09/1989,טז אלול תשמט
17/09/1989,יז אלול תשמט
18/09/1989,יח אלול תשמט
19/09/1989,יט אלול תשמט
20/09/1989,כ אלול תשמט
21/09/1989,כא אלול תשמט
22/09/1989,כב אלול תשמט
23/09/1989,כג אלול תשמט
24/09/1989,כד אלול תשמט
25/09/1989,כה אלול תשמט
26/09/1989,כו אלול תשמט
27/09/1989,כז אלול תשמט
28/09/1989,כח אלול תשמט
29/09/1989,כט אלול תשמט
30/09/1989,א תשרי תשנ
01/10/1989,ב תשרי תשנ
02/10/1989,ג תשרי תשנ
03/10/1989,ד תשרי תשנ
04/10/1989,ה תשרי תשנ
05/10/1989,ו תשרי תשנ
06/10/1989,ז תשרי תשנ
07/10/1989,ח תשרי תשנ
08/10/1989,ט תשרי תשנ
09/10/1989,י תשרי תשנ
10/10/1989,יא תשרי תשנ
11/10/1989,יב תשרי תשנ
12/10/1989,יג תשרי תשנ
13/10/1989,יד תשרי תשנ
14/10/1989,טו תשרי תשנ
15/10/1989,טז תשרי תשנ
16/10/1989,יז תשרי תשנ
17/10/1989,יח תשרי תשנ
18/10/1989,יט תשרי תשנ
19/10/1989,כ תשרי תשנ
20/10/1989,כא תשרי תשנ
21/10/1989,כב תשרי תשנ
22/10/1989,כג תשרי תשנ
23/10/1989,כד תשרי תשנ
24/10/1989,כה תשרי תשנ
25/10/1989,כו תשרי תשנ
26/10/1989,כז תשרי תשנ
27/10/1989,כח תשרי תשנ
28/10/1989,כט תשרי תשנ
29/10/1989,ל תשרי תשנ
30/10/1989,א חשון תשנ
31/10/1989,ב חשון תשנ
01/11/1989,ג חשון תשנ
02/11/1989,ד חשון תשנ
03/11/1989,ה חשון תשנ
04/11/1989,ו חשון תשנ
05/11/1989,ז חשון תשנ
06/11/1989,ח חשון תשנ
07/11/1989,ט חשון תשנ
08/11/1989,י חשון תשנ
09/11/1989,יא חשון תשנ
10/11/1989,יב חשון תשנ
11/11/1989,יג חשון תשנ
12/11/1989,יד חשון תשנ
13/11/1989,טו חשון תשנ
14/11/1989,טז חשון תשנ
15/11/1989,יז חשון תשנ
16/11/1989,יח חשון תשנ
17/11/1989,יט חשון תשנ
18/11/1989,כ חשון תשנ
19/11/1989,כא חשון תשנ
20/11/1989,כב חשון תשנ
21/11/1989,כג חשון תשנ
22/11/1989,כד חשון תשנ
23/11/1989,כה חשון תשנ
24/11/1989,כו חשון תשנ
25/11/1989,כז חשון תשנ
26/11/1989,כח חשון תשנ
27/11/1989,כט חשון תשנ
28/11/1989,ל חשון תשנ
29/11/1989,א כסלו תשנ
30/11/1989,ב כסלו תשנ
01/12/1989,ג כסלו תשנ
02/12/1989,ד כסלו תשנ
03/12/1989,ה כסלו תשנ
04/12/1989,ו כסלו תשנ
05/12/1989,ז כסלו תשנ
06/12/1989,ח כסלו תשנ
07/12/1989,ט כסלו תשנ
08/12/1989,י כסלו תשנ
09/12/1989,יא כסלו תשנ
10/12/1989,יב כסלו תשנ
11/12/1989,יג כסלו תשנ
12/12/1989,יד כסלו תשנ
13/12/1989,טו כסלו תשנ
14/12/1989,טז כסלו תשנ
15/12/1989,יז כסלו תשנ
16/12/1989,יח כסלו תשנ
17/12/1989,יט כסלו תשנ
18/12/1989,כ כסלו תשנ
19/12/1989,כא כסלו תשנ
20/12/1989,כב כסלו תשנ
21/12/1989,כג כסלו תשנ
22/12/1989,כד כסלו תשנ
23/12/1989,כה כסלו תשנ
24/12/1989,כו כסלו תשנ
25/12/1989,כז כסלו תשנ
26/12/1989,כח כסלו תשנ
27/12/1989,כט כסלו תשנ
28/12/1989,ל כסלו תשנ
29/12/1989,א טבת תשנ
30/12/1989,ב טבת תשנ
31/12/1989,ג טבת תשנ
01/01/1990,ד טבת תשנ
02/01/1990,ה טבת תשנ
03/01/1990,ו טבת תשנ
04/01/1990,ז טבת תשנ
05/01/1990,ח טבת תשנ
06/01/1990,ט טבת תשנ
07/01/1990,י טבת תשנ
08/01/1990,יא טבת תשנ
09/01/1990,יב טבת תשנ
10/01/1990,יג טבת תשנ
11/01/1990,יד טבת תשנ
12/01/1990,טו טבת תשנ
13/01/1990,טז טבת תשנ
14/01/1990,יז טבת תשנ
15/01/1990,יח טבת תשנ
16/01/1990,יט טבת תשנ
17/01/1990,כ טבת תשנ
18/01/1990,כא טבת תשנ
19/01/1990,כב טבת תשנ
20/01/1990,כג טבת תשנ
21/01/1990,כד טבת תשנ
22/01/1990,כה טבת תשנ
23/01/1990,כו טבת תשנ
24/01/1990,כז טבת תשנ
25/01/1990,כח טבת תשנ
26/01/1990,כט טבת תשנ
27/01/1990,א שבט תשנ
28/01/1990,ב שבט תשנ
29/01/1990,ג שבט תשנ
30/01/1990,ד שבט תשנ
31/01/1990,ה שבט תשנ
01/02/1990,ו שבט תשנ
02/02/1990,ז שבט תשנ
03/02/1990,ח שבט תשנ
04/02/1990,ט שבט תשנ
05/02/1990,י שבט תשנ
06/02/1990,יא שבט תשנ
07/02/1990,יב שבט תשנ
08/02/1990,יג שבט תשנ
09/02/1990,יד שבט תשנ
10/02/1990,טו שבט תשנ
11/02/1990,טז שבט תשנ
12/02/1990,יז שבט תשנ
13/02/1990,יח שבט תשנ
14/02/1990,יט שבט תשנ
15/02/1990,כ שבט תשנ
16/02/1990,כא שבט תשנ
17/02/1990,כב שבט תשנ
18/02/1990,כג שבט תשנ
19/02/1990,כד שבט תשנ
20/02/1990,כה שבט תשנ
21/02/1990,כו שבט תשנ
22/02/1990,כז שבט תשנ
23/02/1990,כח שבט תשנ
24/02/1990,כט שבט תשנ
25/02/1990,ל שבט תשנ
26/02/1990,א אדר תשנ
27/02/1990,ב אדר תשנ
28/02/1990,ג אדר תשנ
01/03/1990,ד אדר תשנ
02/03/1990,ה אדר תשנ
03/03/1990,ו אדר תשנ
04/03/1990,ז אדר תשנ
05/03/1990,ח אדר תשנ
06/03/1990,ט אדר תשנ
07/03/1990,י אדר תשנ
08/03/1990,יא אדר תשנ
09/03/1990,יב אדר תשנ
10/03/1990,יג אדר תשנ
11/03/1990,יד אדר תשנ
12/03/1990,טו אדר תשנ
13/03/1990,טז אדר תשנ
14/03/1990,יז אדר תשנ
15/03/1990,יח אדר תשנ
16/03/1990,יט אדר תשנ
17/03/1990,כ אדר תשנ
18/03/1990,כא אדר תשנ
19/03/1990,כב אדר תשנ
20/03/1990,כג אדר תשנ
21/03/1990,כד אדר תשנ
22/03/1990,כה אדר תשנ
23/03/1990,כו אדר תשנ
24/03/1990,כז אדר תשנ
25/03/1990,כח אדר תשנ
26/03/1990,כט אדר תשנ
27/03/1990,א ניסן תשנ
28/03/1990,ב ניסן תשנ
29/03/1990,ג ניסן תשנ
30/03/1990,ד ניסן תשנ
31/03/1990,ה ניסן תשנ
01/04/1990,ו ניסן תשנ
02/04/1990,ז ניסן תשנ
03/04/1990,ח ניסן תשנ
04/04/1990,ט ניסן תשנ
05/04/1990,י ניסן תשנ
06/04/1990,יא ניסן תשנ
07/04/1990,יב ניסן תשנ
08/04/1990,יג ניסן תשנ
09/04/1990,יד ניסן תשנ
10/04/1990,טו ניסן תשנ
11/04/1990,טז ניסן תשנ
12/04/1990,יז ניסן תשנ
13/04/1990,יח ניסן תשנ
14/04/1990,יט ניסן תשנ
15/04/1990,כ ניסן תשנ
16/04/1990,כא ניסן תשנ
17/04/1990,כב ניסן תשנ
18/04/1990,כג ניסן תשנ
19/04/1990,כד ניסן תשנ
20/04/1990,כה ניסן תשנ
21/04/1990,כו ניסן תשנ
22/04/1990,כז ניסן תשנ
23/04/1990,כח ניסן תשנ
24/04/1990,כט ניסן תשנ
25/04/1990,ל ניסן תשנ
26/04/1990,א אייר תשנ
27/04/1990,ב אייר תשנ
28/04/1990,ג אייר תשנ
29/04/1990,ד אייר תשנ
30/04/1990,ה אייר תשנ
01/05/1990,ו אייר תשנ
02/05/1990,ז אייר תשנ
03/05/1990,ח אייר תשנ
04/05/1990,ט אייר תשנ
05/05/1990,י אייר תשנ
06/05/1990,יא אייר תשנ
07/05/1990,יב אייר תשנ
08/05/1990,יג אייר תשנ
09/05/1990,יד אייר תשנ
10/05/1990,טו אייר תשנ
11/05/1990,טז אייר תשנ
12/05/1990,יז אייר תשנ
13/05/1990,יח אייר תשנ
14/05/1990,יט אייר תשנ
15/05/1990,כ אייר תשנ
16/05/1990,כא אייר תשנ
17/05/1990,כב אייר תשנ
18/05/1990,כג אייר תשנ
19/05/1990,כד אייר תשנ
20/05/1990,כה אייר תשנ
21/05/1990,כו אייר תשנ
22/05/1990,כז אייר תשנ
23/05/1990,כח אייר תשנ
24/05/1990,כט אייר תשנ
25/05/1990,א סיון תשנ
26/05/1990,ב סיון תשנ
27/05/1990,ג סיון תשנ
28/05/1990,ד סיון תשנ
29/05/1990,ה סיון תשנ
30/05/1990,ו סיון תשנ
31/05/1990,ז סיון תשנ
01/06/1990,ח סיון תשנ
02/06/1990,ט סיון תשנ
03/06/1990,י סיון תשנ
04/06/1990,יא סיון תשנ
05/06/1990,יב סיון תשנ
06/06/1990,יג סיון תשנ
07/06/1990,יד סיון תשנ
08/06/1990,טו סיון תשנ
09/06/1990,טז סיון תשנ
10/06/1990,יז סיון תשנ
11/06/1990,יח סיון תשנ
12/06/1990,יט סיון תשנ
13/06/1990,כ סיון תשנ
14/06/1990,כא סיון תשנ
15/06/1990,כב סיון תשנ
16/06/1990,כג סיון תשנ
17/06/1990,כד סיון תשנ
18/06/1990,כה סיון תשנ
19/06/1990,כו סיון תשנ
20/06/1990,כז סיון תשנ
21/06/1990,כח סיון תשנ
22/06/1990,כט סיון תשנ
23/06/1990,ל סיון תשנ
24/06/1990,א תמוז תשנ
25/06/1990,ב תמוז תשנ
26/06/1990,ג תמוז תשנ
27/06/1990,ד תמוז תשנ
28/06/1990,ה תמוז תשנ
29/06/1990,ו תמוז תשנ
30/06/1990,ז תמוז תשנ
01/07/1990,ח תמוז תשנ
02/07/1990,ט תמוז תשנ
03/07/1990,י תמוז תשנ
04/07/1990,יא תמוז תשנ
05/07/1990,יב תמוז תשנ
06/07/1990,יג תמוז תשנ
07/07/1990,יד תמוז תשנ
08/07/1990,טו תמוז תשנ
09/07/1990,טז תמוז תשנ
10/07/1990,יז תמוז תשנ
11/07/1990,יח תמוז תשנ
12/07/1990,יט תמוז תשנ
13/07/1990,כ תמוז תשנ
14/07/1990,כא תמוז תשנ
15/07/1990,כב תמוז תשנ
16/07/1990,כג תמוז תשנ
17/07/1990,כד תמוז תשנ
18/07/1990,כה תמוז תשנ
19/07/1990,כו תמוז תשנ
20/07/1990,כז תמוז תשנ
21/07/1990,כח תמוז תשנ
22/07/1990,כט תמוז תשנ
23/07/1990,א אב תשנ
24/07/1990,ב אב תשנ
25/07/1990,ג אב תשנ
26/07/1990,ד אב תשנ
27/07/1990,ה אב תשנ
28/07/1990,ו אב תשנ
29/07/1990,ז אב תשנ
30/07/1990,ח אב תשנ
31/07/1990,ט אב תשנ
01/08/1990,י אב תשנ
02/08/1990,יא אב תשנ
03/08/1990,יב אב תשנ
04/08/1990,יג אב תשנ
05/08/1990,יד אב תשנ
06/08/1990,טו אב תשנ
07/08/1990,טז אב תשנ
08/08/1990,יז אב תשנ
09/08/1990,יח אב תשנ
10/08/1990,יט אב תשנ
11/08/1990,כ אב תשנ
12/08/1990,כא אב תשנ
13/08/1990,כב אב תשנ
14/08/1990,כג אב תשנ
15/08/1990,כד אב תשנ
16/08/1990,כה אב תשנ
17/08/1990,כו אב תשנ
18/08/1990,כז אב תשנ
19/08/1990,כח אב תשנ
20/08/1990,כט אב תשנ
21/08/1990,ל אב תשנ
22/08/1990,א אלול תשנ
23/08/1990,ב אלול תשנ
24/08/1990,ג אלול תשנ
25/08/1990,ד אלול תשנ
26/08/1990,ה אלול תשנ
27/08/1990,ו אלול תשנ
28/08/1990,ז אלול תשנ
29/08/1990,ח אלול תשנ
30/08/1990,ט אלול תשנ
31/08/1990,י אלול תשנ
01/09/1990,יא אלול תשנ
02/09/1990,יב אלול תשנ
03/09/1990,יג אלול תשנ
04/09/1990,יד אלול תשנ
05/09/1990,טו אלול תשנ
06/09/1990,טז אלול תשנ
07/09/1990,יז אלול תשנ
08/09/1990,יח אלול תשנ
09/09/1990,יט אלול תשנ
10/09/1990,כ אלול תשנ
11/09/1990,כא אלול תשנ
12/09/1990,כב אלול תשנ
13/09/1990,כג אלול תשנ
14/09/1990,כד אלול תשנ
15/09/1990,כה אלול תשנ
16/09/1990,כו אלול תשנ
17/09/1990,כז אלול תשנ
18/09/1990,כח אלול תשנ
19/09/1990,כט אלול תשנ
20/09/1990,א תשרי תשנא
21/09/1990,ב תשרי תשנא
22/09/1990,ג תשרי תשנא
23/09/1990,ד תשרי תשנא
24/09/1990,ה תשרי תשנא
25/09/1990,ו תשרי תשנא
26/09/1990,ז תשרי תשנא
27/09/1990,ח תשרי תשנא
28/09/1990,ט תשרי תשנא
29/09/1990,י תשרי תשנא
30/09/1990,יא תשרי תשנא
01/10/1990,יב תשרי תשנא
02/10/1990,יג תשרי תשנא
03/10/1990,יד תשרי תשנא
04/10/1990,טו תשרי תשנא
05/10/1990,טז תשרי תשנא
06/10/1990,יז תשרי תשנא
07/10/1990,יח תשרי תשנא
08/10/1990,יט תשרי תשנא
09/10/1990,כ תשרי תשנא
10/10/1990,כא תשרי תשנא
11/10/1990,כב תשרי תשנא
12/10/1990,כג תשרי תשנא
13/10/1990,כד תשרי תשנא
14/10/1990,כה תשרי תשנא
15/10/1990,כו תשרי תשנא
16/10/1990,כז תשרי תשנא
17/10/1990,כח תשרי תשנא
18/10/1990,כט תשרי תשנא
19/10/1990,ל תשרי תשנא
20/10/1990,א חשון תשנא
21/10/1990,ב חשון תשנא
22/10/1990,ג חשון תשנא
23/10/1990,ד חשון תשנא
24/10/1990,ה חשון תשנא
25/10/1990,ו חשון תשנא
26/10/1990,ז חשון תשנא
27/10/1990,ח חשון תשנא
28/10/1990,ט חשון תשנא
29/10/1990,י חשון תשנא
30/10/1990,יא חשון תשנא
31/10/1990,יב חשון תשנא
01/11/1990,יג חשון תשנא
02/11/1990,יד חשון תשנא
03/11/1990,טו חשון תשנא
04/11/1990,טז חשון תשנא
05/11/1990,יז חשון תשנא
06/11/1990,יח חשון תשנא
07/11/1990,יט חשון תשנא
08/11/1990,כ חשון תשנא
09/11/1990,כא חשון תשנא
10/11/1990,כב חשון תשנא
11/11/1990,כג חשון תשנא
12/11/1990,כד חשון תשנא
13/11/1990,כה חשון תשנא
14/11/1990,כו חשון תשנא
15/11/1990,כז חשון תשנא
16/11/1990,כח חשון תשנא
17/11/1990,כט חשון תשנא
18/11/1990,א כסלו תשנא
19/11/1990,ב כסלו תשנא
20/11/1990,ג כסלו תשנא
21/11/1990,ד כסלו תשנא
22/11/1990,ה כסלו תשנא
23/11/1990,ו כסלו תשנא
24/11/1990,ז כסלו תשנא
25/11/1990,ח כסלו תשנא
26/11/1990,ט כסלו תשנא
27/11/1990,י כסלו תשנא
28/11/1990,יא כסלו תשנא
29/11/1990,יב כסלו תשנא
30/11/1990,יג כסלו תשנא
01/12/1990,יד כסלו תשנא
02/12/1990,טו כסלו תשנא
03/12/1990,טז כסלו תשנא
04/12/1990,יז כסלו תשנא
05/12/1990,יח כסלו תשנא
06/12/1990,יט כסלו תשנא
07/12/1990,כ כסלו תשנא
08/12/1990,כא כסלו תשנא
09/12/1990,כב כסלו תשנא
10/12/1990,כג כסלו תשנא
11/12/1990,כד כסלו תשנא
12/12/1990,כה כסלו תשנא
13/12/1990,כו כסלו תשנא
14/12/1990,כז כסלו תשנא
15/12/1990,כח כסלו תשנא
16/12/1990,כט כסלו תשנא
17/12/1990,ל כסלו תשנא
18/12/1990,א טבת תשנא
19/12/1990,ב טבת תשנא
20/12/1990,ג טבת תשנא
21/12/1990,ד טבת תשנא
22/12/1990,ה טבת תשנא
23/12/1990,ו טבת תשנא
24/12/1990,ז טבת תשנא
25/12/1990,ח טבת תשנא
26/12/1990,ט טבת תשנא
27/12/1990,י טבת תשנא
28/12/1990,יא טבת תשנא
29/12/1990,יב טבת תשנא
30/12/1990,יג טבת תשנא
31/12/1990,יד טבת תשנא
01/01/1991,טו טבת תשנא
02/01/1991,טז טבת תשנא
03/01/1991,יז טבת תשנא
04/01/1991,יח טבת תשנא
05/01/1991,יט טבת תשנא
06/01/1991,כ טבת תשנא
07/01/1991,כא טבת תשנא
08/01/1991,כב טבת תשנא
09/01/1991,כג טבת תשנא
10/01/1991,כד טבת תשנא
11/01/1991,כה טבת תשנא
12/01/1991,כו טבת תשנא
13/01/1991,כז טבת תשנא
14/01/1991,כח טבת תשנא
15/01/1991,כט טבת תשנא
16/01/1991,א שבט תשנא
17/01/1991,ב שבט תשנא
18/01/1991,ג שבט תשנא
19/01/1991,ד שבט תשנא
20/01/1991,ה שבט תשנא
21/01/1991,ו שבט תשנא
22/01/1991,ז שבט תשנא
23/01/1991,ח שבט תשנא
24/01/1991,ט שבט תשנא
25/01/1991,י שבט תשנא
26/01/1991,יא שבט תשנא
27/01/1991,יב שבט תשנא
28/01/1991,יג שבט תשנא
29/01/1991,יד שבט תשנא
30/01/1991,טו שבט תשנא
31/01/1991,טז שבט תשנא
01/02/1991,יז שבט תשנא
02/02/1991,יח שבט תשנא
03/02/1991,יט שבט תשנא
04/02/1991,כ שבט תשנא
05/02/1991,כא שבט תשנא
06/02/1991,כב שבט תשנא
07/02/1991,כג שבט תשנא
08/02/1991,כד שבט תשנא
09/02/1991,כה שבט תשנא
10/02/1991,כו שבט תשנא
11/02/1991,כז שבט תשנא
12/02/1991,כח שבט תשנא
13/02/1991,כט שבט תשנא
14/02/1991,ל שבט תשנא
15/02/1991,א אדר תשנא
16/02/1991,ב אדר תשנא
17/02/1991,ג אדר תשנא
18/02/1991,ד אדר תשנא
19/02/1991,ה אדר תשנא
20/02/1991,ו אדר תשנא
21/02/1991,ז אדר תשנא
22/02/1991,ח אדר תשנא
23/02/1991,ט אדר תשנא
24/02/1991,י אדר תשנא
25/02/1991,יא אדר תשנא
26/02/1991,יב אדר תשנא
27/02/1991,יג אדר תשנא
28/02/1991,יד אדר תשנא
01/03/1991,טו אדר תשנא
02/03/1991,טז אדר תשנא
03/03/1991,יז אדר תשנא
04/03/1991,יח אדר תשנא
05/03/1991,יט אדר תשנא
06/03/1991,כ אדר תשנא
07/03/1991,כא אדר תשנא
08/03/1991,כב אדר תשנא
09/03/1991,כג אדר תשנא
10/03/1991,כד אדר תשנא
11/03/1991,כה אדר תשנא
12/03/1991,כו אדר תשנא
13/03/1991,כז אדר תשנא
14/03/1991,כח אדר תשנא
15/03/1991,כט אדר תשנא
16/03/1991,א ניסן תשנא
17/03/1991,ב ניסן תשנא
18/03/1991,ג ניסן תשנא
19/03/1991,ד ניסן תשנא
20/03/1991,ה ניסן תשנא
21/03/1991,ו ניסן תשנא
22/03/1991,ז ניסן תשנא
23/03/1991,ח ניסן תשנא
24/03/1991,ט ניסן תשנא
25/03/1991,י ניסן תשנא
26/03/1991,יא ניסן תשנא
27/03/1991,יב ניסן תשנא
28/03/1991,יג ניסן תשנא
29/03/1991,יד ניסן תשנא
30/03/1991,טו ניסן תשנא
31/03/1991,טז ניסן תשנא
01/04/1991,יז ניסן תשנא
02/04/1991,יח ניסן תשנא
03/04/1991,יט ניסן תשנא
04/04/1991,כ ניסן תשנא
05/04/1991,כא ניסן תשנא
06/04/1991,כב ניסן תשנא
07/04/1991,כג ניסן תשנא
08/04/1991,כד ניסן תשנא
09/04/1991,כה ניסן תשנא
10/04/1991,כו ניסן תשנא
11/04/1991,כז ניסן תשנא
12/04/1991,כח ניסן תשנא
13/04/1991,כט ניסן תשנא
14/04/1991,ל ניסן תשנא
15/04/1991,א אייר תשנא
16/04/1991,ב אייר תשנא
17/04/1991,ג אייר תשנא
18/04/1991,ד אייר תשנא
19/04/1991,ה אייר תשנא
20/04/1991,ו אייר תשנא
21/04/1991,ז אייר תשנא
22/04/1991,ח אייר תשנא
23/04/1991,ט אייר תשנא
24/04/1991,י אייר תשנא
25/04/1991,יא אייר תשנא
26/04/1991,יב אייר תשנא
27/04/1991,יג אייר תשנא
28/04/1991,יד אייר תשנא
29/04/1991,טו אייר תשנא
30/04/1991,טז אייר תשנא
01/05/1991,יז אייר תשנא
02/05/1991,יח אייר תשנא
03/05/1991,יט אייר תשנא
04/05/1991,כ אייר תשנא
05/05/1991,כא אייר תשנא
06/05/1991,כב אייר תשנא
07/05/1991,כג אייר תשנא
08/05/1991,כד אייר תשנא
09/05/1991,כה אייר תשנא
10/05/1991,כו אייר תשנא
11/05/1991,כז אייר תשנא
12/05/1991,כח אייר תשנא
13/05/1991,כט אייר תשנא
14/05/1991,א סיון תשנא
15/05/1991,ב סיון תשנא
16/05/1991,ג סיון תשנא
17/05/1991,ד סיון תשנא
18/05/1991,ה סיון תשנא
19/05/1991,ו סיון תשנא
20/05/1991,ז סיון תשנא
21/05/1991,ח סיון תשנא
22/05/1991,ט סיון תשנא
23/05/1991,י סיון תשנא
24/05/1991,יא סיון תשנא
25/05/1991,יב סיון תשנא
26/05/1991,יג סיון תשנא
27/05/1991,יד סיון תשנא
28/05/1991,טו סיון תשנא
29/05/1991,טז סיון תשנא
30/05/1991,יז סיון תשנא
31/05/1991,יח סיון תשנא
01/06/1991,יט סיון תשנא
02/06/1991,כ סיון תשנא
03/06/1991,כא סיון תשנא
04/06/1991,כב סיון תשנא
05/06/1991,כג סיון תשנא
06/06/1991,כד סיון תשנא
07/06/1991,כה סיון תשנא
08/06/1991,כו סיון תשנא
09/06/1991,כז סיון תשנא
10/06/1991,כח סיון תשנא
11/06/1991,כט סיון תשנא
12/06/1991,ל סיון תשנא
13/06/1991,א תמוז תשנא
14/06/1991,ב תמוז תשנא
15/06/1991,ג תמוז תשנא
16/06/1991,ד תמוז תשנא
17/06/1991,ה תמוז תשנא
18/06/1991,ו תמוז תשנא
19/06/1991,ז תמוז תשנא
20/06/1991,ח תמוז תשנא
21/06/1991,ט תמוז תשנא
22/06/1991,י תמוז תשנא
23/06/1991,יא תמוז תשנא
24/06/1991,יב תמוז תשנא
25/06/1991,יג תמוז תשנא
26/06/1991,יד תמוז תשנא
27/06/1991,טו תמוז תשנא
28/06/1991,טז תמוז תשנא
29/06/1991,יז תמוז תשנא
30/06/1991,יח תמוז תשנא
01/07/1991,יט תמוז תשנא
02/07/1991,כ תמוז תשנא
03/07/1991,כא תמוז תשנא
04/07/1991,כב תמוז תשנא
05/07/1991,כג תמוז תשנא
06/07/1991,כד תמוז תשנא
07/07/1991,כה תמוז תשנא
08/07/1991,כו תמוז תשנא
09/07/1991,כז תמוז תשנא
10/07/1991,כח תמוז תשנא
11/07/1991,כט תמוז תשנא
12/07/1991,א אב תשנא
13/07/1991,ב אב תשנא
14/07/1991,ג אב תשנא
15/07/1991,ד אב תשנא
16/07/1991,ה אב תשנא
17/07/1991,ו אב תשנא
18/07/1991,ז אב תשנא
19/07/1991,ח אב תשנא
20/07/1991,ט אב תשנא
21/07/1991,י אב תשנא
22/07/1991,יא אב תשנא
23/07/1991,יב אב תשנא
24/07/1991,יג אב תשנא
25/07/1991,יד אב תשנא
26/07/1991,טו אב תשנא
27/07/1991,טז אב תשנא
28/07/1991,יז אב תשנא
29/07/1991,יח אב תשנא
30/07/1991,יט אב תשנא
31/07/1991,כ אב תשנא
01/08/1991,כא אב תשנא
02/08/1991,כב אב תשנא
03/08/1991,כג אב תשנא
04/08/1991,כד אב תשנא
05/08/1991,כה אב תשנא
06/08/1991,כו אב תשנא
07/08/1991,כז אב תשנא
08/08/1991,כח אב תשנא
09/08/1991,כט אב תשנא
10/08/1991,ל אב תשנא
11/08/1991,א אלול תשנא
12/08/1991,ב אלול תשנא
13/08/1991,ג אלול תשנא
14/08/1991,ד אלול תשנא
15/08/1991,ה אלול תשנא
16/08/1991,ו אלול תשנא
17/08/1991,ז אלול תשנא
18/08/1991,ח אלול תשנא
19/08/1991,ט אלול תשנא
20/08/1991,י אלול תשנא
21/08/1991,יא אלול תשנא
22/08/1991,יב אלול תשנא
23/08/1991,יג אלול תשנא
24/08/1991,יד אלול תשנא
25/08/1991,טו אלול תשנא
26/08/1991,טז אלול תשנא
27/08/1991,יז אלול תשנא
28/08/1991,יח אלול תשנא
29/08/1991,יט אלול תשנא
30/08/1991,כ אלול תשנא
31/08/1991,כא אלול תשנא
01/09/1991,כב אלול תשנא
02/09/1991,כג אלול תשנא
03/09/1991,כד אלול תשנא
04/09/1991,כה אלול תשנא
05/09/1991,כו אלול תשנא
06/09/1991,כז אלול תשנא
07/09/1991,כח אלול תשנא
08/09/1991,כט אלול תשנא
09/09/1991,א תשרי תשנב
10/09/1991,ב תשרי תשנב
11/09/1991,ג תשרי תשנב
12/09/1991,ד תשרי תשנב
13/09/1991,ה תשרי תשנב
14/09/1991,ו תשרי תשנב
15/09/1991,ז תשרי תשנב
16/09/1991,ח תשרי תשנב
17/09/1991,ט תשרי תשנב
18/09/1991,י תשרי תשנב
19/09/1991,יא תשרי תשנב
20/09/1991,יב תשרי תשנב
21/09/1991,יג תשרי תשנב
22/09/1991,יד תשרי תשנב
23/09/1991,טו תשרי תשנב
24/09/1991,טז תשרי תשנב
25/09/1991,יז תשרי תשנב
26/09/1991,יח תשרי תשנב
27/09/1991,יט תשרי תשנב
28/09/1991,כ תשרי תשנב
29/09/1991,כא תשרי תשנב
30/09/1991,כב תשרי תשנב
01/10/1991,כג תשרי תשנב
02/10/1991,כד תשרי תשנב
03/10/1991,כה תשרי תשנב
04/10/1991,כו תשרי תשנב
05/10/1991,כז תשרי תשנב
06/10/1991,כח תשרי תשנב
07/10/1991,כט תשרי תשנב
08/10/1991,ל תשרי תשנב
09/10/1991,א חשון תשנב
10/10/1991,ב חשון תשנב
11/10/1991,ג חשון תשנב
12/10/1991,ד חשון תשנב
13/10/1991,ה חשון תשנב
14/10/1991,ו חשון תשנב
15/10/1991,ז חשון תשנב
16/10/1991,ח חשון תשנב
17/10/1991,ט חשון תשנב
18/10/1991,י חשון תשנב
19/10/1991,יא חשון תשנב
20/10/1991,יב חשון תשנב
21/10/1991,יג חשון תשנב
22/10/1991,יד חשון תשנב
23/10/1991,טו חשון תשנב
24/10/1991,טז חשון תשנב
25/10/1991,יז חשון תשנב
26/10/1991,יח חשון תשנב
27/10/1991,יט חשון תשנב
28/10/1991,כ חשון תשנב
29/10/1991,כא חשון תשנב
30/10/1991,כב חשון תשנב
31/10/1991,כג חשון תשנב
01/11/1991,כד חשון תשנב
02/11/1991,כה חשון תשנב
03/11/1991,כו חשון תשנב
04/11/1991,כז חשון תשנב
05/11/1991,כח חשון תשנב
06/11/1991,כט חשון תשנב
07/11/1991,ל חשון תשנב
08/11/1991,א כסלו תשנב
09/11/1991,ב כסלו תשנב
10/11/1991,ג כסלו תשנב
11/11/1991,ד כסלו תשנב
12/11/1991,ה כסלו תשנב
13/11/1991,ו כסלו תשנב
14/11/1991,ז כסלו תשנב
15/11/1991,ח כסלו תשנב
16/11/1991,ט כסלו תשנב
17/11/1991,י כסלו תשנב
18/11/1991,יא כסלו תשנב
19/11/1991,יב כסלו תשנב
20/11/1991,יג כסלו תשנב
21/11/1991,יד כסלו תשנב
22/11/1991,טו כסלו תשנב
23/11/1991,טז כסלו תשנב
24/11/1991,יז כסלו תשנב
25/11/1991,יח כסלו תשנב
26/11/1991,יט כסלו תשנב
27/11/1991,כ כסלו תשנב
28/11/1991,כא כסלו תשנב
29/11/1991,כב כסלו תשנב
30/11/1991,כג כסלו תשנב
01/12/1991,כד כסלו תשנב
02/12/1991,כה כסלו תשנב
03/12/1991,כו כסלו תשנב
04/12/1991,כז כסלו תשנב
05/12/1991,כח כסלו תשנב
06/12/1991,כט כסלו תשנב
07/12/1991,ל כסלו תשנב
08/12/1991,א טבת תשנב
09/12/1991,ב טבת תשנב
10/12/1991,ג טבת תשנב
11/12/1991,ד טבת תשנב
12/12/1991,ה טבת תשנב
13/12/1991,ו טבת תשנב
14/12/1991,ז טבת תשנב
15/12/1991,ח טבת תשנב
16/12/1991,ט טבת תשנב
17/12/1991,י טבת תשנב
18/12/1991,יא טבת תשנב
19/12/1991,יב טבת תשנב
20/12/1991,יג טבת תשנב
21/12/1991,יד טבת תשנב
22/12/1991,טו טבת תשנב
23/12/1991,טז טבת תשנב
24/12/1991,יז טבת תשנב
25/12/1991,יח טבת תשנב
26/12/1991,יט טבת תשנב
27/12/1991,כ טבת תשנב
28/12/1991,כא טבת תשנב
29/12/1991,כב טבת תשנב
30/12/1991,כג טבת תשנב
31/12/1991,כד טבת תשנב
01/01/1992,כה טבת תשנב
02/01/1992,כו טבת תשנב
03/01/1992,כז טבת תשנב
04/01/1992,כח טבת תשנב
05/01/1992,כט טבת תשנב
06/01/1992,א שבט תשנב
07/01/1992,ב שבט תשנב
08/01/1992,ג שבט תשנב
09/01/1992,ד שבט תשנב
10/01/1992,ה שבט תשנב
11/01/1992,ו שבט תשנב
12/01/1992,ז שבט תשנב
13/01/1992,ח שבט תשנב
14/01/1992,ט שבט תשנב
15/01/1992,י שבט תשנב
16/01/1992,יא שבט תשנב
17/01/1992,יב שבט תשנב
18/01/1992,יג שבט תשנב
19/01/1992,יד שבט תשנב
20/01/1992,טו שבט תשנב
21/01/1992,טז שבט תשנב
22/01/1992,יז שבט תשנב
23/01/1992,יח שבט תשנב
24/01/1992,יט שבט תשנב
25/01/1992,כ שבט תשנב
26/01/1992,כא שבט תשנב
27/01/1992,כב שבט תשנב
28/01/1992,כג שבט תשנב
29/01/1992,כד שבט תשנב
30/01/1992,כה שבט תשנב
31/01/1992,כו שבט תשנב
01/02/1992,כז שבט תשנב
02/02/1992,כח שבט תשנב
03/02/1992,כט שבט תשנב
04/02/1992,ל שבט תשנב
05/02/1992,א אדר-א תשנב
06/02/1992,ב אדר-א תשנב
07/02/1992,ג אדר-א תשנב
08/02/1992,ד אדר-א תשנב
09/02/1992,ה אדר-א תשנב
10/02/1992,ו אדר-א תשנב
11/02/1992,ז אדר-א תשנב
12/02/1992,ח אדר-א תשנב
13/02/1992,ט אדר-א תשנב
14/02/1992,י אדר-א תשנב
15/02/1992,יא אדר-א תשנב
16/02/1992,יב אדר-א תשנב
17/02/1992,יג אדר-א תשנב
18/02/1992,יד אדר-א תשנב
19/02/1992,טו אדר-א תשנב
20/02/1992,טז אדר-א תשנב
21/02/1992,יז אדר-א תשנב
22/02/1992,יח אדר-א תשנב
23/02/1992,יט אדר-א תשנב
24/02/1992,כ אדר-א תשנב
25/02/1992,כא אדר-א תשנב
26/02/1992,כב אדר-א תשנב
27/02/1992,כג אדר-א תשנב
28/02/1992,כד אדר-א תשנב
29/02/1992,כה אדר-א תשנב
01/03/1992,כו אדר-א תשנב
02/03/1992,כז אדר-א תשנב
03/03/1992,כח אדר-א תשנב
04/03/1992,כט אדר-א תשנב
05/03/1992,ל אדר-א תשנב
06/03/1992,א אדר-ב תשנב
07/03/1992,ב אדר-ב תשנב
08/03/1992,ג אדר-ב תשנב
09/03/1992,ד אדר-ב תשנב
10/03/1992,ה אדר-ב תשנב
11/03/1992,ו אדר-ב תשנב
12/03/1992,ז אדר-ב תשנב
13/03/1992,ח אדר-ב תשנב
14/03/1992,ט אדר-ב תשנב
15/03/1992,י אדר-ב תשנב
16/03/1992,יא אדר-ב תשנב
17/03/1992,יב אדר-ב תשנב
18/03/1992,יג אדר-ב תשנב
19/03/1992,יד אדר-ב תשנב
20/03/1992,טו אדר-ב תשנב
21/03/1992,טז אדר-ב תשנב
22/03/1992,יז אדר-ב תשנב
23/03/1992,יח אדר-ב תשנב
24/03/1992,יט אדר-ב תשנב
25/03/1992,כ אדר-ב תשנב
26/03/1992,כא אדר-ב תשנב
27/03/1992,כב אדר-ב תשנב
28/03/1992,כג אדר-ב תשנב
29/03/1992,כד אדר-ב תשנב
30/03/1992,כה אדר-ב תשנב
31/03/1992,כו אדר-ב תשנב
01/04/1992,כז אדר-ב תשנב
02/04/1992,כח אדר-ב תשנב
03/04/1992,כט אדר-ב תשנב
04/04/1992,א ניסן תשנב
05/04/1992,ב ניסן תשנב
06/04/1992,ג ניסן תשנב
07/04/1992,ד ניסן תשנב
08/04/1992,ה ניסן תשנב
09/04/1992,ו ניסן תשנב
10/04/1992,ז ניסן תשנב
11/04/1992,ח ניסן תשנב
12/04/1992,ט ניסן תשנב
13/04/1992,י ניסן תשנב
14/04/1992,יא ניסן תשנב
15/04/1992,יב ניסן תשנב
16/04/1992,יג ניסן תשנב
17/04/1992,יד ניסן תשנב
18/04/1992,טו ניסן תשנב
19/04/1992,טז ניסן תשנב
20/04/1992,יז ניסן תשנב
21/04/1992,יח ניסן תשנב
22/04/1992,יט ניסן תשנב
23/04/1992,כ ניסן תשנב
24/04/1992,כא ניסן תשנב
25/04/1992,כב ניסן תשנב
26/04/1992,כג ניסן תשנב
27/04/1992,כד ניסן תשנב
28/04/1992,כה ניסן תשנב
29/04/1992,כו ניסן תשנב
30/04/1992,כז ניסן תשנב
01/05/1992,כח ניסן תשנב
02/05/1992,כט ניסן תשנב
03/05/1992,ל ניסן תשנב
04/05/1992,א אייר תשנב
05/05/1992,ב אייר תשנב
06/05/1992,ג אייר תשנב
07/05/1992,ד אייר תשנב
08/05/1992,ה אייר תשנב
09/05/1992,ו אייר תשנב
10/05/1992,ז אייר תשנב
11/05/1992,ח אייר תשנב
12/05/1992,ט אייר תשנב
13/05/1992,י אייר תשנב
14/05/1992,יא אייר תשנב
15/05/1992,יב אייר תשנב
16/05/1992,יג אייר תשנב
17/05/1992,יד אייר תשנב
18/05/1992,טו אייר תשנב
19/05/1992,טז אייר תשנב
20/05/1992,יז אייר תשנב
21/05/1992,יח אייר תשנב
22/05/1992,יט אייר תשנב
23/05/1992,כ אייר תשנב
24/05/1992,כא אייר תשנב
25/05/1992,כב אייר תשנב
26/05/1992,כג אייר תשנב
27/05/1992,כד אייר תשנב
28/05/1992,כה אייר תשנב
29/05/1992,כו אייר תשנב
30/05/1992,כז אייר תשנב
31/05/1992,כח אייר תשנב
01/06/1992,כט אייר תשנב
02/06/1992,א סיון תשנב
03/06/1992,ב סיון תשנב
04/06/1992,ג סיון תשנב
05/06/1992,ד סיון תשנב
06/06/1992,ה סיון תשנב
07/06/1992,ו סיון תשנב
08/06/1992,ז סיון תשנב
09/06/1992,ח סיון תשנב
10/06/1992,ט סיון תשנב
11/06/1992,י סיון תשנב
12/06/1992,יא סיון תשנב
13/06/1992,יב סיון תשנב
14/06/1992,יג סיון תשנב
15/06/1992,יד סיון תשנב
16/06/1992,טו סיון תשנב
17/06/1992,טז סיון תשנב
18/06/1992,יז סיון תשנב
19/06/1992,יח סיון תשנב
20/06/1992,יט סיון תשנב
21/06/1992,כ סיון תשנב
22/06/1992,כא סיון תשנב
23/06/1992,כב סיון תשנב
24/06/1992,כג סיון תשנב
25/06/1992,כד סיון תשנב
26/06/1992,כה סיון תשנב
27/06/1992,כו סיון תשנב
28/06/1992,כז סיון תשנב
29/06/1992,כח סיון תשנב
30/06/1992,כט סיון תשנב
01/07/1992,ל סיון תשנב
02/07/1992,א תמוז תשנב
03/07/1992,ב תמוז תשנב
04/07/1992,ג תמוז תשנב
05/07/1992,ד תמוז תשנב
06/07/1992,ה תמוז תשנב
07/07/1992,ו תמוז תשנב
08/07/1992,ז תמוז תשנב
09/07/1992,ח תמוז תשנב
10/07/1992,ט תמוז תשנב
11/07/1992,י תמוז תשנב
12/07/1992,יא תמוז תשנב
13/07/1992,יב תמוז תשנב
14/07/1992,יג תמוז תשנב
15/07/1992,יד תמוז תשנב
16/07/1992,טו תמוז תשנב
17/07/1992,טז תמוז תשנב
18/07/1992,יז תמוז תשנב
19/07/1992,יח תמוז תשנב
20/07/1992,יט תמוז תשנב
21/07/1992,כ תמוז תשנב
22/07/1992,כא תמוז תשנב
23/07/1992,כב תמוז תשנב
24/07/1992,כג תמוז תשנב
25/07/1992,כד תמוז תשנב
26/07/1992,כה תמוז תשנב
27/07/1992,כו תמוז תשנב
28/07/1992,כז תמוז תשנב
29/07/1992,כח תמוז תשנב
30/07/1992,כט תמוז תשנב
31/07/1992,א אב תשנב
01/08/1992,ב אב תשנב
02/08/1992,ג אב תשנב
03/08/1992,ד אב תשנב
04/08/1992,ה אב תשנב
05/08/1992,ו אב תשנב
06/08/1992,ז אב תשנב
07/08/1992,ח אב תשנב
08/08/1992,ט אב תשנב
09/08/1992,י אב תשנב
10/08/1992,יא אב תשנב
11/08/1992,יב אב תשנב
12/08/1992,יג אב תשנב
13/08/1992,יד אב תשנב
14/08/1992,טו אב תשנב
15/08/1992,טז אב תשנב
16/08/1992,יז אב תשנב
17/08/1992,יח אב תשנב
18/08/1992,יט אב תשנב
19/08/1992,כ אב תשנב
20/08/1992,כא אב תשנב
21/08/1992,כב אב תשנב
22/08/1992,כג אב תשנב
23/08/1992,כד אב תשנב
24/08/1992,כה אב תשנב
25/08/1992,כו אב תשנב
26/08/1992,כז אב תשנב
27/08/1992,כח אב תשנב
28/08/1992,כט אב תשנב
29/08/1992,ל אב תשנב
30/08/1992,א אלול תשנב
31/08/1992,ב אלול תשנב
01/09/1992,ג אלול תשנב
02/09/1992,ד אלול תשנב
03/09/1992,ה אלול תשנב
04/09/1992,ו אלול תשנב
05/09/1992,ז אלול תשנב
06/09/1992,ח אלול תשנב
07/09/1992,ט אלול תשנב
08/09/1992,י אלול תשנב
09/09/1992,יא אלול תשנב
10/09/1992,יב אלול תשנב
11/09/1992,יג אלול תשנב
12/09/1992,יד אלול תשנב
13/09/1992,טו אלול תשנב
14/09/1992,טז אלול תשנב
15/09/1992,יז אלול תשנב
16/09/1992,יח אלול תשנב
17/09/1992,יט אלול תשנב
18/09/1992,כ אלול תשנב
19/09/1992,כא אלול תשנב
20/09/1992,כב אלול תשנב
21/09/1992,כג אלול תשנב
22/09/1992,כד אלול תשנב
23/09/1992,כה אלול תשנב
24/09/1992,כו אלול תשנב
25/09/1992,כז אלול תשנב
26/09/1992,כח אלול תשנב
27/09/1992,כט אלול תשנב
28/09/1992,א תשרי תשנג
29/09/1992,ב תשרי תשנג
30/09/1992,ג תשרי תשנג
01/10/1992,ד תשרי תשנג
02/10/1992,ה תשרי תשנג
03/10/1992,ו תשרי תשנג
04/10/1992,ז תשרי תשנג
05/10/1992,ח תשרי תשנג
06/10/1992,ט תשרי תשנג
07/10/1992,י תשרי תשנג
08/10/1992,יא תשרי תשנג
09/10/1992,יב תשרי תשנג
10/10/1992,יג תשרי תשנג
11/10/1992,יד תשרי תשנג
12/10/1992,טו תשרי תשנג
13/10/1992,טז תשרי תשנג
14/10/1992,יז תשרי תשנג
15/10/1992,יח תשרי תשנג
16/10/1992,יט תשרי תשנג
17/10/1992,כ תשרי תשנג
18/10/1992,כא תשרי תשנג
19/10/1992,כב תשרי תשנג
20/10/1992,כג תשרי תשנג
21/10/1992,כד תשרי תשנג
22/10/1992,כה תשרי תשנג
23/10/1992,כו תשרי תשנג
24/10/1992,כז תשרי תשנג
25/10/1992,כח תשרי תשנג
26/10/1992,כט תשרי תשנג
27/10/1992,ל תשרי תשנג
28/10/1992,א חשון תשנג
29/10/1992,ב חשון תשנג
30/10/1992,ג חשון תשנג
31/10/1992,ד חשון תשנג
01/11/1992,ה חשון תשנג
02/11/1992,ו חשון תשנג
03/11/1992,ז חשון תשנג
04/11/1992,ח חשון תשנג
05/11/1992,ט חשון תשנג
06/11/1992,י חשון תשנג
07/11/1992,יא חשון תשנג
08/11/1992,יב חשון תשנג
09/11/1992,יג חשון תשנג
10/11/1992,יד חשון תשנג
11/11/1992,טו חשון תשנג
12/11/1992,טז חשון תשנג
13/11/1992,יז חשון תשנג
14/11/1992,יח חשון תשנג
15/11/1992,יט חשון תשנג
16/11/1992,כ חשון תשנג
17/11/1992,כא חשון תשנג
18/11/1992,כב חשון תשנג
19/11/1992,כג חשון תשנג
20/11/1992,כד חשון תשנג
21/11/1992,כה חשון תשנג
22/11/1992,כו חשון תשנג
23/11/1992,כז חשון תשנג
24/11/1992,כח חשון תשנג
25/11/1992,כט חשון תשנג
26/11/1992,א כסלו תשנג
27/11/1992,ב כסלו תשנג
28/11/1992,ג כסלו תשנג
29/11/1992,ד כסלו תשנג
30/11/1992,ה כסלו תשנג
01/12/1992,ו כסלו תשנג
02/12/1992,ז כסלו תשנג
03/12/1992,ח כסלו תשנג
04/12/1992,ט כסלו תשנג
05/12/1992,י כסלו תשנג
06/12/1992,יא כסלו תשנג
07/12/1992,יב כסלו תשנג
08/12/1992,יג כסלו תשנג
09/12/1992,יד כסלו תשנג
10/12/1992,יד כסלו תשנג
11/12/1992,טז כסלו תשנג
12/12/1992,יז כסלו תשנג
13/12/1992,יח כסלו תשנג
14/12/1992,יט כסלו תשנג
15/12/1992,כ כסלו תשנג
16/12/1992,כא כסלו תשנג
17/12/1992,כב כסלו תשנג
18/12/1992,כג כסלו תשנג
19/12/1992,כד כסלו תשנג
20/12/1992,כה כסלו תשנג
21/12/1992,כו כסלו תשנג
22/12/1992,כז כסלו תשנג
23/12/1992,כח כסלו תשנג
24/12/1992,כט כסלו תשנג
25/12/1992,א טבת תשנג
26/12/1992,ב טבת תשנג
27/12/1992,ג טבת תשנג
28/12/1992,ד טבת תשנג
29/12/1992,ה טבת תשנג
30/12/1992,ו טבת תשנג
31/12/1992,ז טבת תשנג
01/01/1993,ח טבת תשנג
02/01/1993,ט טבת תשנג
03/01/1993,י טבת תשנג
04/01/1993,יא טבת תשנג
05/01/1993,יב טבת תשנג
06/01/1993,יג טבת תשנג
07/01/1993,יד טבת תשנג
08/01/1993,טו טבת תשנג
09/01/1993,טז טבת תשנג
10/01/1993,יז טבת תשנג
11/01/1993,יח טבת תשנג
12/01/1993,יט טבת תשנג
13/01/1993,כ טבת תשנג
14/01/1993,כא טבת תשנג
15/01/1993,כב טבת תשנג
16/01/1993,כג טבת תשנג
17/01/1993,כד טבת תשנג
18/01/1993,כה טבת תשנג
19/01/1993,כו טבת תשנג
20/01/1993,כז טבת תשנג
21/01/1993,כח טבת תשנג
22/01/1993,כט טבת תשנג
23/01/1993,א שבט תשנג
24/01/1993,ב שבט תשנג
25/01/1993,ג שבט תשנג
26/01/1993,ד שבט תשנג
27/01/1993,ה שבט תשנג
28/01/1993,ו שבט תשנג
29/01/1993,ז שבט תשנג
30/01/1993,ח שבט תשנג
31/01/1993,ט שבט תשנג
01/02/1993,י שבט תשנג
02/02/1993,יא שבט תשנג
03/02/1993,יב שבט תשנג
04/02/1993,יג שבט תשנג
05/02/1993,יד שבט תשנג
06/02/1993,טו שבט תשנג
07/02/1993,טז שבט תשנג
08/02/1993,יז שבט תשנג
09/02/1993,יח שבט תשנג
10/02/1993,יט שבט תשנג
11/02/1993,כ שבט תשנג
12/02/1993,כא שבט תשנג
13/02/1993,כב שבט תשנג
14/02/1993,כג שבט תשנג
15/02/1993,כד שבט תשנג
16/02/1993,כה שבט תשנג
17/02/1993,כו שבט תשנג
18/02/1993,כז שבט תשנג
19/02/1993,כח שבט תשנג
20/02/1993,כט שבט תשנג
21/02/1993,ל שבט תשנג
22/02/1993,א אדר תשנג
23/02/1993,ב אדר תשנג
24/02/1993,ג אדר תשנג
25/02/1993,ד אדר תשנג
26/02/1993,ה אדר תשנג
27/02/1993,ו אדר תשנג
28/02/1993,ז אדר תשנג
01/03/1993,ח אדר תשנג
02/03/1993,ט אדר תשנג
03/03/1993,י אדר תשנג
04/03/1993,יא אדר תשנג
05/03/1993,יב אדר תשנג
06/03/1993,יג אדר תשנג
07/03/1993,יד אדר תשנג
08/03/1993,טו אדר תשנג
09/03/1993,טז אדר תשנג
10/03/1993,יז אדר תשנג
11/03/1993,יח אדר תשנג
12/03/1993,יט אדר תשנג
13/03/1993,כ אדר תשנג
14/03/1993,כא אדר תשנג
15/03/1993,כב אדר תשנג
16/03/1993,כג אדר תשנג
17/03/1993,כד אדר תשנג
18/03/1993,כה אדר תשנג
19/03/1993,כו אדר תשנג
20/03/1993,כז אדר תשנג
21/03/1993,כח אדר תשנג
22/03/1993,כט אדר תשנג
23/03/1993,א ניסן תשנג
24/03/1993,ב ניסן תשנג
25/03/1993,ג ניסן תשנג
26/03/1993,ד ניסן תשנג
27/03/1993,ה ניסן תשנג
28/03/1993,ו ניסן תשנג
29/03/1993,ז ניסן תשנג
30/03/1993,ח ניסן תשנג
31/03/1993,ט ניסן תשנג
01/04/1993,י ניסן תשנג
02/04/1993,יא ניסן תשנג
03/04/1993,יב ניסן תשנג
04/04/1993,יג ניסן תשנג
05/04/1993,יד ניסן תשנג
06/04/1993,טו ניסן תשנג
07/04/1993,טז ניסן תשנג
08/04/1993,יז ניסן תשנג
09/04/1993,יח ניסן תשנג
10/04/1993,יט ניסן תשנג
11/04/1993,כ ניסן תשנג
12/04/1993,כא ניסן תשנג
13/04/1993,כב ניסן תשנג
14/04/1993,כג ניסן תשנג
15/04/1993,כד ניסן תשנג
16/04/1993,כה ניסן תשנג
17/04/1993,כו ניסן תשנג
18/04/1993,כז ניסן תשנג
19/04/1993,כח ניסן תשנג
20/04/1993,כט ניסן תשנג
21/04/1993,ל ניסן תשנג
22/04/1993,א אייר תשנג
23/04/1993,ב אייר תשנג
24/04/1993,ג אייר תשנג
25/04/1993,ד אייר תשנג
26/04/1993,ה אייר תשנג
27/04/1993,ו אייר תשנג
28/04/1993,ז אייר תשנג
29/04/1993,ח אייר תשנג
30/04/1993,ט אייר תשנג
01/05/1993,י אייר תשנג
02/05/1993,יא אייר תשנג
03/05/1993,יב אייר תשנג
04/05/1993,יג אייר תשנג
05/05/1993,יד אייר תשנג
06/05/1993,טו אייר תשנג
07/05/1993,טז אייר תשנג
08/05/1993,יז אייר תשנג
09/05/1993,יח אייר תשנג
10/05/1993,יט אייר תשנג
11/05/1993,כ אייר תשנג
12/05/1993,כא אייר תשנג
13/05/1993,כב אייר תשנג
14/05/1993,כג אייר תשנג
15/05/1993,כד אייר תשנג
16/05/1993,כה אייר תשנג
17/05/1993,כו אייר תשנג
18/05/1993,כז אייר תשנג
19/05/1993,כח אייר תשנג
20/05/1993,כט אייר תשנג
21/05/1993,א סיון תשנג
22/05/1993,ב סיון תשנג
23/05/1993,ג סיון תשנג
24/05/1993,ד סיון תשנג
25/05/1993,ה סיון תשנג
26/05/1993,ו סיון תשנג
27/05/1993,ז סיון תשנג
28/05/1993,ח סיון תשנג
29/05/1993,ט סיון תשנג
30/05/1993,י סיון תשנג
31/05/1993,יא סיון תשנג
01/06/1993,יב סיון תשנג
02/06/1993,יג סיון תשנג
03/06/1993,יד סיון תשנג
04/06/1993,טו סיון תשנג
05/06/1993,טז סיון תשנג
06/06/1993,יז סיון תשנג
07/06/1993,יח סיון תשנג
08/06/1993,יט סיון תשנג
09/06/1993,כ סיון תשנג
10/06/1993,כא סיון תשנג
11/06/1993,כב סיון תשנג
12/06/1993,כג סיון תשנג
13/06/1993,כד סיון תשנג
14/06/1993,כה סיון תשנג
15/06/1993,כו סיון תשנג
16/06/1993,כז סיון תשנג
17/06/1993,כח סיון תשנג
18/06/1993,כט סיון תשנג
19/06/1993,ל סיון תשנג
20/06/1993,א תמוז תשנג
21/06/1993,ב תמוז תשנג
22/06/1993,ג תמוז תשנג
23/06/1993,ד תמוז תשנג
24/06/1993,ה תמוז תשנג
25/06/1993,ו תמוז תשנג
26/06/1993,ז תמוז תשנג
27/06/1993,ח תמוז תשנג
28/06/1993,ט תמוז תשנג
29/06/1993,י תמוז תשנג
30/06/1993,יא תמוז תשנג
01/07/1993,יב תמוז תשנג
02/07/1993,יג תמוז תשנג
03/07/1993,יד תמוז תשנג
04/07/1993,טו תמוז תשנג
05/07/1993,טז תמוז תשנג
06/07/1993,יז תמוז תשנג
07/07/1993,יח תמוז תשנג
08/07/1993,יט תמוז תשנג
09/07/1993,כ תמוז תשנג
10/07/1993,כא תמוז תשנג
11/07/1993,כב תמוז תשנג
12/07/1993,כג תמוז תשנג
13/07/1993,כד תמוז תשנג
14/07/1993,כה תמוז תשנג
15/07/1993,כו תמוז תשנג
16/07/1993,כז תמוז תשנג
17/07/1993,כח תמוז תשנג
18/07/1993,כט תמוז תשנג
19/07/1993,א אב תשנג
20/07/1993,ב אב תשנג
21/07/1993,ג אב תשנג
22/07/1993,ד אב תשנג
23/07/1993,ה אב תשנג
24/07/1993,ו אב תשנג
25/07/1993,ז אב תשנג
26/07/1993,ח אב תשנג
27/07/1993,ט אב תשנג
28/07/1993,י אב תשנג
29/07/1993,יא אב תשנג
30/07/1993,יב אב תשנג
31/07/1993,יג אב תשנג
01/08/1993,יד אב תשנג
02/08/1993,טו אב תשנג
03/08/1993,טז אב תשנג
04/08/1993,יז אב תשנג
05/08/1993,יח אב תשנג
06/08/1993,יט אב תשנג
07/08/1993,כ אב תשנג
08/08/1993,כא אב תשנג
09/08/1993,כב אב תשנג
10/08/1993,כג אב תשנג
11/08/1993,כד אב תשנג
12/08/1993,כה אב תשנג
13/08/1993,כו אב תשנג
14/08/1993,כז אב תשנג
15/08/1993,כח אב תשנג
16/08/1993,כט אב תשנג
17/08/1993,ל אב תשנג
18/08/1993,א אלול תשנג
19/08/1993,ב אלול תשנג
20/08/1993,ג אלול תשנג
21/08/1993,ד אלול תשנג
22/08/1993,ה אלול תשנג
23/08/1993,ו אלול תשנג
24/08/1993,ז אלול תשנג
25/08/1993,ח אלול תשנג
26/08/1993,ט אלול תשנג
27/08/1993,י אלול תשנג
28/08/1993,יא אלול תשנג
29/08/1993,יב אלול תשנג
30/08/1993,יג אלול תשנג
31/08/1993,יד אלול תשנג
01/09/1993,טו אלול תשנג
02/09/1993,טז אלול תשנג
03/09/1993,יז אלול תשנג
04/09/1993,יח אלול תשנג
05/09/1993,יט אלול תשנג
06/09/1993,כ אלול תשנג
07/09/1993,כא אלול תשנג
08/09/1993,כב אלול תשנג
09/09/1993,כג אלול תשנג
10/09/1993,כד אלול תשנג
11/09/1993,כה אלול תשנג
12/09/1993,כו אלול תשנג
13/09/1993,כז אלול תשנג
14/09/1993,כח אלול תשנג
15/09/1993,כט אלול תשנג
16/09/1993,א תשרי תשנד
17/09/1993,ב תשרי תשנד
18/09/1993,ג תשרי תשנד
19/09/1993,ד תשרי תשנד
20/09/1993,ה תשרי תשנד
21/09/1993,ו תשרי תשנד
22/09/1993,ז תשרי תשנד
23/09/1993,ח תשרי תשנד
24/09/1993,ט תשרי תשנד
25/09/1993,י תשרי תשנד
26/09/1993,יא תשרי תשנד
27/09/1993,יב תשרי תשנד
28/09/1993,יג תשרי תשנד
29/09/1993,יד תשרי תשנד
30/09/1993,טו תשרי תשנד
01/10/1993,טז תשרי תשנד
02/10/1993,יז תשרי תשנד
03/10/1993,יח תשרי תשנד
04/10/1993,יט תשרי תשנד
05/10/1993,כ תשרי תשנד
06/10/1993,כא תשרי תשנד
07/10/1993,כב תשרי תשנד
08/10/1993,כג תשרי תשנד
09/10/1993,כד תשרי תשנד
10/10/1993,כה תשרי תשנד
11/10/1993,כו תשרי תשנד
12/10/1993,כז תשרי תשנד
13/10/1993,כח תשרי תשנד
14/10/1993,כט תשרי תשנד
15/10/1993,ל תשרי תשנד
16/10/1993,א חשון תשנד
17/10/1993,ב חשון תשנד
18/10/1993,ג חשון תשנד
19/10/1993,ד חשון תשנד
20/10/1993,ה חשון תשנד
21/10/1993,ו חשון תשנד
22/10/1993,ז חשון תשנד
23/10/1993,ח חשון תשנד
24/10/1993,ט חשון תשנד
25/10/1993,י חשון תשנד
26/10/1993,יא חשון תשנד
27/10/1993,יב חשון תשנד
28/10/1993,יג חשון תשנד
29/10/1993,יד חשון תשנד
30/10/1993,טו חשון תשנד
31/10/1993,טז חשון תשנד
01/11/1993,יז חשון תשנד
02/11/1993,יח חשון תשנד
03/11/1993,יט חשון תשנד
04/11/1993,כ חשון תשנד
05/11/1993,כא חשון תשנד
06/11/1993,כב חשון תשנד
07/11/1993,כג חשון תשנד
08/11/1993,כד חשון תשנד
09/11/1993,כה חשון תשנד
10/11/1993,כו חשון תשנד
11/11/1993,כז חשון תשנד
12/11/1993,כח חשון תשנד
13/11/1993,כט חשון תשנד
14/11/1993,ל חשון תשנד
15/11/1993,א כסלו תשנד
16/11/1993,ב כסלו תשנד
17/11/1993,ג כסלו תשנד
18/11/1993,ד כסלו תשנד
19/11/1993,ה כסלו תשנד
20/11/1993,ו כסלו תשנד
21/11/1993,ז כסלו תשנד
22/11/1993,ח כסלו תשנד
23/11/1993,ט כסלו תשנד
24/11/1993,י כסלו תשנד
25/11/1993,יא כסלו תשנד
26/11/1993,יב כסלו תשנד
27/11/1993,יג כסלו תשנד
28/11/1993,יד כסלו תשנד
29/11/1993,טו כסלו תשנד
30/11/1993,טז כסלו תשנד
01/12/1993,יז כסלו תשנד
02/12/1993,יח כסלו תשנד
03/12/1993,יט כסלו תשנד
04/12/1993,כ כסלו תשנד
05/12/1993,כא כסלו תשנד
06/12/1993,כב כסלו תשנד
07/12/1993,כג כסלו תשנד
08/12/1993,כד כסלו תשנד
09/12/1993,כה כסלו תשנד
10/12/1993,כו כסלו תשנד
11/12/1993,כז כסלו תשנד
12/12/1993,כח כסלו תשנד
13/12/1993,כט כסלו תשנד
14/12/1993,ל כסלו תשנד
15/12/1993,א טבת תשנד
16/12/1993,ב טבת תשנד
17/12/1993,ג טבת תשנד
18/12/1993,ד טבת תשנד
19/12/1993,ה טבת תשנד
20/12/1993,ו טבת תשנד
21/12/1993,ז טבת תשנד
22/12/1993,ח טבת תשנד
23/12/1993,ט טבת תשנד
24/12/1993,י טבת תשנד
25/12/1993,יא טבת תשנד
26/12/1993,יב טבת תשנד
27/12/1993,יג טבת תשנד
28/12/1993,יד טבת תשנד
29/12/1993,טו טבת תשנד
30/12/1993,טז טבת תשנד
31/12/1993,יז טבת תשנד
01/01/1994,יח טבת תשנד
02/01/1994,יט טבת תשנד
03/01/1994,כ טבת תשנד
04/01/1994,כא טבת תשנד
05/01/1994,כב טבת תשנד
06/01/1994,כג טבת תשנד
07/01/1994,כד טבת תשנד
08/01/1994,כה טבת תשנד
09/01/1994,כו טבת תשנד
10/01/1994,כז טבת תשנד
11/01/1994,כח טבת תשנד
12/01/1994,כט טבת תשנד
13/01/1994,א שבט תשנד
14/01/1994,ב שבט תשנד
15/01/1994,ג שבט תשנד
16/01/1994,ד שבט תשנד
17/01/1994,ה שבט תשנד
18/01/1994,ו שבט תשנד
19/01/1994,ז שבט תשנד
20/01/1994,ח שבט תשנד
21/01/1994,ט שבט תשנד
22/01/1994,י שבט תשנד
23/01/1994,יא שבט תשנד
24/01/1994,יב שבט תשנד
25/01/1994,יג שבט תשנד
26/01/1994,יד שבט תשנד
27/01/1994,טו שבט תשנד
28/01/1994,טז שבט תשנד
29/01/1994,יז שבט תשנד
30/01/1994,יח שבט תשנד
31/01/1994,יט שבט תשנד
01/02/1994,כ שבט תשנד
02/02/1994,כא שבט תשנד
03/02/1994,כב שבט תשנד
04/02/1994,כג שבט תשנד
05/02/1994,כד שבט תשנד
06/02/1994,כה שבט תשנד
07/02/1994,כו שבט תשנד
08/02/1994,כז שבט תשנד
09/02/1994,כח שבט תשנד
10/02/1994,כט שבט תשנד
11/02/1994,ל שבט תשנד
12/02/1994,א אדר תשנד
13/02/1994,ב אדר תשנד
14/02/1994,ג אדר תשנד
15/02/1994,ד אדר תשנד
16/02/1994,ה אדר תשנד
17/02/1994,ו אדר תשנד
18/02/1994,ז אדר תשנד
19/02/1994,ח אדר תשנד
20/02/1994,ט אדר תשנד
21/02/1994,י אדר תשנד
22/02/1994,יא אדר תשנד
23/02/1994,יב אדר תשנד
24/02/1994,יג אדר תשנד
25/02/1994,יד אדר תשנד
26/02/1994,טו אדר תשנד
27/02/1994,טז אדר תשנד
28/02/1994,יז אדר תשנד
01/03/1994,יח אדר תשנד
02/03/1994,יט אדר תשנד
03/03/1994,כ אדר תשנד
04/03/1994,כא אדר תשנד
05/03/1994,כב אדר תשנד
06/03/1994,כג אדר תשנד
07/03/1994,כד אדר תשנד
08/03/1994,כה אדר תשנד
09/03/1994,כו אדר תשנד
10/03/1994,כז אדר תשנד
11/03/1994,כח אדר תשנד
12/03/1994,כט אדר תשנד
13/03/1994,א ניסן תשנד
14/03/1994,ב ניסן תשנד
15/03/1994,ג ניסן תשנד
16/03/1994,ד ניסן תשנד
17/03/1994,ה ניסן תשנד
18/03/1994,ו ניסן תשנד
19/03/1994,ז ניסן תשנד
20/03/1994,ח ניסן תשנד
21/03/1994,ט ניסן תשנד
22/03/1994,י ניסן תשנד
23/03/1994,יא ניסן תשנד
24/03/1994,יב ניסן תשנד
25/03/1994,יג ניסן תשנד
26/03/1994,יד ניסן תשנד
27/03/1994,טו ניסן תשנד
28/03/1994,טז ניסן תשנד
29/03/1994,יז ניסן תשנד
30/03/1994,יח ניסן תשנד
31/03/1994,יט ניסן תשנד
01/04/1994,כ ניסן תשנד
02/04/1994,כא ניסן תשנד
03/04/1994,כב ניסן תשנד
04/04/1994,כג ניסן תשנד
05/04/1994,כד ניסן תשנד
06/04/1994,כה ניסן תשנד
07/04/1994,כו ניסן תשנד
08/04/1994,כז ניסן תשנד
09/04/1994,כח ניסן תשנד
10/04/1994,כט ניסן תשנד
11/04/1994,ל ניסן תשנד
12/04/1994,א אייר תשנד
13/04/1994,ב אייר תשנד
14/04/1994,ג אייר תשנד
15/04/1994,ד אייר תשנד
16/04/1994,ה אייר תשנד
17/04/1994,ו אייר תשנד
18/04/1994,ז אייר תשנד
19/04/1994,ח אייר תשנד
20/04/1994,ט אייר תשנד
21/04/1994,י אייר תשנד
22/04/1994,יא אייר תשנד
23/04/1994,יב אייר תשנד
24/04/1994,יג אייר תשנד
25/04/1994,יד אייר תשנד
26/04/1994,טו אייר תשנד
27/04/1994,טז אייר תשנד
28/04/1994,יז אייר תשנד
29/04/1994,יח אייר תשנד
30/04/1994,יט אייר תשנד
01/05/1994,כ אייר תשנד
02/05/1994,כא אייר תשנד
03/05/1994,כב אייר תשנד
04/05/1994,כג אייר תשנד
05/05/1994,כד אייר תשנד
06/05/1994,כה אייר תשנד
07/05/1994,כו אייר תשנד
08/05/1994,כז אייר תשנד
09/05/1994,כח אייר תשנד
10/05/1994,כט אייר תשנד
11/05/1994,א סיון תשנד
12/05/1994,ב סיון תשנד
13/05/1994,ג סיון תשנד
14/05/1994,ד סיון תשנד
15/05/1994,ה סיון תשנד
16/05/1994,ו סיון תשנד
17/05/1994,ז סיון תשנד
18/05/1994,ח סיון תשנד
19/05/1994,ט סיון תשנד
20/05/1994,י סיון תשנד
21/05/1994,יא סיון תשנד
22/05/1994,יב סיון תשנד
23/05/1994,יג סיון תשנד
24/05/1994,יד סיון תשנד
25/05/1994,טו סיון תשנד
26/05/1994,טז סיון תשנד
27/05/1994,יז סיון תשנד
28/05/1994,יח סיון תשנד
29/05/1994,יט סיון תשנד
30/05/1994,כ סיון תשנד
31/05/1994,כא סיון תשנד
01/06/1994,כב סיון תשנד
02/06/1994,כג סיון תשנד
03/06/1994,כד סיון תשנד
04/06/1994,כה סיון תשנד
05/06/1994,כו סיון תשנד
06/06/1994,כז סיון תשנד
07/06/1994,כח סיון תשנד
08/06/1994,כט סיון תשנד
09/06/1994,ל סיון תשנד
10/06/1994,א תמוז תשנד
11/06/1994,ב תמוז תשנד
12/06/1994,ג תמוז תשנד
13/06/1994,ד תמוז תשנד
14/06/1994,ה תמוז תשנד
15/06/1994,ו תמוז תשנד
16/06/1994,ז תמוז תשנד
17/06/1994,ח תמוז תשנד
18/06/1994,ט תמוז תשנד
19/06/1994,י תמוז תשנד
20/06/1994,יא תמוז תשנד
21/06/1994,יב תמוז תשנד
22/06/1994,יג תמוז תשנד
23/06/1994,יד תמוז תשנד
24/06/1994,טו תמוז תשנד
25/06/1994,טז תמוז תשנד
26/06/1994,יז תמוז תשנד
27/06/1994,יח תמוז תשנד
28/06/1994,יט תמוז תשנד
29/06/1994,כ תמוז תשנד
30/06/1994,כא תמוז תשנד
01/07/1994,כב תמוז תשנד
02/07/1994,כג תמוז תשנד
03/07/1994,כד תמוז תשנד
04/07/1994,כה תמוז תשנד
05/07/1994,כו תמוז תשנד
06/07/1994,כז תמוז תשנד
07/07/1994,כח תמוז תשנד
08/07/1994,כט תמוז תשנד
09/07/1994,א אב תשנד
10/07/1994,ב אב תשנד
11/07/1994,ג אב תשנד
12/07/1994,ד אב תשנד
13/07/1994,ה אב תשנד
14/07/1994,ו אב תשנד
15/07/1994,ז אב תשנד
16/07/1994,ח אב תשנד
17/07/1994,ט אב תשנד
18/07/1994,י אב תשנד
19/07/1994,יא אב תשנד
20/07/1994,יב אב תשנד
21/07/1994,יג אב תשנד
22/07/1994,יד אב תשנד
23/07/1994,טו אב תשנד
24/07/1994,טז אב תשנד
25/07/1994,יז אב תשנד
26/07/1994,יח אב תשנד
27/07/1994,יט אב תשנד
28/07/1994,כ אב תשנד
29/07/1994,כא אב תשנד
30/07/1994,כב אב תשנד
31/07/1994,כג אב תשנד
01/08/1994,כד אב תשנד
02/08/1994,כה אב תשנד
03/08/1994,כו אב תשנד
04/08/1994,כז אב תשנד
05/08/1994,כח אב תשנד
06/08/1994,כט אב תשנד
07/08/1994,ל אב תשנד
08/08/1994,א אלול תשנד
09/08/1994,ב אלול תשנד
10/08/1994,ג אלול תשנד
11/08/1994,ד אלול תשנד
12/08/1994,ה אלול תשנד
13/08/1994,ו אלול תשנד
14/08/1994,ז אלול תשנד
15/08/1994,ח אלול תשנד
16/08/1994,ט אלול תשנד
17/08/1994,י אלול תשנד
18/08/1994,יא אלול תשנד
19/08/1994,יב אלול תשנד
20/08/1994,יג אלול תשנד
21/08/1994,יד אלול תשנד
22/08/1994,טו אלול תשנד
23/08/1994,טז אלול תשנד
24/08/1994,יז אלול תשנד
25/08/1994,יח אלול תשנד
26/08/1994,יט אלול תשנד
27/08/1994,כ אלול תשנד
28/08/1994,כא אלול תשנד
29/08/1994,כב אלול תשנד
30/08/1994,כג אלול תשנד
31/08/1994,כד אלול תשנד
01/09/1994,כה אלול תשנד
02/09/1994,כו אלול תשנד
03/09/1994,כז אלול תשנד
04/09/1994,כח אלול תשנד
05/09/1994,כט אלול תשנד
06/09/1994,א תשרי תשנה
07/09/1994,ב תשרי תשנה
08/09/1994,ג תשרי תשנה
09/09/1994,ד תשרי תשנה
10/09/1994,ה תשרי תשנה
11/09/1994,ו תשרי תשנה
12/09/1994,ז תשרי תשנה
13/09/1994,ח תשרי תשנה
14/09/1994,ט תשרי תשנה
15/09/1994,י תשרי תשנה
16/09/1994,יא תשרי תשנה
17/09/1994,יב תשרי תשנה
18/09/1994,יג תשרי תשנה
19/09/1994,יד תשרי תשנה
20/09/1994,טו תשרי תשנה
21/09/1994,טז תשרי תשנה
22/09/1994,יז תשרי תשנה
23/09/1994,יח תשרי תשנה
24/09/1994,יט תשרי תשנה
25/09/1994,כ תשרי תשנה
26/09/1994,כא תשרי תשנה
27/09/1994,כב תשרי תשנה
28/09/1994,כג תשרי תשנה
29/09/1994,כד תשרי תשנה
30/09/1994,כה תשרי תשנה
01/10/1994,כו תשרי תשנה
02/10/1994,כז תשרי תשנה
03/10/1994,כח תשרי תשנה
04/10/1994,כט תשרי תשנה
05/10/1994,ל תשרי תשנה
06/10/1994,א חשון תשנה
07/10/1994,ב חשון תשנה
08/10/1994,ג חשון תשנה
09/10/1994,ד חשון תשנה
10/10/1994,ה חשון תשנה
11/10/1994,ו חשון תשנה
12/10/1994,ז חשון תשנה
13/10/1994,ח חשון תשנה
14/10/1994,ט חשון תשנה
15/10/1994,י חשון תשנה
16/10/1994,יא חשון תשנה
17/10/1994,יב חשון תשנה
18/10/1994,יג חשון תשנה
19/10/1994,יד חשון תשנה
20/10/1994,טו חשון תשנה
21/10/1994,טז חשון תשנה
22/10/1994,יז חשון תשנה
23/10/1994,יח חשון תשנה
24/10/1994,יט חשון תשנה
25/10/1994,כ חשון תשנה
26/10/1994,כא חשון תשנה
27/10/1994,כב חשון תשנה
28/10/1994,כג חשון תשנה
29/10/1994,כד חשון תשנה
30/10/1994,כה חשון תשנה
31/10/1994,כו חשון תשנה
01/11/1994,כז חשון תשנה
02/11/1994,כח חשון תשנה
03/11/1994,כט חשון תשנה
04/11/1994,א כסלו תשנה
05/11/1994,ב כסלו תשנה
06/11/1994,ג כסלו תשנה
07/11/1994,ד כסלו תשנה
08/11/1994,ה כסלו תשנה
09/11/1994,ו כסלו תשנה
10/11/1994,ז כסלו תשנה
11/11/1994,ח כסלו תשנה
12/11/1994,ט כסלו תשנה
13/11/1994,י כסלו תשנה
14/11/1994,יא כסלו תשנה
15/11/1994,יב כסלו תשנה
16/11/1994,יג כסלו תשנה
17/11/1994,יד כסלו תשנה
18/11/1994,טו כסלו תשנה
19/11/1994,טז כסלו תשנה
20/11/1994,יז כסלו תשנה
21/11/1994,יח כסלו תשנה
22/11/1994,יט כסלו תשנה
23/11/1994,כ כסלו תשנה
24/11/1994,כא כסלו תשנה
25/11/1994,כב כסלו תשנה
26/11/1994,כג כסלו תשנה
27/11/1994,כד כסלו תשנה
28/11/1994,כה כסלו תשנה
29/11/1994,כו כסלו תשנה
30/11/1994,כז כסלו תשנה
01/12/1994,כח כסלו תשנה
02/12/1994,כט כסלו תשנה
03/12/1994,ל כסלו תשנה
04/12/1994,א טבת תשנה
05/12/1994,ב טבת תשנה
06/12/1994,ג טבת תשנה
07/12/1994,ד טבת תשנה
08/12/1994,ה טבת תשנה
09/12/1994,ו טבת תשנה
10/12/1994,ז טבת תשנה
11/12/1994,ח טבת תשנה
12/12/1994,ט טבת תשנה
13/12/1994,י טבת תשנה
14/12/1994,יא טבת תשנה
15/12/1994,יב טבת תשנה
16/12/1994,יג טבת תשנה
17/12/1994,יד טבת תשנה
18/12/1994,טו טבת תשנה
19/12/1994,טז טבת תשנה
20/12/1994,יז טבת תשנה
21/12/1994,יח טבת תשנה
22/12/1994,יט טבת תשנה
23/12/1994,כ טבת תשנה
24/12/1994,כא טבת תשנה
25/12/1994,כב טבת תשנה
26/12/1994,כג טבת תשנה
27/12/1994,כד טבת תשנה
28/12/1994,כה טבת תשנה
29/12/1994,כו טבת תשנה
30/12/1994,כז טבת תשנה
31/12/1994,כח טבת תשנה
01/01/1995,כט טבת תשנה
02/01/1995,א שבט תשנה
03/01/1995,ב שבט תשנה
04/01/1995,ג שבט תשנה
05/01/1995,ד שבט תשנה
06/01/1995,ה שבט תשנה
07/01/1995,ו שבט תשנה
08/01/1995,ז שבט תשנה
09/01/1995,ח שבט תשנה
10/01/1995,ט שבט תשנה
11/01/1995,י שבט תשנה
12/01/1995,יא שבט תשנה
13/01/1995,יב שבט תשנה
14/01/1995,יג שבט תשנה
15/01/1995,יד שבט תשנה
16/01/1995,טו שבט תשנה
17/01/1995,טז שבט תשנה
18/01/1995,יז שבט תשנה
19/01/1995,יח שבט תשנה
20/01/1995,יט שבט תשנה
21/01/1995,כ שבט תשנה
22/01/1995,כא שבט תשנה
23/01/1995,כב שבט תשנה
24/01/1995,כג שבט תשנה
25/01/1995,כד שבט תשנה
26/01/1995,כה שבט תשנה
27/01/1995,כו שבט תשנה
28/01/1995,כז שבט תשנה
29/01/1995,כח שבט תשנה
30/01/1995,כט שבט תשנה
31/01/1995,ל שבט תשנה
01/02/1995,א אדר-א תשנה
02/02/1995,ב אדר-א תשנה
03/02/1995,ג אדר-א תשנה
04/02/1995,ד אדר-א תשנה
05/02/1995,ה אדר-א תשנה
06/02/1995,ו אדר-א תשנה
07/02/1995,ז אדר-א תשנה
08/02/1995,ח אדר-א תשנה
09/02/1995,ט אדר-א תשנה
10/02/1995,י אדר-א תשנה
11/02/1995,יא אדר-א תשנה
12/02/1995,יב אדר-א תשנה
13/02/1995,יג אדר-א תשנה
14/02/1995,יד אדר-א תשנה
15/02/1995,טו אדר-א תשנה
16/02/1995,טז אדר-א תשנה
17/02/1995,יז אדר-א תשנה
18/02/1995,יח אדר-א תשנה
19/02/1995,יט אדר-א תשנה
20/02/1995,כ אדר-א תשנה
21/02/1995,כא אדר-א תשנה
22/02/1995,כב אדר-א תשנה
23/02/1995,כג אדר-א תשנה
24/02/1995,כד אדר-א תשנה
25/02/1995,כה אדר-א תשנה
26/02/1995,כו אדר-א תשנה
27/02/1995,כז אדר-א תשנה
28/02/1995,כח אדר-א תשנה
01/03/1995,כט אדר-א תשנה
02/03/1995,ל אדר-א תשנה
03/03/1995,א אדר-ב תשנה
04/03/1995,ב אדר-ב תשנה
05/03/1995,ג אדר-ב תשנה
06/03/1995,ד אדר-ב תשנה
07/03/1995,ה אדר-ב תשנה
08/03/1995,ו אדר-ב תשנה
09/03/1995,ז אדר-ב תשנה
10/03/1995,ח אדר-ב תשנה
11/03/1995,ט אדר-ב תשנה
12/03/1995,י אדר-ב תשנה
13/03/1995,יא אדר-ב תשנה
14/03/1995,יב אדר-ב תשנה
15/03/1995,יג אדר-ב תשנה
16/03/1995,יד אדר-ב תשנה
17/03/1995,טו אדר-ב תשנה
18/03/1995,טז אדר-ב תשנה
19/03/1995,יז אדר-ב תשנה
20/03/1995,יח אדר-ב תשנה
21/03/1995,יט אדר-ב תשנה
22/03/1995,כ אדר-ב תשנה
23/03/1995,כא אדר-ב תשנה
24/03/1995,כב אדר-ב תשנה
25/03/1995,כג אדר-ב תשנה
26/03/1995,כד אדר-ב תשנה
27/03/1995,כה אדר-ב תשנה
28/03/1995,כו אדר-ב תשנה
29/03/1995,כז אדר-ב תשנה
30/03/1995,כח אדר-ב תשנה
31/03/1995,כט אדר-ב תשנה
01/04/1995,א ניסן תשנה
02/04/1995,ב ניסן תשנה
03/04/1995,ג ניסן תשנה
04/04/1995,ד ניסן תשנה
05/04/1995,ה ניסן תשנה
06/04/1995,ו ניסן תשנה
07/04/1995,ז ניסן תשנה
08/04/1995,ח ניסן תשנה
09/04/1995,ט ניסן תשנה
10/04/1995,י ניסן תשנה
11/04/1995,יא ניסן תשנה
12/04/1995,יב ניסן תשנה
13/04/1995,יג ניסן תשנה
14/04/1995,יד ניסן תשנה
15/04/1995,טו ניסן תשנה
16/04/1995,טז ניסן תשנה
17/04/1995,יז ניסן תשנה
18/04/1995,יח ניסן תשנה
19/04/1995,יט ניסן תשנה
20/04/1995,כ ניסן תשנה
21/04/1995,כא ניסן תשנה
22/04/1995,כב ניסן תשנה
23/04/1995,כג ניסן תשנה
24/04/1995,כד ניסן תשנה
25/04/1995,כה ניסן תשנה
26/04/1995,כו ניסן תשנה
27/04/1995,כז ניסן תשנה
28/04/1995,כח ניסן תשנה
29/04/1995,כט ניסן תשנה
30/04/1995,ל ניסן תשנה
01/05/1995,א אייר תשנה
02/05/1995,ב אייר תשנה
03/05/1995,ג אייר תשנה
04/05/1995,ד אייר תשנה
05/05/1995,ה אייר תשנה
06/05/1995,ו אייר תשנה
07/05/1995,ז אייר תשנה
08/05/1995,ח אייר תשנה
09/05/1995,ט אייר תשנה
10/05/1995,י אייר תשנה
11/05/1995,יא אייר תשנה
12/05/1995,יב אייר תשנה
13/05/1995,יג אייר תשנה
14/05/1995,יד אייר תשנה
15/05/1995,טו אייר תשנה
16/05/1995,טז אייר תשנה
17/05/1995,יז אייר תשנה
18/05/1995,יח אייר תשנה
19/05/1995,יט אייר תשנה
20/05/1995,כ אייר תשנה
21/05/1995,כא אייר תשנה
22/05/1995,כב אייר תשנה
23/05/1995,כג אייר תשנה
24/05/1995,כד אייר תשנה
25/05/1995,כה אייר תשנה
26/05/1995,כו אייר תשנה
27/05/1995,כז אייר תשנה
28/05/1995,כח אייר תשנה
29/05/1995,כט אייר תשנה
30/05/1995,א סיון תשנה
31/05/1995,ב סיון תשנה
01/06/1995,ג סיון תשנה
02/06/1995,ד סיון תשנה
03/06/1995,ה סיון תשנה
04/06/1995,ו סיון תשנה
05/06/1995,ז סיון תשנה
06/06/1995,ח סיון תשנה
07/06/1995,ט סיון תשנה
08/06/1995,י סיון תשנה
09/06/1995,יא סיון תשנה
10/06/1995,יב סיון תשנה
11/06/1995,יג סיון תשנה
12/06/1995,יד סיון תשנה
13/06/1995,טו סיון תשנה
14/06/1995,טז סיון תשנה
15/06/1995,יז סיון תשנה
16/06/1995,יח סיון תשנה
17/06/1995,יט סיון תשנה
18/06/1995,כ סיון תשנה
19/06/1995,כא סיון תשנה
20/06/1995,כב סיון תשנה
21/06/1995,כג סיון תשנה
22/06/1995,כד סיון תשנה
23/06/1995,כה סיון תשנה
24/06/1995,כו סיון תשנה
25/06/1995,כז סיון תשנה
26/06/1995,כח סיון תשנה
27/06/1995,כט סיון תשנה
28/06/1995,ל סיון תשנה
29/06/1995,א תמוז תשנה
30/06/1995,ב תמוז תשנה
01/07/1995,ג תמוז תשנה
02/07/1995,ד תמוז תשנה
03/07/1995,ה תמוז תשנה
04/07/1995,ו תמוז תשנה
05/07/1995,ז תמוז תשנה
06/07/1995,ח תמוז תשנה
07/07/1995,ט תמוז תשנה
08/07/1995,י תמוז תשנה
09/07/1995,יא תמוז תשנה
10/07/1995,יב תמוז תשנה
11/07/1995,יג תמוז תשנה
12/07/1995,יד תמוז תשנה
13/07/1995,טו תמוז תשנה
14/07/1995,טז תמוז תשנה
15/07/1995,יז תמוז תשנה
16/07/1995,יח תמוז תשנה
17/07/1995,יט תמוז תשנה
18/07/1995,כ תמוז תשנה
19/07/1995,כא תמוז תשנה
20/07/1995,כב תמוז תשנה
21/07/1995,כג תמוז תשנה
22/07/1995,כד תמוז תשנה
23/07/1995,כה תמוז תשנה
24/07/1995,כו תמוז תשנה
25/07/1995,כז תמוז תשנה
26/07/1995,כח תמוז תשנה
27/07/1995,כט תמוז תשנה
28/07/1995,א אב תשנה
29/07/1995,ב אב תשנה
30/07/1995,ג אב תשנה
31/07/1995,ד אב תשנה
01/08/1995,ה אב תשנה
02/08/1995,ו אב תשנה
03/08/1995,ז אב תשנה
04/08/1995,ח אב תשנה
05/08/1995,ט אב תשנה
06/08/1995,י אב תשנה
07/08/1995,יא אב תשנה
08/08/1995,יב אב תשנה
09/08/1995,יג אב תשנה
10/08/1995,יד אב תשנה
11/08/1995,טו אב תשנה
12/08/1995,טז אב תשנה
13/08/1995,יז אב תשנה
14/08/1995,יח אב תשנה
15/08/1995,יט אב תשנה
16/08/1995,כ אב תשנה
17/08/1995,כא אב תשנה
18/08/1995,כב אב תשנה
19/08/1995,כג אב תשנה
20/08/1995,כד אב תשנה
21/08/1995,כה אב תשנה
22/08/1995,כו אב תשנה
23/08/1995,כז אב תשנה
24/08/1995,כח אב תשנה
25/08/1995,כט אב תשנה
26/08/1995,ל אב תשנה
27/08/1995,א אלול תשנה
28/08/1995,ב אלול תשנה
29/08/1995,ג אלול תשנה
30/08/1995,ד אלול תשנה
31/08/1995,ה אלול תשנה
01/09/1995,ו אלול תשנה
02/09/1995,ז אלול תשנה
03/09/1995,ח אלול תשנה
04/09/1995,ט אלול תשנה
05/09/1995,י אלול תשנה
06/09/1995,יא אלול תשנה
07/09/1995,יב אלול תשנה
08/09/1995,יג אלול תשנה
09/09/1995,יד אלול תשנה
10/09/1995,טו אלול תשנה
11/09/1995,טז אלול תשנה
12/09/1995,יז אלול תשנה
13/09/1995,יח אלול תשנה
14/09/1995,יט אלול תשנה
15/09/1995,כ אלול תשנה
16/09/1995,כא אלול תשנה
17/09/1995,כב אלול תשנה
18/09/1995,כג אלול תשנה
19/09/1995,כד אלול תשנה
20/09/1995,כה אלול תשנה
21/09/1995,כו אלול תשנה
22/09/1995,כז אלול תשנה
23/09/1995,כח אלול תשנה
24/09/1995,כט אלול תשנה
25/09/1995,א תשרי תשנו
26/09/1995,ב תשרי תשנו
27/09/1995,ג תשרי תשנו
28/09/1995,ד תשרי תשנו
29/09/1995,ה תשרי תשנו
30/09/1995,ו תשרי תשנו
01/10/1995,ז תשרי תשנו
02/10/1995,ח תשרי תשנו
03/10/1995,ט תשרי תשנו
04/10/1995,י תשרי תשנו
05/10/1995,יא תשרי תשנו
06/10/1995,יב תשרי תשנו
07/10/1995,יג תשרי תשנו
08/10/1995,יד תשרי תשנו
09/10/1995,טו תשרי תשנו
10/10/1995,טז תשרי תשנו
11/10/1995,יז תשרי תשנו
12/10/1995,יח תשרי תשנו
13/10/1995,יט תשרי תשנו
14/10/1995,כ תשרי תשנו
15/10/1995,כא תשרי תשנו
16/10/1995,כב תשרי תשנו
17/10/1995,כג תשרי תשנו
18/10/1995,כד תשרי תשנו
19/10/1995,כה תשרי תשנו
20/10/1995,כו תשרי תשנו
21/10/1995,כז תשרי תשנו
22/10/1995,כח תשרי תשנו
23/10/1995,כט תשרי תשנו
24/10/1995,ל תשרי תשנו
25/10/1995,א חשון תשנו
26/10/1995,ב חשון תשנו
27/10/1995,ג חשון תשנו
28/10/1995,ד חשון תשנו
29/10/1995,ה חשון תשנו
30/10/1995,ו חשון תשנו
31/10/1995,ז חשון תשנו
01/11/1995,ח חשון תשנו
02/11/1995,ט חשון תשנו
03/11/1995,י חשון תשנו
04/11/1995,יא חשון תשנו
05/11/1995,יב חשון תשנו
06/11/1995,יג חשון תשנו
07/11/1995,יד חשון תשנו
08/11/1995,טו חשון תשנו
09/11/1995,טז חשון תשנו
10/11/1995,יז חשון תשנו
11/11/1995,יח חשון תשנו
12/11/1995,יט חשון תשנו
13/11/1995,כ חשון תשנו
14/11/1995,כא חשון תשנו
15/11/1995,כב חשון תשנו
16/11/1995,כג חשון תשנו
17/11/1995,כד חשון תשנו
18/11/1995,כה חשון תשנו
19/11/1995,כו חשון תשנו
20/11/1995,כז חשון תשנו
21/11/1995,כח חשון תשנו
22/11/1995,כט חשון תשנו
23/11/1995,ל חשון תשנו
24/11/1995,א כסלו תשנו
25/11/1995,ב כסלו תשנו
26/11/1995,ג כסלו תשנו
27/11/1995,ד כסלו תשנו
28/11/1995,ה כסלו תשנו
29/11/1995,ו כסלו תשנו
30/11/1995,ז כסלו תשנו
01/12/1995,ח כסלו תשנו
02/12/1995,ט כסלו תשנו
03/12/1995,י כסלו תשנו
04/12/1995,יא כסלו תשנו
05/12/1995,יב כסלו תשנו
06/12/1995,יג כסלו תשנו
07/12/1995,יד כסלו תשנו
08/12/1995,טו כסלו תשנו
09/12/1995,טז כסלו תשנו
10/12/1995,יז כסלו תשנו
11/12/1995,יח כסלו תשנו
12/12/1995,יט כסלו תשנו
13/12/1995,כ כסלו תשנו
14/12/1995,כא כסלו תשנו
15/12/1995,כב כסלו תשנו
16/12/1995,כג כסלו תשנו
17/12/1995,כד כסלו תשנו
18/12/1995,כה כסלו תשנו
19/12/1995,כו כסלו תשנו
20/12/1995,כז כסלו תשנו
21/12/1995,כח כסלו תשנו
22/12/1995,כט כסלו תשנו
23/12/1995,ל כסלו תשנו
24/12/1995,א טבת תשנו
25/12/1995,ב טבת תשנו
26/12/1995,ג טבת תשנו
27/12/1995,ד טבת תשנו
28/12/1995,ה טבת תשנו
29/12/1995,ו טבת תשנו
30/12/1995,ז טבת תשנו
31/12/1995,ח טבת תשנו
01/01/1996,ט טבת תשנו
02/01/1996,י טבת תשנו
03/01/1996,יא טבת תשנו
04/01/1996,יב טבת תשנו
05/01/1996,יג טבת תשנו
06/01/1996,יד טבת תשנו
07/01/1996,טו טבת תשנו
08/01/1996,טז טבת תשנו
09/01/1996,יז טבת תשנו
10/01/1996,יח טבת תשנו
11/01/1996,יט טבת תשנו
12/01/1996,כ טבת תשנו
13/01/1996,כא טבת תשנו
14/01/1996,כב טבת תשנו
15/01/1996,כג טבת תשנו
16/01/1996,כד טבת תשנו
17/01/1996,כה טבת תשנו
18/01/1996,כו טבת תשנו
19/01/1996,כז טבת תשנו
20/01/1996,כח טבת תשנו
21/01/1996,כט טבת תשנו
22/01/1996,א שבט תשנו
23/01/1996,ב שבט תשנו
24/01/1996,ג שבט תשנו
25/01/1996,ד שבט תשנו
26/01/1996,ה שבט תשנו
27/01/1996,ו שבט תשנו
28/01/1996,ז שבט תשנו
29/01/1996,ח שבט תשנו
30/01/1996,ט שבט תשנו
31/01/1996,י שבט תשנו
01/02/1996,יא שבט תשנו
02/02/1996,יב שבט תשנו
03/02/1996,יג שבט תשנו
04/02/1996,יד שבט תשנו
05/02/1996,טו שבט תשנו
06/02/1996,טז שבט תשנו
07/02/1996,יז שבט תשנו
08/02/1996,יח שבט תשנו
09/02/1996,יט שבט תשנו
10/02/1996,כ שבט תשנו
11/02/1996,כא שבט תשנו
12/02/1996,כב שבט תשנו
13/02/1996,כג שבט תשנו
14/02/1996,כד שבט תשנו
15/02/1996,כה שבט תשנו
16/02/1996,כו שבט תשנו
17/02/1996,כז שבט תשנו
18/02/1996,כח שבט תשנו
19/02/1996,כט שבט תשנו
20/02/1996,ל שבט תשנו
21/02/1996,א אדר תשנו
22/02/1996,ב אדר תשנו
23/02/1996,ג אדר תשנו
24/02/1996,ד אדר תשנו
25/02/1996,ה אדר תשנו
26/02/1996,ו אדר תשנו
27/02/1996,ז אדר תשנו
28/02/1996,ח אדר תשנו
29/02/1996,ט אדר תשנו
01/03/1996,י אדר תשנו
02/03/1996,יא אדר תשנו
03/03/1996,יב אדר תשנו
04/03/1996,יג אדר תשנו
05/03/1996,יד אדר תשנו
06/03/1996,טו אדר תשנו
07/03/1996,טז אדר תשנו
08/03/1996,יז אדר תשנו
09/03/1996,יח אדר תשנו
10/03/1996,יט אדר תשנו
11/03/1996,כ אדר תשנו
12/03/1996,כא אדר תשנו
13/03/1996,כב אדר תשנו
14/03/1996,כג אדר תשנו
15/03/1996,כד אדר תשנו
16/03/1996,כה אדר תשנו
17/03/1996,כו אדר תשנו
18/03/1996,כז אדר תשנו
19/03/1996,כח אדר תשנו
20/03/1996,כט אדר תשנו
21/03/1996,א ניסן תשנו
22/03/1996,ב ניסן תשנו
23/03/1996,ג ניסן תשנו
24/03/1996,ד ניסן תשנו
25/03/1996,ה ניסן תשנו
26/03/1996,ו ניסן תשנו
27/03/1996,ז ניסן תשנו
28/03/1996,ח ניסן תשנו
29/03/1996,ט ניסן תשנו
30/03/1996,י ניסן תשנו
31/03/1996,יא ניסן תשנו
01/04/1996,יב ניסן תשנו
02/04/1996,יג ניסן תשנו
03/04/1996,יד ניסן תשנו
04/04/1996,טו ניסן תשנו
05/04/1996,טז ניסן תשנו
06/04/1996,יז ניסן תשנו
07/04/1996,יח ניסן תשנו
08/04/1996,יט ניסן תשנו
09/04/1996,כ ניסן תשנו
10/04/1996,כא ניסן תשנו
11/04/1996,כב ניסן תשנו
12/04/1996,כג ניסן תשנו
13/04/1996,כד ניסן תשנו
14/04/1996,כה ניסן תשנו
15/04/1996,כו ניסן תשנו
16/04/1996,כז ניסן תשנו
17/04/1996,כח ניסן תשנו
18/04/1996,כט ניסן תשנו
19/04/1996,ל ניסן תשנו
20/04/1996,א אייר תשנו
21/04/1996,ב אייר תשנו
22/04/1996,ג אייר תשנו
23/04/1996,ד אייר תשנו
24/04/1996,ה אייר תשנו
25/04/1996,ו אייר תשנו
26/04/1996,ז אייר תשנו
27/04/1996,ח אייר תשנו
28/04/1996,ט אייר תשנו
29/04/1996,י אייר תשנו
30/04/1996,יא אייר תשנו
01/05/1996,יב אייר תשנו
02/05/1996,יג אייר תשנו
03/05/1996,יד אייר תשנו
04/05/1996,טו אייר תשנו
05/05/1996,טז אייר תשנו
06/05/1996,יז אייר תשנו
07/05/1996,יח אייר תשנו
08/05/1996,יט אייר תשנו
09/05/1996,כ אייר תשנו
10/05/1996,כא אייר תשנו
11/05/1996,כב אייר תשנו
12/05/1996,כג אייר תשנו
13/05/1996,כד אייר תשנו
14/05/1996,כה אייר תשנו
15/05/1996,כו אייר תשנו
16/05/1996,כז אייר תשנו
17/05/1996,כח אייר תשנו
18/05/1996,כט אייר תשנו
19/05/1996,א סיון תשנו
20/05/1996,ב סיון תשנו
21/05/1996,ג סיון תשנו
22/05/1996,ד סיון תשנו
23/05/1996,ה סיון תשנו
24/05/1996,ו סיון תשנו
25/05/1996,ז סיון תשנו
26/05/1996,ח סיון תשנו
27/05/1996,ט סיון תשנו
28/05/1996,י סיון תשנו
29/05/1996,יא סיון תשנו
30/05/1996,יב סיון תשנו
31/05/1996,יג סיון תשנו
01/06/1996,יד סיון תשנו
02/06/1996,טו סיון תשנו
03/06/1996,טז סיון תשנו
04/06/1996,יז סיון תשנו
05/06/1996,יח סיון תשנו
06/06/1996,יט סיון תשנו
07/06/1996,כ סיון תשנו
08/06/1996,כא סיון תשנו
09/06/1996,כב סיון תשנו
10/06/1996,כג סיון תשנו
11/06/1996,כד סיון תשנו
12/06/1996,כה סיון תשנו
13/06/1996,כו סיון תשנו
14/06/1996,כז סיון תשנו
15/06/1996,כח סיון תשנו
16/06/1996,כט סיון תשנו
17/06/1996,ל סיון תשנו
18/06/1996,א תמוז תשנו
19/06/1996,ב תמוז תשנו
20/06/1996,ג תמוז תשנו
21/06/1996,ד תמוז תשנו
22/06/1996,ה תמוז תשנו
23/06/1996,ו תמוז תשנו
24/06/1996,ז תמוז תשנו
25/06/1996,ח תמוז תשנו
26/06/1996,ט תמוז תשנו
27/06/1996,י תמוז תשנו
28/06/1996,יא תמוז תשנו
29/06/1996,יב תמוז תשנו
30/06/1996,יג תמוז תשנו
01/07/1996,יד תמוז תשנו
02/07/1996,טו תמוז תשנו
03/07/1996,טז תמוז תשנו
04/07/1996,יז תמוז תשנו
05/07/1996,יח תמוז תשנו
06/07/1996,יט תמוז תשנו
07/07/1996,כ תמוז תשנו
08/07/1996,כא תמוז תשנו
09/07/1996,כב תמוז תשנו
10/07/1996,כג תמוז תשנו
11/07/1996,כד תמוז תשנו
12/07/1996,כה תמוז תשנו
13/07/1996,כו תמוז תשנו
14/07/1996,כז תמוז תשנו
15/07/1996,כח תמוז תשנו
16/07/1996,כט תמוז תשנו
17/07/1996,א אב תשנו
18/07/1996,ב אב תשנו
19/07/1996,ג אב תשנו
20/07/1996,ד אב תשנו
21/07/1996,ה אב תשנו
22/07/1996,ו אב תשנו
23/07/1996,ז אב תשנו
24/07/1996,ח אב תשנו
25/07/1996,ט אב תשנו
26/07/1996,י אב תשנו
27/07/1996,יא אב תשנו
28/07/1996,יב אב תשנו
29/07/1996,יג אב תשנו
30/07/1996,יד אב תשנו
31/07/1996,טו אב תשנו
01/08/1996,טז אב תשנו
02/08/1996,יז אב תשנו
03/08/1996,יח אב תשנו
04/08/1996,יט אב תשנו
05/08/1996,כ אב תשנו
06/08/1996,כא אב תשנו
07/08/1996,כב אב תשנו
08/08/1996,כג אב תשנו
09/08/1996,כד אב תשנו
10/08/1996,כה אב תשנו
11/08/1996,כו אב תשנו
12/08/1996,כז אב תשנו
13/08/1996,כח אב תשנו
14/08/1996,כט אב תשנו
15/08/1996,ל אב תשנו
16/08/1996,א אלול תשנו
17/08/1996,ב אלול תשנו
18/08/1996,ג אלול תשנו
19/08/1996,ד אלול תשנו
20/08/1996,ה אלול תשנו
21/08/1996,ו אלול תשנו
22/08/1996,ז אלול תשנו
23/08/1996,ח אלול תשנו
24/08/1996,ט אלול תשנו
25/08/1996,י אלול תשנו
26/08/1996,יא אלול תשנו
27/08/1996,יב אלול תשנו
28/08/1996,יג אלול תשנו
29/08/1996,יד אלול תשנו
30/08/1996,טו אלול תשנו
31/08/1996,טז אלול תשנו
01/09/1996,יז אלול תשנו
02/09/1996,יח אלול תשנו
03/09/1996,יט אלול תשנו
04/09/1996,כ אלול תשנו
05/09/1996,כא אלול תשנו
06/09/1996,כב אלול תשנו
07/09/1996,כג אלול תשנו
08/09/1996,כד אלול תשנו
09/09/1996,כה אלול תשנו
10/09/1996,כו אלול תשנו
11/09/1996,כז אלול תשנו
12/09/1996,כח אלול תשנו
13/09/1996,כט אלול תשנו
14/09/1996,א תשרי תשנז
15/09/1996,ב תשרי תשנז
16/09/1996,ג תשרי תשנז
17/09/1996,ד תשרי תשנז
18/09/1996,ה תשרי תשנז
19/09/1996,ו תשרי תשנז
20/09/1996,ז תשרי תשנז
21/09/1996,ח תשרי תשנז
22/09/1996,ט תשרי תשנז
23/09/1996,י תשרי תשנז
24/09/1996,יא תשרי תשנז
25/09/1996,יב תשרי תשנז
26/09/1996,יג תשרי תשנז
27/09/1996,יד תשרי תשנז
28/09/1996,טו תשרי תשנז
29/09/1996,טז תשרי תשנז
30/09/1996,יז תשרי תשנז
01/10/1996,יח תשרי תשנז
02/10/1996,יט תשרי תשנז
03/10/1996,כ תשרי תשנז
04/10/1996,כא תשרי תשנז
05/10/1996,כב תשרי תשנז
06/10/1996,כג תשרי תשנז
07/10/1996,כד תשרי תשנז
08/10/1996,כה תשרי תשנז
09/10/1996,כו תשרי תשנז
10/10/1996,כז תשרי תשנז
11/10/1996,כח תשרי תשנז
12/10/1996,כט תשרי תשנז
13/10/1996,ל תשרי תשנז
14/10/1996,א חשון תשנז
15/10/1996,ב חשון תשנז
16/10/1996,ג חשון תשנז
17/10/1996,ד חשון תשנז
18/10/1996,ה חשון תשנז
19/10/1996,ו חשון תשנז
20/10/1996,ז חשון תשנז
21/10/1996,ח חשון תשנז
22/10/1996,ט חשון תשנז
23/10/1996,י חשון תשנז
24/10/1996,יא חשון תשנז
25/10/1996,יב חשון תשנז
26/10/1996,יג חשון תשנז
27/10/1996,יד חשון תשנז
28/10/1996,טו חשון תשנז
29/10/1996,טז חשון תשנז
30/10/1996,יז חשון תשנז
31/10/1996,יח חשון תשנז
01/11/1996,יט חשון תשנז
02/11/1996,כ חשון תשנז
03/11/1996,כא חשון תשנז
04/11/1996,כב חשון תשנז
05/11/1996,כג חשון תשנז
06/11/1996,כד חשון תשנז
07/11/1996,כה חשון תשנז
08/11/1996,כו חשון תשנז
09/11/1996,כז חשון תשנז
10/11/1996,כח חשון תשנז
11/11/1996,כט חשון תשנז
12/11/1996,א כסלו תשנז
13/11/1996,ב כסלו תשנז
14/11/1996,ג כסלו תשנז
15/11/1996,ד כסלו תשנז
16/11/1996,ה כסלו תשנז
17/11/1996,ו כסלו תשנז
18/11/1996,ז כסלו תשנז
19/11/1996,ח כסלו תשנז
20/11/1996,ט כסלו תשנז
21/11/1996,י כסלו תשנז
22/11/1996,יא כסלו תשנז
23/11/1996,יב כסלו תשנז
24/11/1996,יג כסלו תשנז
25/11/1996,יד כסלו תשנז
26/11/1996,טו כסלו תשנז
27/11/1996,טז כסלו תשנז
28/11/1996,יז כסלו תשנז
29/11/1996,יח כסלו תשנז
30/11/1996,יט כסלו תשנז
01/12/1996,כ כסלו תשנז
02/12/1996,כא כסלו תשנז
03/12/1996,כב כסלו תשנז
04/12/1996,כג כסלו תשנז
05/12/1996,כד כסלו תשנז
06/12/1996,כה כסלו תשנז
07/12/1996,כו כסלו תשנז
08/12/1996,כז כסלו תשנז
09/12/1996,כח כסלו תשנז
10/12/1996,כט כסלו תשנז
11/12/1996,א טבת תשנז
12/12/1996,ב טבת תשנז
13/12/1996,ג טבת תשנז
14/12/1996,ד טבת תשנז
15/12/1996,ה טבת תשנז
16/12/1996,ו טבת תשנז
17/12/1996,ז טבת תשנז
18/12/1996,ח טבת תשנז
19/12/1996,ט טבת תשנז
20/12/1996,י טבת תשנז
21/12/1996,יא טבת תשנז
22/12/1996,יב טבת תשנז
23/12/1996,יג טבת תשנז
24/12/1996,יד טבת תשנז
25/12/1996,טו טבת תשנז
26/12/1996,טז טבת תשנז
27/12/1996,יז טבת תשנז
28/12/1996,יח טבת תשנז
29/12/1996,יט טבת תשנז
30/12/1996,כ טבת תשנז
31/12/1996,כא טבת תשנז
01/01/1997,כב טבת תשנז
02/01/1997,כג טבת תשנז
03/01/1997,כד טבת תשנז
04/01/1997,כה טבת תשנז
05/01/1997,כו טבת תשנז
06/01/1997,כז טבת תשנז
07/01/1997,כח טבת תשנז
08/01/1997,כט טבת תשנז
09/01/1997,א שבט תשנז
10/01/1997,ב שבט תשנז
11/01/1997,ג שבט תשנז
12/01/1997,ד שבט תשנז
13/01/1997,ה שבט תשנז
14/01/1997,ו שבט תשנז
15/01/1997,ז שבט תשנז
16/01/1997,ח שבט תשנז
17/01/1997,ט שבט תשנז
18/01/1997,י שבט תשנז
19/01/1997,יא שבט תשנז
20/01/1997,יב שבט תשנז
21/01/1997,יג שבט תשנז
22/01/1997,יד שבט תשנז
23/01/1997,טו שבט תשנז
24/01/1997,טז שבט תשנז
25/01/1997,יז שבט תשנז
26/01/1997,יח שבט תשנז
27/01/1997,יט שבט תשנז
28/01/1997,כ שבט תשנז
29/01/1997,כא שבט תשנז
30/01/1997,כב שבט תשנז
31/01/1997,כג שבט תשנז
01/02/1997,כד שבט תשנז
02/02/1997,כה שבט תשנז
03/02/1997,כו שבט תשנז
04/02/1997,כז שבט תשנז
05/02/1997,כח שבט תשנז
06/02/1997,כט שבט תשנז
07/02/1997,ל שבט תשנז
08/02/1997,א אדר-א תשנז
09/02/1997,ב אדר-א תשנז
10/02/1997,ג אדר-א תשנז
11/02/1997,ד אדר-א תשנז
12/02/1997,ה אדר-א תשנז
13/02/1997,ו אדר-א תשנז
14/02/1997,ז אדר-א תשנז
15/02/1997,ח אדר-א תשנז
16/02/1997,ט אדר-א תשנז
17/02/1997,י אדר-א תשנז
18/02/1997,יא אדר-א תשנז
19/02/1997,יב אדר-א תשנז
20/02/1997,יג אדר-א תשנז
21/02/1997,יד אדר-א תשנז
22/02/1997,טו אדר-א תשנז
23/02/1997,טז אדר-א תשנז
24/02/1997,יז אדר-א תשנז
25/02/1997,יח אדר-א תשנז
26/02/1997,יט אדר-א תשנז
27/02/1997,כ אדר-א תשנז
28/02/1997,כא אדר-א תשנז
01/03/1997,כב אדר-א תשנז
02/03/1997,כג אדר-א תשנז
03/03/1997,כד אדר-א תשנז
04/03/1997,כה אדר-א תשנז
05/03/1997,כו אדר-א תשנז
06/03/1997,כז אדר-א תשנז
07/03/1997,כח אדר-א תשנז
08/03/1997,כט אדר-א תשנז
09/03/1997,ל אדר-א תשנז
10/03/1997,א אדר-ב תשנז
11/03/1997,ב אדר-ב תשנז
12/03/1997,ג אדר-ב תשנז
13/03/1997,ד אדר-ב תשנז
14/03/1997,ה אדר-ב תשנז
15/03/1997,ו אדר-ב תשנז
16/03/1997,ז אדר-ב תשנז
17/03/1997,ח אדר-ב תשנז
18/03/1997,ט אדר-ב תשנז
19/03/1997,י אדר-ב תשנז
20/03/1997,יא אדר-ב תשנז
21/03/1997,יב אדר-ב תשנז
22/03/1997,יג אדר-ב תשנז
23/03/1997,יד אדר-ב תשנז
24/03/1997,טו אדר-ב תשנז
25/03/1997,טז אדר-ב תשנז
26/03/1997,יז אדר-ב תשנז
27/03/1997,יח אדר-ב תשנז
28/03/1997,יט אדר-ב תשנז
29/03/1997,כ אדר-ב תשנז
30/03/1997,כא אדר-ב תשנז
31/03/1997,כב אדר-ב תשנז
01/04/1997,כג אדר-ב תשנז
02/04/1997,כד אדר-ב תשנז
03/04/1997,כה אדר-ב תשנז
04/04/1997,כו אדר-ב תשנז
05/04/1997,כז אדר-ב תשנז
06/04/1997,כח אדר-ב תשנז
07/04/1997,כט אדר-ב תשנז
08/04/1997,א ניסן תשנז
09/04/1997,ב ניסן תשנז
10/04/1997,ג ניסן תשנז
11/04/1997,ד ניסן תשנז
12/04/1997,ה ניסן תשנז
13/04/1997,ו ניסן תשנז
14/04/1997,ז ניסן תשנז
15/04/1997,ח ניסן תשנז
16/04/1997,ט ניסן תשנז
17/04/1997,י ניסן תשנז
18/04/1997,יא ניסן תשנז
19/04/1997,יב ניסן תשנז
20/04/1997,יג ניסן תשנז
21/04/1997,יד ניסן תשנז
22/04/1997,טו ניסן תשנז
23/04/1997,טז ניסן תשנז
24/04/1997,יז ניסן תשנז
25/04/1997,יח ניסן תשנז
26/04/1997,יט ניסן תשנז
27/04/1997,כ ניסן תשנז
28/04/1997,כא ניסן תשנז
29/04/1997,כב ניסן תשנז
30/04/1997,כג ניסן תשנז
01/05/1997,כד ניסן תשנז
02/05/1997,כה ניסן תשנז
03/05/1997,כו ניסן תשנז
04/05/1997,כז ניסן תשנז
05/05/1997,כח ניסן תשנז
06/05/1997,כט ניסן תשנז
07/05/1997,ל ניסן תשנז
08/05/1997,א אייר תשנז
09/05/1997,ב אייר תשנז
10/05/1997,ג אייר תשנז
11/05/1997,ד אייר תשנז
12/05/1997,ה אייר תשנז
13/05/1997,ו אייר תשנז
14/05/1997,ז אייר תשנז
15/05/1997,ח אייר תשנז
16/05/1997,ט אייר תשנז
17/05/1997,י אייר תשנז
18/05/1997,יא אייר תשנז
19/05/1997,יב אייר תשנז
20/05/1997,יג אייר תשנז
21/05/1997,יד אייר תשנז
22/05/1997,טו אייר תשנז
23/05/1997,טז אייר תשנז
24/05/1997,יז אייר תשנז
25/05/1997,יח אייר תשנז
26/05/1997,יט אייר תשנז
27/05/1997,כ אייר תשנז
28/05/1997,כא אייר תשנז
29/05/1997,כב אייר תשנז
30/05/1997,כג אייר תשנז
31/05/1997,כד אייר תשנז
01/06/1997,כה אייר תשנז
02/06/1997,כו אייר תשנז
03/06/1997,כז אייר תשנז
04/06/1997,כח אייר תשנז
05/06/1997,כט אייר תשנז
06/06/1997,א סיון תשנז
07/06/1997,ב סיון תשנז
08/06/1997,ג סיון תשנז
09/06/1997,ד סיון תשנז
10/06/1997,ה סיון תשנז
11/06/1997,ו סיון תשנז
12/06/1997,ז סיון תשנז
13/06/1997,ח סיון תשנז
14/06/1997,ט סיון תשנז
15/06/1997,י סיון תשנז
16/06/1997,יא סיון תשנז
17/06/1997,יב סיון תשנז
18/06/1997,יג סיון תשנז
19/06/1997,יד סיון תשנז
20/06/1997,טו סיון תשנז
21/06/1997,טז סיון תשנז
22/06/1997,יז סיון תשנז
23/06/1997,יח סיון תשנז
24/06/1997,יט סיון תשנז
25/06/1997,כ סיון תשנז
26/06/1997,כא סיון תשנז
27/06/1997,כב סיון תשנז
28/06/1997,כג סיון תשנז
29/06/1997,כד סיון תשנז
30/06/1997,כה סיון תשנז
01/07/1997,כו סיון תשנז
02/07/1997,כז סיון תשנז
03/07/1997,כח סיון תשנז
04/07/1997,כט סיון תשנז
05/07/1997,ל סיון תשנז
06/07/1997,א תמוז תשנז
07/07/1997,ב תמוז תשנז
08/07/1997,ג תמוז תשנז
09/07/1997,ד תמוז תשנז
10/07/1997,ה תמוז תשנז
11/07/1997,ו תמוז תשנז
12/07/1997,ז תמוז תשנז
13/07/1997,ח תמוז תשנז
14/07/1997,ט תמוז תשנז
15/07/1997,י תמוז תשנז
16/07/1997,יא תמוז תשנז
17/07/1997,יב תמוז תשנז
18/07/1997,יג תמוז תשנז
19/07/1997,יד תמוז תשנז
20/07/1997,טו תמוז תשנז
21/07/1997,טז תמוז תשנז
22/07/1997,יז תמוז תשנז
23/07/1997,יח תמוז תשנז
24/07/1997,יט תמוז תשנז
25/07/1997,כ תמוז תשנז
26/07/1997,כא תמוז תשנז
27/07/1997,כב תמוז תשנז
28/07/1997,כג תמוז תשנז
29/07/1997,כד תמוז תשנז
30/07/1997,כה תמוז תשנז
31/07/1997,כו תמוז תשנז
01/08/1997,כז תמוז תשנז
02/08/1997,כח תמוז תשנז
03/08/1997,כט תמוז תשנז
04/08/1997,א אב תשנז
05/08/1997,ב אב תשנז
06/08/1997,ג אב תשנז
07/08/1997,ד אב תשנז
08/08/1997,ה אב תשנז
09/08/1997,ו אב תשנז
10/08/1997,ז אב תשנז
11/08/1997,ח אב תשנז
12/08/1997,ט אב תשנז
13/08/1997,י אב תשנז
14/08/1997,יא אב תשנז
15/08/1997,יב אב תשנז
16/08/1997,יג אב תשנז
17/08/1997,יד אב תשנז
18/08/1997,טו אב תשנז
19/08/1997,טז אב תשנז
20/08/1997,יז אב תשנז
21/08/1997,יח אב תשנז
22/08/1997,יט אב תשנז
23/08/1997,כ אב תשנז
24/08/1997,כא אב תשנז
25/08/1997,כב אב תשנז
26/08/1997,כג אב תשנז
27/08/1997,כד אב תשנז
28/08/1997,כה אב תשנז
29/08/1997,כו אב תשנז
30/08/1997,כז אב תשנז
31/08/1997,כח אב תשנז
01/09/1997,כט אב תשנז
02/09/1997,ל אב תשנז
03/09/1997,א אלול תשנז
04/09/1997,ב אלול תשנז
05/09/1997,ג אלול תשנז
06/09/1997,ד אלול תשנז
07/09/1997,ה אלול תשנז
08/09/1997,ו אלול תשנז
09/09/1997,ז אלול תשנז
10/09/1997,ח אלול תשנז
11/09/1997,ט אלול תשנז
12/09/1997,י אלול תשנז
13/09/1997,יא אלול תשנז
14/09/1997,יב אלול תשנז
15/09/1997,יג אלול תשנז
16/09/1997,יד אלול תשנז
17/09/1997,טו אלול תשנז
18/09/1997,טז אלול תשנז
19/09/1997,יז אלול תשנז
20/09/1997,יח אלול תשנז
21/09/1997,יט אלול תשנז
22/09/1997,כ אלול תשנז
23/09/1997,כא אלול תשנז
24/09/1997,כב אלול תשנז
25/09/1997,כג אלול תשנז
26/09/1997,כד אלול תשנז
27/09/1997,כה אלול תשנז
28/09/1997,כו אלול תשנז
29/09/1997,כז אלול תשנז
30/09/1997,כח אלול תשנז
01/10/1997,כט אלול תשנז
02/10/1997,א תשרי תשנח
03/10/1997,ב תשרי תשנח
04/10/1997,ג תשרי תשנח
05/10/1997,ד תשרי תשנח
06/10/1997,ה תשרי תשנח
07/10/1997,ו תשרי תשנח
08/10/1997,ז תשרי תשנח
09/10/1997,ח תשרי תשנח
10/10/1997,ט תשרי תשנח
11/10/1997,י תשרי תשנח
12/10/1997,יא תשרי תשנח
13/10/1997,יב תשרי תשנח
14/10/1997,יג תשרי תשנח
15/10/1997,יד תשרי תשנח
16/10/1997,טו תשרי תשנח
17/10/1997,טז תשרי תשנח
18/10/1997,יז תשרי תשנח
19/10/1997,יח תשרי תשנח
20/10/1997,יט תשרי תשנח
21/10/1997,כ תשרי תשנח
22/10/1997,כא תשרי תשנח
23/10/1997,כב תשרי תשנח
24/10/1997,כג תשרי תשנח
25/10/1997,כד תשרי תשנח
26/10/1997,כה תשרי תשנח
27/10/1997,כו תשרי תשנח
28/10/1997,כז תשרי תשנח
29/10/1997,כח תשרי תשנח
30/10/1997,כט תשרי תשנח
31/10/1997,ל תשרי תשנח
01/11/1997,א חשון תשנח
02/11/1997,ב חשון תשנח
03/11/1997,ג חשון תשנח
04/11/1997,ד חשון תשנח
05/11/1997,ה חשון תשנח
06/11/1997,ו חשון תשנח
07/11/1997,ז חשון תשנח
08/11/1997,ח חשון תשנח
09/11/1997,ט חשון תשנח
10/11/1997,י חשון תשנח
11/11/1997,יא חשון תשנח
12/11/1997,יב חשון תשנח
13/11/1997,יג חשון תשנח
14/11/1997,יד חשון תשנח
15/11/1997,טו חשון תשנח
16/11/1997,טז חשון תשנח
17/11/1997,יז חשון תשנח
18/11/1997,יח חשון תשנח
19/11/1997,יט חשון תשנח
20/11/1997,כ חשון תשנח
21/11/1997,כא חשון תשנח
22/11/1997,כב חשון תשנח
23/11/1997,כג חשון תשנח
24/11/1997,כד חשון תשנח
25/11/1997,כה חשון תשנח
26/11/1997,כו חשון תשנח
27/11/1997,כז חשון תשנח
28/11/1997,כח חשון תשנח
29/11/1997,כט חשון תשנח
30/11/1997,א כסלו תשנח
01/12/1997,ב כסלו תשנח
02/12/1997,ג כסלו תשנח
03/12/1997,ד כסלו תשנח
04/12/1997,ה כסלו תשנח
05/12/1997,ו כסלו תשנח
06/12/1997,ז כסלו תשנח
07/12/1997,ח כסלו תשנח
08/12/1997,ט כסלו תשנח
09/12/1997,י כסלו תשנח
10/12/1997,יא כסלו תשנח
11/12/1997,יב כסלו תשנח
12/12/1997,יג כסלו תשנח
13/12/1997,יד כסלו תשנח
14/12/1997,טו כסלו תשנח
15/12/1997,טז כסלו תשנח
16/12/1997,יז כסלו תשנח
17/12/1997,יח כסלו תשנח
18/12/1997,יט כסלו תשנח
19/12/1997,כ כסלו תשנח
20/12/1997,כא כסלו תשנח
21/12/1997,כב כסלו תשנח
22/12/1997,כג כסלו תשנח
23/12/1997,כד כסלו תשנח
24/12/1997,כה כסלו תשנח
25/12/1997,כו כסלו תשנח
26/12/1997,כז כסלו תשנח
27/12/1997,כח כסלו תשנח
28/12/1997,כט כסלו תשנח
29/12/1997,ל כסלו תשנח
30/12/1997,א טבת תשנח
31/12/1997,ב טבת תשנח
01/01/1998,ג טבת תשנח
02/01/1998,ד טבת תשנח
03/01/1998,ה טבת תשנח
04/01/1998,ו טבת תשנח
05/01/1998,ז טבת תשנח
06/01/1998,ח טבת תשנח
07/01/1998,ט טבת תשנח
08/01/1998,י טבת תשנח
09/01/1998,יא טבת תשנח
10/01/1998,יב טבת תשנח
11/01/1998,יג טבת תשנח
12/01/1998,יד טבת תשנח
13/01/1998,טו טבת תשנח
14/01/1998,טז טבת תשנח
15/01/1998,יז טבת תשנח
16/01/1998,יח טבת תשנח
17/01/1998,יט טבת תשנח
18/01/1998,כ טבת תשנח
19/01/1998,כא טבת תשנח
20/01/1998,כב טבת תשנח
21/01/1998,כג טבת תשנח
22/01/1998,כד טבת תשנח
23/01/1998,כה טבת תשנח
24/01/1998,כו טבת תשנח
25/01/1998,כז טבת תשנח
26/01/1998,כח טבת תשנח
27/01/1998,כט טבת תשנח
28/01/1998,א שבט תשנח
29/01/1998,ב שבט תשנח
30/01/1998,ג שבט תשנח
31/01/1998,ד שבט תשנח
01/02/1998,ה שבט תשנח
02/02/1998,ו שבט תשנח
03/02/1998,ז שבט תשנח
04/02/1998,ח שבט תשנח
05/02/1998,ט שבט תשנח
06/02/1998,י שבט תשנח
07/02/1998,יא שבט תשנח
08/02/1998,יב שבט תשנח
09/02/1998,יג שבט תשנח
10/02/1998,יד שבט תשנח
11/02/1998,טו שבט תשנח
12/02/1998,טז שבט תשנח
13/02/1998,יז שבט תשנח
14/02/1998,יח שבט תשנח
15/02/1998,יט שבט תשנח
16/02/1998,כ שבט תשנח
17/02/1998,כא שבט תשנח
18/02/1998,כב שבט תשנח
19/02/1998,כג שבט תשנח
20/02/1998,כד שבט תשנח
21/02/1998,כה שבט תשנח
22/02/1998,כו שבט תשנח
23/02/1998,כז שבט תשנח
24/02/1998,כח שבט תשנח
25/02/1998,כט שבט תשנח
26/02/1998,ל שבט תשנח
27/02/1998,א אדר תשנח
28/02/1998,ב אדר תשנח
01/03/1998,ג אדר תשנח
02/03/1998,ד אדר תשנח
03/03/1998,ה אדר תשנח
04/03/1998,ו אדר תשנח
05/03/1998,ז אדר תשנח
06/03/1998,ח אדר תשנח
07/03/1998,ט אדר תשנח
08/03/1998,י אדר תשנח
09/03/1998,יא אדר תשנח
10/03/1998,יב אדר תשנח
11/03/1998,יג אדר תשנח
12/03/1998,יד אדר תשנח
13/03/1998,טו אדר תשנח
14/03/1998,טז אדר תשנח
15/03/1998,יז אדר תשנח
16/03/1998,יח אדר תשנח
17/03/1998,יט אדר תשנח
18/03/1998,כ אדר תשנח
19/03/1998,כא אדר תשנח
20/03/1998,כב אדר תשנח
21/03/1998,כג אדר תשנח
22/03/1998,כד אדר תשנח
23/03/1998,כה אדר תשנח
24/03/1998,כו אדר תשנח
25/03/1998,כז אדר תשנח
26/03/1998,כח אדר תשנח
27/03/1998,כט אדר תשנח
28/03/1998,א ניסן תשנח
29/03/1998,ב ניסן תשנח
30/03/1998,ג ניסן תשנח
31/03/1998,ד ניסן תשנח
01/04/1998,ה ניסן תשנח
02/04/1998,ו ניסן תשנח
03/04/1998,ז ניסן תשנח
04/04/1998,ח ניסן תשנח
05/04/1998,ט ניסן תשנח
06/04/1998,י ניסן תשנח
07/04/1998,יא ניסן תשנח
08/04/1998,יב ניסן תשנח
09/04/1998,יג ניסן תשנח
10/04/1998,יד ניסן תשנח
11/04/1998,טו ניסן תשנח
12/04/1998,טז ניסן תשנח
13/04/1998,יז ניסן תשנח
14/04/1998,יח ניסן תשנח
15/04/1998,יט ניסן תשנח
16/04/1998,כ ניסן תשנח
17/04/1998,כא ניסן תשנח
18/04/1998,כב ניסן תשנח
19/04/1998,כג ניסן תשנח
20/04/1998,כד ניסן תשנח
21/04/1998,כה ניסן תשנח
22/04/1998,כו ניסן תשנח
23/04/1998,כז ניסן תשנח
24/04/1998,כח ניסן תשנח
25/04/1998,כט ניסן תשנח
26/04/1998,ל ניסן תשנח
27/04/1998,א אייר תשנח
28/04/1998,ב אייר תשנח
29/04/1998,ג אייר תשנח
30/04/1998,ד אייר תשנח
01/05/1998,ה אייר תשנח
02/05/1998,ו אייר תשנח
03/05/1998,ז אייר תשנח
04/05/1998,ח אייר תשנח
05/05/1998,ט אייר תשנח
06/05/1998,י אייר תשנח
07/05/1998,יא אייר תשנח
08/05/1998,יב אייר תשנח
09/05/1998,יג אייר תשנח
10/05/1998,יד אייר תשנח
11/05/1998,טו אייר תשנח
12/05/1998,טז אייר תשנח
13/05/1998,יז אייר תשנח
14/05/1998,יח אייר תשנח
15/05/1998,יט אייר תשנח
16/05/1998,כ אייר תשנח
17/05/1998,כא אייר תשנח
18/05/1998,כב אייר תשנח
19/05/1998,כג אייר תשנח
20/05/1998,כד אייר תשנח
21/05/1998,כה אייר תשנח
22/05/1998,כו אייר תשנח
23/05/1998,כז אייר תשנח
24/05/1998,כח אייר תשנח
25/05/1998,כט אייר תשנח
26/05/1998,א סיון תשנח
27/05/1998,ב סיון תשנח
28/05/1998,ג סיון תשנח
29/05/1998,ד סיון תשנח
30/05/1998,ה סיון תשנח
31/05/1998,ו סיון תשנח
01/06/1998,ז סיון תשנח
02/06/1998,ח סיון תשנח
03/06/1998,ט סיון תשנח
04/06/1998,י סיון תשנח
05/06/1998,יא סיון תשנח
06/06/1998,יב סיון תשנח
07/06/1998,יג סיון תשנח
08/06/1998,יד סיון תשנח
09/06/1998,טו סיון תשנח
10/06/1998,טז סיון תשנח
11/06/1998,יז סיון תשנח
12/06/1998,יח סיון תשנח
13/06/1998,יט סיון תשנח
14/06/1998,כ סיון תשנח
15/06/1998,כא סיון תשנח
16/06/1998,כב סיון תשנח
17/06/1998,כג סיון תשנח
18/06/1998,כד סיון תשנח
19/06/1998,כה סיון תשנח
20/06/1998,כו סיון תשנח
21/06/1998,כז סיון תשנח
22/06/1998,כח סיון תשנח
23/06/1998,כט סיון תשנח
24/06/1998,ל סיון תשנח
25/06/1998,א תמוז תשנח
26/06/1998,ב תמוז תשנח
27/06/1998,ג תמוז תשנח
28/06/1998,ד תמוז תשנח
29/06/1998,ה תמוז תשנח
30/06/1998,ו תמוז תשנח
01/07/1998,ז תמוז תשנח
02/07/1998,ח תמוז תשנח
03/07/1998,ט תמוז תשנח
04/07/1998,י תמוז תשנח
05/07/1998,יא תמוז תשנח
06/07/1998,יב תמוז תשנח
07/07/1998,יג תמוז תשנח
08/07/1998,יד תמוז תשנח
09/07/1998,טו תמוז תשנח
10/07/1998,טז תמוז תשנח
11/07/1998,יז תמוז תשנח
12/07/1998,יח תמוז תשנח
13/07/1998,יט תמוז תשנח
14/07/1998,כ תמוז תשנח
15/07/1998,כא תמוז תשנח
16/07/1998,כב תמוז תשנח
17/07/1998,כג תמוז תשנח
18/07/1998,כד תמוז תשנח
19/07/1998,כה תמוז תשנח
20/07/1998,כו תמוז תשנח
21/07/1998,כז תמוז תשנח
22/07/1998,כח תמוז תשנח
23/07/1998,כט תמוז תשנח
24/07/1998,א אב תשנח
25/07/1998,ב אב תשנח
26/07/1998,ג אב תשנח
27/07/1998,ד אב תשנח
28/07/1998,ה אב תשנח
29/07/1998,ו אב תשנח
30/07/1998,ז אב תשנח
31/07/1998,ח אב תשנח
01/08/1998,ט אב תשנח
02/08/1998,י אב תשנח
03/08/1998,יא אב תשנח
04/08/1998,יב אב תשנח
05/08/1998,יג אב תשנח
06/08/1998,יד אב תשנח
07/08/1998,טו אב תשנח
08/08/1998,טז אב תשנח
09/08/1998,יז אב תשנח
10/08/1998,יח אב תשנח
11/08/1998,יט אב תשנח
12/08/1998,כ אב תשנח
13/08/1998,כא אב תשנח
14/08/1998,כב אב תשנח
15/08/1998,כג אב תשנח
16/08/1998,כד אב תשנח
17/08/1998,כה אב תשנח
18/08/1998,כו אב תשנח
19/08/1998,כז אב תשנח
20/08/1998,כח אב תשנח
21/08/1998,כט אב תשנח
22/08/1998,ל אב תשנח
23/08/1998,א אלול תשנח
24/08/1998,ב אלול תשנח
25/08/1998,ג אלול תשנח
26/08/1998,ד אלול תשנח
27/08/1998,ה אלול תשנח
28/08/1998,ו אלול תשנח
29/08/1998,ז אלול תשנח
30/08/1998,ח אלול תשנח
31/08/1998,ט אלול תשנח
01/09/1998,י אלול תשנח
02/09/1998,יא אלול תשנח
03/09/1998,יב אלול תשנח
04/09/1998,יג אלול תשנח
05/09/1998,יד אלול תשנח
06/09/1998,טו אלול תשנח
07/09/1998,טז אלול תשנח
08/09/1998,יז אלול תשנח
09/09/1998,יח אלול תשנח
10/09/1998,יט אלול תשנח
11/09/1998,כ אלול תשנח
12/09/1998,כא אלול תשנח
13/09/1998,כב אלול תשנח
14/09/1998,כג אלול תשנח
15/09/1998,כד אלול תשנח
16/09/1998,כה אלול תשנח
17/09/1998,כו אלול תשנח
18/09/1998,כז אלול תשנח
19/09/1998,כח אלול תשנח
20/09/1998,כט אלול תשנח
21/09/1998,א תשרי תשנט
22/09/1998,ב תשרי תשנט
23/09/1998,ג תשרי תשנט
24/09/1998,ד תשרי תשנט
25/09/1998,ה תשרי תשנט
26/09/1998,ו תשרי תשנט
27/09/1998,ז תשרי תשנט
28/09/1998,ח תשרי תשנט
29/09/1998,ט תשרי תשנט
30/09/1998,י תשרי תשנט
01/10/1998,יא תשרי תשנט
02/10/1998,יב תשרי תשנט
03/10/1998,יג תשרי תשנט
04/10/1998,יד תשרי תשנט
05/10/1998,טו תשרי תשנט
06/10/1998,טז תשרי תשנט
07/10/1998,יז תשרי תשנט
08/10/1998,יח תשרי תשנט
09/10/1998,יט תשרי תשנט
10/10/1998,כ תשרי תשנט
11/10/1998,כא תשרי תשנט
12/10/1998,כב תשרי תשנט
13/10/1998,כג תשרי תשנט
14/10/1998,כד תשרי תשנט
15/10/1998,כה תשרי תשנט
16/10/1998,כו תשרי תשנט
17/10/1998,כז תשרי תשנט
18/10/1998,כח תשרי תשנט
19/10/1998,כט תשרי תשנט
20/10/1998,ל תשרי תשנט
21/10/1998,א חשון תשנט
22/10/1998,ב חשון תשנט
23/10/1998,ג חשון תשנט
24/10/1998,ד חשון תשנט
25/10/1998,ה חשון תשנט
26/10/1998,ו חשון תשנט
27/10/1998,ז חשון תשנט
28/10/1998,ח חשון תשנט
29/10/1998,ט חשון תשנט
30/10/1998,י חשון תשנט
31/10/1998,יא חשון תשנט
01/11/1998,יב חשון תשנט
02/11/1998,יג חשון תשנט
03/11/1998,יד חשון תשנט
04/11/1998,טו חשון תשנט
05/11/1998,טז חשון תשנט
06/11/1998,יז חשון תשנט
07/11/1998,יח חשון תשנט
08/11/1998,יט חשון תשנט
09/11/1998,כ חשון תשנט
10/11/1998,כא חשון תשנט
11/11/1998,כב חשון תשנט
12/11/1998,כג חשון תשנט
13/11/1998,כד חשון תשנט
14/11/1998,כה חשון תשנט
15/11/1998,כו חשון תשנט
16/11/1998,כז חשון תשנט
17/11/1998,כח חשון תשנט
18/11/1998,כט חשון תשנט
19/11/1998,ל חשון תשנט
20/11/1998,א כסלו תשנט
21/11/1998,ב כסלו תשנט
22/11/1998,ג כסלו תשנט
23/11/1998,ד כסלו תשנט
24/11/1998,ה כסלו תשנט
25/11/1998,ו כסלו תשנט
26/11/1998,ז כסלו תשנט
27/11/1998,ח כסלו תשנט
28/11/1998,ט כסלו תשנט
29/11/1998,י כסלו תשנט
30/11/1998,יא כסלו תשנט
01/12/1998,יב כסלו תשנט
02/12/1998,יג כסלו תשנט
03/12/1998,יד כסלו תשנט
04/12/1998,טו כסלו תשנט
05/12/1998,טז כסלו תשנט
06/12/1998,יז כסלו תשנט
07/12/1998,יח כסלו תשנט
08/12/1998,יט כסלו תשנט
09/12/1998,כ כסלו תשנט
10/12/1998,כא כסלו תשנט
11/12/1998,כב כסלו תשנט
12/12/1998,כג כסלו תשנט
13/12/1998,כד כסלו תשנט
14/12/1998,כה כסלו תשנט
15/12/1998,כו כסלו תשנט
16/12/1998,כז כסלו תשנט
17/12/1998,כח כסלו תשנט
18/12/1998,כט כסלו תשנט
19/12/1998,ל כסלו תשנט
20/12/1998,א טבת תשנט
21/12/1998,ב טבת תשנט
22/12/1998,ג טבת תשנט
23/12/1998,ד טבת תשנט
24/12/1998,ה טבת תשנט
25/12/1998,ו טבת תשנט
26/12/1998,ז טבת תשנט
27/12/1998,ח טבת תשנט
28/12/1998,ט טבת תשנט
29/12/1998,י טבת תשנט
30/12/1998,יא טבת תשנט
31/12/1998,יב טבת תשנט
01/01/1999,יג טבת תשנט
02/01/1999,יד טבת תשנט
03/01/1999,טו טבת תשנט
04/01/1999,טז טבת תשנט
05/01/1999,יז טבת תשנט
06/01/1999,יח טבת תשנט
07/01/1999,יט טבת תשנט
08/01/1999,כ טבת תשנט
09/01/1999,כא טבת תשנט
10/01/1999,כב טבת תשנט
11/01/1999,כג טבת תשנט
12/01/1999,כד טבת תשנט
13/01/1999,כה טבת תשנט
14/01/1999,כו טבת תשנט
15/01/1999,כז טבת תשנט
16/01/1999,כח טבת תשנט
17/01/1999,כט טבת תשנט
18/01/1999,א שבט תשנט
19/01/1999,ב שבט תשנט
20/01/1999,ג שבט תשנט
21/01/1999,ד שבט תשנט
22/01/1999,ה שבט תשנט
23/01/1999,ו שבט תשנט
24/01/1999,ז שבט תשנט
25/01/1999,ח שבט תשנט
26/01/1999,ט שבט תשנט
27/01/1999,י שבט תשנט
28/01/1999,יא שבט תשנט
29/01/1999,יב שבט תשנט
30/01/1999,יג שבט תשנט
31/01/1999,יד שבט תשנט
01/02/1999,טו שבט תשנט
02/02/1999,טז שבט תשנט
03/02/1999,יז שבט תשנט
04/02/1999,יח שבט תשנט
05/02/1999,יט שבט תשנט
06/02/1999,כ שבט תשנט
07/02/1999,כא שבט תשנט
08/02/1999,כב שבט תשנט
09/02/1999,כג שבט תשנט
10/02/1999,כד שבט תשנט
11/02/1999,כה שבט תשנט
12/02/1999,כו שבט תשנט
13/02/1999,כז שבט תשנט
14/02/1999,כח שבט תשנט
15/02/1999,כט שבט תשנט
16/02/1999,ל שבט תשנט
17/02/1999,א אדר תשנט
18/02/1999,ב אדר תשנט
19/02/1999,ג אדר תשנט
20/02/1999,ד אדר תשנט
21/02/1999,ה אדר תשנט
22/02/1999,ו אדר תשנט
23/02/1999,ז אדר תשנט
24/02/1999,ח אדר תשנט
25/02/1999,ט אדר תשנט
26/02/1999,י אדר תשנט
27/02/1999,יא אדר תשנט
28/02/1999,יב אדר תשנט
01/03/1999,יג אדר תשנט
02/03/1999,יד אדר תשנט
03/03/1999,טו אדר תשנט
04/03/1999,טז אדר תשנט
05/03/1999,יז אדר תשנט
06/03/1999,יח אדר תשנט
07/03/1999,יט אדר תשנט
08/03/1999,כ אדר תשנט
09/03/1999,כא אדר תשנט
10/03/1999,כב אדר תשנט
11/03/1999,כג אדר תשנט
12/03/1999,כד אדר תשנט
13/03/1999,כה אדר תשנט
14/03/1999,כו אדר תשנט
15/03/1999,כז אדר תשנט
16/03/1999,כח אדר תשנט
17/03/1999,כט אדר תשנט
18/03/1999,א ניסן תשנט
19/03/1999,ב ניסן תשנט
20/03/1999,ג ניסן תשנט
21/03/1999,ד ניסן תשנט
22/03/1999,ה ניסן תשנט
23/03/1999,ו ניסן תשנט
24/03/1999,ז ניסן תשנט
25/03/1999,ח ניסן תשנט
26/03/1999,ט ניסן תשנט
27/03/1999,י ניסן תשנט
28/03/1999,יא ניסן תשנט
29/03/1999,יב ניסן תשנט
30/03/1999,יג ניסן תשנט
31/03/1999,יד ניסן תשנט
01/04/1999,טו ניסן תשנט
02/04/1999,טז ניסן תשנט
03/04/1999,יז ניסן תשנט
04/04/1999,יח ניסן תשנט
05/04/1999,יט ניסן תשנט
06/04/1999,כ ניסן תשנט
07/04/1999,כא ניסן תשנט
08/04/1999,כב ניסן תשנט
09/04/1999,כג ניסן תשנט
10/04/1999,כד ניסן תשנט
11/04/1999,כה ניסן תשנט
12/04/1999,כו ניסן תשנט
13/04/1999,כז ניסן תשנט
14/04/1999,כח ניסן תשנט
15/04/1999,כט ניסן תשנט
16/04/1999,ל ניסן תשנט
17/04/1999,א אייר תשנט
18/04/1999,ב אייר תשנט
19/04/1999,ג אייר תשנט
20/04/1999,ד אייר תשנט
21/04/1999,ה אייר תשנט
22/04/1999,ו אייר תשנט
23/04/1999,ז אייר תשנט
24/04/1999,ח אייר תשנט
25/04/1999,ט אייר תשנט
26/04/1999,י אייר תשנט
27/04/1999,יא אייר תשנט
28/04/1999,יב אייר תשנט
29/04/1999,יג אייר תשנט
30/04/1999,יד אייר תשנט
01/05/1999,טו אייר תשנט
02/05/1999,טז אייר תשנט
03/05/1999,יז אייר תשנט
04/05/1999,יח אייר תשנט
05/05/1999,יט אייר תשנט
06/05/1999,כ אייר תשנט
07/05/1999,כא אייר תשנט
08/05/1999,כב אייר תשנט
09/05/1999,כג אייר תשנט
10/05/1999,כד אייר תשנט
11/05/1999,כה אייר תשנט
12/05/1999,כו אייר תשנט
13/05/1999,כז אייר תשנט
14/05/1999,כח אייר תשנט
15/05/1999,כט אייר תשנט
16/05/1999,א סיון תשנט
17/05/1999,ב סיון תשנט
18/05/1999,ג סיון תשנט
19/05/1999,ד סיון תשנט
20/05/1999,ה סיון תשנט
21/05/1999,ו סיון תשנט
22/05/1999,ז סיון תשנט
23/05/1999,ח סיון תשנט
24/05/1999,ט סיון תשנט
25/05/1999,י סיון תשנט
26/05/1999,יא סיון תשנט
27/05/1999,יב סיון תשנט
28/05/1999,יג סיון תשנט
29/05/1999,יד סיון תשנט
30/05/1999,טו סיון תשנט
31/05/1999,טז סיון תשנט
01/06/1999,יז סיון תשנט
02/06/1999,יח סיון תשנט
03/06/1999,יט סיון תשנט
04/06/1999,כ סיון תשנט
05/06/1999,כא סיון תשנט
06/06/1999,כב סיון תשנט
07/06/1999,כג סיון תשנט
08/06/1999,כד סיון תשנט
09/06/1999,כה סיון תשנט
10/06/1999,כו סיון תשנט
11/06/1999,כז סיון תשנט
12/06/1999,כח סיון תשנט
13/06/1999,כט סיון תשנט
14/06/1999,ל סיון תשנט
15/06/1999,א תמוז תשנט
16/06/1999,ב תמוז תשנט
17/06/1999,ג תמוז תשנט
18/06/1999,ד תמוז תשנט
19/06/1999,ה תמוז תשנט
20/06/1999,ו תמוז תשנט
21/06/1999,ז תמוז תשנט
22/06/1999,ח תמוז תשנט
23/06/1999,ט תמוז תשנט
24/06/1999,י תמוז תשנט
25/06/1999,יא תמוז תשנט
26/06/1999,יב תמוז תשנט
27/06/1999,יג תמוז תשנט
28/06/1999,יד תמוז תשנט
29/06/1999,טו תמוז תשנט
30/06/1999,טז תמוז תשנט
01/07/1999,יז תמוז תשנט
02/07/1999,יח תמוז תשנט
03/07/1999,יט תמוז תשנט
04/07/1999,כ תמוז תשנט
05/07/1999,כא תמוז תשנט
06/07/1999,כב תמוז תשנט
07/07/1999,כג תמוז תשנט
08/07/1999,כד תמוז תשנט
09/07/1999,כה תמוז תשנט
10/07/1999,כו תמוז תשנט
11/07/1999,כז תמוז תשנט
12/07/1999,כח תמוז תשנט
13/07/1999,כט תמוז תשנט
14/07/1999,א אב תשנט
15/07/1999,ב אב תשנט
16/07/1999,ג אב תשנט
17/07/1999,ד אב תשנט
18/07/1999,ה אב תשנט
19/07/1999,ו אב תשנט
20/07/1999,ז אב תשנט
21/07/1999,ח אב תשנט
22/07/1999,ט אב תשנט
23/07/1999,י אב תשנט
24/07/1999,יא אב תשנט
25/07/1999,יב אב תשנט
26/07/1999,יג אב תשנט
27/07/1999,יד אב תשנט
28/07/1999,טו אב תשנט
29/07/1999,טז אב תשנט
30/07/1999,יז אב תשנט
31/07/1999,יח אב תשנט
01/08/1999,יט אב תשנט
02/08/1999,כ אב תשנט
03/08/1999,כא אב תשנט
04/08/1999,כב אב תשנט
05/08/1999,כג אב תשנט
06/08/1999,כד אב תשנט
07/08/1999,כה אב תשנט
08/08/1999,כו אב תשנט
09/08/1999,כז אב תשנט
10/08/1999,כח אב תשנט
11/08/1999,כט אב תשנט
12/08/1999,ל אב תשנט
13/08/1999,א אלול תשנט
14/08/1999,ב אלול תשנט
15/08/1999,ג אלול תשנט
16/08/1999,ד אלול תשנט
17/08/1999,ה אלול תשנט
18/08/1999,ו אלול תשנט
19/08/1999,ז אלול תשנט
20/08/1999,ח אלול תשנט
21/08/1999,ט אלול תשנט
22/08/1999,י אלול תשנט
23/08/1999,יא אלול תשנט
24/08/1999,יב אלול תשנט
25/08/1999,יג אלול תשנט
26/08/1999,יד אלול תשנט
27/08/1999,טו אלול תשנט
28/08/1999,טז אלול תשנט
29/08/1999,יז אלול תשנט
30/08/1999,יח אלול תשנט
31/08/1999,יט אלול תשנט
01/09/1999,כ אלול תשנט
02/09/1999,כא אלול תשנט
03/09/1999,כב אלול תשנט
04/09/1999,כג אלול תשנט
05/09/1999,כד אלול תשנט
06/09/1999,כה אלול תשנט
07/09/1999,כו אלול תשנט
08/09/1999,כז אלול תשנט
09/09/1999,כח אלול תשנט
10/09/1999,כט אלול תשנט
11/09/1999,א תשרי תשס
12/09/1999,ב תשרי תשס
13/09/1999,ג תשרי תשס
14/09/1999,ד תשרי תשס
15/09/1999,ה תשרי תשס
16/09/1999,ו תשרי תשס
17/09/1999,ז תשרי תשס
18/09/1999,ח תשרי תשס
19/09/1999,ט תשרי תשס
20/09/1999,י תשרי תשס
21/09/1999,יא תשרי תשס
22/09/1999,יב תשרי תשס
23/09/1999,יג תשרי תשס
24/09/1999,יד תשרי תשס
25/09/1999,טו תשרי תשס
26/09/1999,טז תשרי תשס
27/09/1999,יז תשרי תשס
28/09/1999,יח תשרי תשס
29/09/1999,יט תשרי תשס
30/09/1999,כ תשרי תשס
01/10/1999,כא תשרי תשס
02/10/1999,כב תשרי תשס
03/10/1999,כג תשרי תשס
04/10/1999,כד תשרי תשס
05/10/1999,כה תשרי תשס
06/10/1999,כו תשרי תשס
07/10/1999,כז תשרי תשס
08/10/1999,כח תשרי תשס
09/10/1999,כט תשרי תשס
10/10/1999,ל תשרי תשס
11/10/1999,א חשון תשס
12/10/1999,ב חשון תשס
13/10/1999,ג חשון תשס
14/10/1999,ד חשון תשס
15/10/1999,ה חשון תשס
16/10/1999,ו חשון תשס
17/10/1999,ז חשון תשס
18/10/1999,ח חשון תשס
19/10/1999,ט חשון תשס
20/10/1999,י חשון תשס
21/10/1999,יא חשון תשס
22/10/1999,יב חשון תשס
23/10/1999,יג חשון תשס
24/10/1999,יד חשון תשס
25/10/1999,טו חשון תשס
26/10/1999,טז חשון תשס
27/10/1999,יז חשון תשס
28/10/1999,יח חשון תשס
29/10/1999,יט חשון תשס
30/10/1999,כ חשון תשס
31/10/1999,כא חשון תשס
01/11/1999,כב חשון תשס
02/11/1999,כג חשון תשס
03/11/1999,כד חשון תשס
04/11/1999,כה חשון תשס
05/11/1999,כו חשון תשס
06/11/1999,כז חשון תשס
07/11/1999,כח חשון תשס
08/11/1999,כט חשון תשס
09/11/1999,ל חשון תשס
10/11/1999,א כסלו תשס
11/11/1999,ב כסלו תשס
12/11/1999,ג כסלו תשס
13/11/1999,ד כסלו תשס
14/11/1999,ה כסלו תשס
15/11/1999,ו כסלו תשס
16/11/1999,ז כסלו תשס
17/11/1999,ח כסלו תשס
18/11/1999,ט כסלו תשס
19/11/1999,י כסלו תשס
20/11/1999,יא כסלו תשס
21/11/1999,יב כסלו תשס
22/11/1999,יג כסלו תשס
23/11/1999,יד כסלו תשס
24/11/1999,טו כסלו תשס
25/11/1999,טז כסלו תשס
26/11/1999,יז כסלו תשס
27/11/1999,יח כסלו תשס
28/11/1999,יט כסלו תשס
29/11/1999,כ כסלו תשס
30/11/1999,כא כסלו תשס
01/12/1999,כב כסלו תשס
02/12/1999,כג כסלו תשס
03/12/1999,כד כסלו תשס
04/12/1999,כה כסלו תשס
05/12/1999,כו כסלו תשס
06/12/1999,כז כסלו תשס
07/12/1999,כח כסלו תשס
08/12/1999,כט כסלו תשס
09/12/1999,ל כסלו תשס
10/12/1999,א טבת תשס
11/12/1999,ב טבת תשס
12/12/1999,ג טבת תשס
13/12/1999,ד טבת תשס
14/12/1999,ה טבת תשס
15/12/1999,ו טבת תשס
16/12/1999,ז טבת תשס
17/12/1999,ח טבת תשס
18/12/1999,ט טבת תשס
19/12/1999,י טבת תשס
20/12/1999,יא טבת תשס
21/12/1999,יב טבת תשס
22/12/1999,יג טבת תשס
23/12/1999,יד טבת תשס
24/12/1999,טו טבת תשס
25/12/1999,טז טבת תשס
26/12/1999,יז טבת תשס
27/12/1999,יח טבת תשס
28/12/1999,יט טבת תשס
29/12/1999,כ טבת תשס
30/12/1999,כא טבת תשס
31/12/1999,כב טבת תשס
01/01/2000,כג טבת תשס
02/01/2000,כד טבת תשס
03/01/2000,כה טבת תשס
04/01/2000,כו טבת תשס
05/01/2000,כז טבת תשס
06/01/2000,כח טבת תשס
07/01/2000,כט טבת תשס
08/01/2000,א שבט תשס
09/01/2000,ב שבט תשס
10/01/2000,ג שבט תשס
11/01/2000,ד שבט תשס
12/01/2000,ה שבט תשס
13/01/2000,ו שבט תשס
14/01/2000,ז שבט תשס
15/01/2000,ח שבט תשס
16/01/2000,ט שבט תשס
17/01/2000,י שבט תשס
18/01/2000,יא שבט תשס
19/01/2000,יב שבט תשס
20/01/2000,יג שבט תשס
21/01/2000,יד שבט תשס
22/01/2000,טו שבט תשס
23/01/2000,טז שבט תשס
24/01/2000,יז שבט תשס
25/01/2000,יח שבט תשס
26/01/2000,יט שבט תשס
27/01/2000,כ שבט תשס
28/01/2000,כא שבט תשס
29/01/2000,כב שבט תשס
30/01/2000,כג שבט תשס
31/01/2000,כד שבט תשס
01/02/2000,כה שבט תשס
02/02/2000,כו שבט תשס
03/02/2000,כז שבט תשס
04/02/2000,כח שבט תשס
05/02/2000,כט שבט תשס
06/02/2000,ל שבט תשס
07/02/2000,א אדר-א תשס
08/02/2000,ב אדר-א תשס
09/02/2000,ג אדר-א תשס
10/02/2000,ד אדר-א תשס
11/02/2000,ה אדר-א תשס
12/02/2000,ו אדר-א תשס
13/02/2000,ז אדר-א תשס
14/02/2000,ח אדר-א תשס
15/02/2000,ט אדר-א תשס
16/02/2000,י אדר-א תשס
17/02/2000,יא אדר-א תשס
18/02/2000,יב אדר-א תשס
19/02/2000,יג אדר-א תשס
20/02/2000,יד אדר-א תשס
21/02/2000,טו אדר-א תשס
22/02/2000,טז אדר-א תשס
23/02/2000,יז אדר-א תשס
24/02/2000,יח אדר-א תשס
25/02/2000,יט אדר-א תשס
26/02/2000,כ אדר-א תשס
27/02/2000,כא אדר-א תשס
28/02/2000,כב אדר-א תשס
29/02/2000,כג אדר-א תשס
01/03/2000,כד אדר-א תשס
02/03/2000,כה אדר-א תשס
03/03/2000,כו אדר-א תשס
04/03/2000,כז אדר-א תשס
05/03/2000,כח אדר-א תשס
06/03/2000,כט אדר-א תשס
07/03/2000,ל אדר-א תשס
08/03/2000,א אדר-ב תשס
09/03/2000,ב אדר-ב תשס
10/03/2000,ג אדר-ב תשס
11/03/2000,ד אדר-ב תשס
12/03/2000,ה אדר-ב תשס
13/03/2000,ו אדר-ב תשס
14/03/2000,ז אדר-ב תשס
15/03/2000,ח אדר-ב תשס
16/03/2000,ט אדר-ב תשס
17/03/2000,י אדר-ב תשס
18/03/2000,יא אדר-ב תשס
19/03/2000,יב אדר-ב תשס
20/03/2000,יג אדר-ב תשס
21/03/2000,יד אדר-ב תשס
22/03/2000,טו אדר-ב תשס
23/03/2000,טז אדר-ב תשס
24/03/2000,יז אדר-ב תשס
25/03/2000,יח אדר-ב תשס
26/03/2000,יט אדר-ב תשס
27/03/2000,כ אדר-ב תשס
28/03/2000,כא אדר-ב תשס
29/03/2000,כב אדר-ב תשס
30/03/2000,כג אדר-ב תשס
31/03/2000,כד אדר-ב תשס
01/04/2000,כה אדר-ב תשס
02/04/2000,כו אדר-ב תשס
03/04/2000,כז אדר-ב תשס
04/04/2000,כח אדר-ב תשס
05/04/2000,כט אדר-ב תשס
06/04/2000,א ניסן תשס
07/04/2000,ב ניסן תשס
08/04/2000,ג ניסן תשס
09/04/2000,ד ניסן תשס
10/04/2000,ה ניסן תשס
11/04/2000,ו ניסן תשס
12/04/2000,ז ניסן תשס
13/04/2000,ח ניסן תשס
14/04/2000,ט ניסן תשס
15/04/2000,י ניסן תשס
16/04/2000,יא ניסן תשס
17/04/2000,יב ניסן תשס
18/04/2000,יג ניסן תשס
19/04/2000,יד ניסן תשס
20/04/2000,טו ניסן תשס
21/04/2000,טז ניסן תשס
22/04/2000,יז ניסן תשס
23/04/2000,יח ניסן תשס
24/04/2000,יט ניסן תשס
25/04/2000,כ ניסן תשס
26/04/2000,כא ניסן תשס
27/04/2000,כב ניסן תשס
28/04/2000,כג ניסן תשס
29/04/2000,כד ניסן תשס
30/04/2000,כה ניסן תשס
01/05/2000,כו ניסן תשס
02/05/2000,כז ניסן תשס
03/05/2000,כח ניסן תשס
04/05/2000,כט ניסן תשס
05/05/2000,ל ניסן תשס
06/05/2000,א אייר תשס
07/05/2000,ב אייר תשס
08/05/2000,ג אייר תשס
09/05/2000,ד אייר תשס
10/05/2000,ה אייר תשס
11/05/2000,ו אייר תשס
12/05/2000,ז אייר תשס
13/05/2000,ח אייר תשס
14/05/2000,ט אייר תשס
15/05/2000,י אייר תשס
16/05/2000,יא אייר תשס
17/05/2000,יב אייר תשס
18/05/2000,יג אייר תשס
19/05/2000,יד אייר תשס
20/05/2000,טו אייר תשס
21/05/2000,טז אייר תשס
22/05/2000,יז אייר תשס
23/05/2000,יח אייר תשס
24/05/2000,יט אייר תשס
25/05/2000,כ אייר תשס
26/05/2000,כא אייר תשס
27/05/2000,כב אייר תשס
28/05/2000,כג אייר תשס
29/05/2000,כד אייר תשס
30/05/2000,כה אייר תשס
31/05/2000,כו אייר תשס
01/06/2000,כז אייר תשס
02/06/2000,כח אייר תשס
03/06/2000,כט אייר תשס
04/06/2000,א סיון תשס
05/06/2000,ב סיון תשס
06/06/2000,ג סיון תשס
07/06/2000,ד סיון תשס
08/06/2000,ה סיון תשס
09/06/2000,ו סיון תשס
10/06/2000,ז סיון תשס
11/06/2000,ח סיון תשס
12/06/2000,ט סיון תשס
13/06/2000,י סיון תשס
14/06/2000,יא סיון תשס
15/06/2000,יב סיון תשס
16/06/2000,יג סיון תשס
17/06/2000,יד סיון תשס
18/06/2000,טו סיון תשס
19/06/2000,טז סיון תשס
20/06/2000,יז סיון תשס
21/06/2000,יח סיון תשס
22/06/2000,יט סיון תשס
23/06/2000,כ סיון תשס
24/06/2000,כא סיון תשס
25/06/2000,כב סיון תשס
26/06/2000,כג סיון תשס
27/06/2000,כד סיון תשס
28/06/2000,כה סיון תשס
29/06/2000,כו סיון תשס
30/06/2000,כז סיון תשס
01/07/2000,כח סיון תשס
02/07/2000,כט סיון תשס
03/07/2000,ל סיון תשס
04/07/2000,א תמוז תשס
05/07/2000,ב תמוז תשס
06/07/2000,ג תמוז תשס
07/07/2000,ד תמוז תשס
08/07/2000,ה תמוז תשס
09/07/2000,ו תמוז תשס
10/07/2000,ז תמוז תשס
11/07/2000,ח תמוז תשס
12/07/2000,ט תמוז תשס
13/07/2000,י תמוז תשס
14/07/2000,יא תמוז תשס
15/07/2000,יב תמוז תשס
16/07/2000,יג תמוז תשס
17/07/2000,יד תמוז תשס
18/07/2000,טו תמוז תשס
19/07/2000,טז תמוז תשס
20/07/2000,יז תמוז תשס
21/07/2000,יח תמוז תשס
22/07/2000,יט תמוז תשס
23/07/2000,כ תמוז תשס
24/07/2000,כא תמוז תשס
25/07/2000,כב תמוז תשס
26/07/2000,כג תמוז תשס
27/07/2000,כד תמוז תשס
28/07/2000,כה תמוז תשס
29/07/2000,כו תמוז תשס
30/07/2000,כז תמוז תשס
31/07/2000,כח תמוז תשס
01/08/2000,כט תמוז תשס
02/08/2000,א אב תשס
03/08/2000,ב אב תשס
04/08/2000,ג אב תשס
05/08/2000,ד אב תשס
06/08/2000,ה אב תשס
07/08/2000,ו אב תשס
08/08/2000,ז אב תשס
09/08/2000,ח אב תשס
10/08/2000,ט אב תשס
11/08/2000,י אב תשס
12/08/2000,יא אב תשס
13/08/2000,יב אב תשס
14/08/2000,יג אב תשס
15/08/2000,יד אב תשס
16/08/2000,טו אב תשס
17/08/2000,טז אב תשס
18/08/2000,יז אב תשס
19/08/2000,יח אב תשס
20/08/2000,יט אב תשס
21/08/2000,כ אב תשס
22/08/2000,כא אב תשס
23/08/2000,כב אב תשס
24/08/2000,כג אב תשס
25/08/2000,כד אב תשס
26/08/2000,כה אב תשס
27/08/2000,כו אב תשס
28/08/2000,כז אב תשס
29/08/2000,כח אב תשס
30/08/2000,כט אב תשס
31/08/2000,ל אב תשס
01/09/2000,א אלול תשס
02/09/2000,ב אלול תשס
03/09/2000,ג אלול תשס
04/09/2000,ד אלול תשס
05/09/2000,ה אלול תשס
06/09/2000,ו אלול תשס
07/09/2000,ז אלול תשס
08/09/2000,ח אלול תשס
09/09/2000,ט אלול תשס
10/09/2000,י אלול תשס
11/09/2000,יא אלול תשס
12/09/2000,יב אלול תשס
13/09/2000,יג אלול תשס
14/09/2000,יד אלול תשס
15/09/2000,טו אלול תשס
16/09/2000,טז אלול תשס
17/09/2000,יז אלול תשס
18/09/2000,יח אלול תשס
19/09/2000,יט אלול תשס
20/09/2000,כ אלול תשס
21/09/2000,כא אלול תשס
22/09/2000,כב אלול תשס
23/09/2000,כג אלול תשס
24/09/2000,כד אלול תשס
25/09/2000,כה אלול תשס
26/09/2000,כו אלול תשס
27/09/2000,כז אלול תשס
28/09/2000,כח אלול תשס
29/09/2000,כט אלול תשס
30/09/2000,א תשרי תשסא
01/10/2000,ב תשרי תשסא
02/10/2000,ג תשרי תשסא
03/10/2000,ד תשרי תשסא
04/10/2000,ה תשרי תשסא
05/10/2000,ו תשרי תשסא
06/10/2000,ז תשרי תשסא
07/10/2000,ח תשרי תשסא
08/10/2000,ט תשרי תשסא
09/10/2000,י תשרי תשסא
10/10/2000,יא תשרי תשסא
11/10/2000,יב תשרי תשסא
12/10/2000,יג תשרי תשסא
13/10/2000,יד תשרי תשסא
14/10/2000,טו תשרי תשסא
15/10/2000,טז תשרי תשסא
16/10/2000,יז תשרי תשסא
17/10/2000,יח תשרי תשסא
18/10/2000,יט תשרי תשסא
19/10/2000,כ תשרי תשסא
20/10/2000,כא תשרי תשסא
21/10/2000,כב תשרי תשסא
22/10/2000,כג תשרי תשסא
23/10/2000,כד תשרי תשסא
24/10/2000,כה תשרי תשסא
25/10/2000,כו תשרי תשסא
26/10/2000,כז תשרי תשסא
27/10/2000,כח תשרי תשסא
28/10/2000,כט תשרי תשסא
29/10/2000,ל תשרי תשסא
30/10/2000,א חשון תשסא
31/10/2000,ב חשון תשסא
01/11/2000,ג חשון תשסא
02/11/2000,ד חשון תשסא
03/11/2000,ה חשון תשסא
04/11/2000,ו חשון תשסא
05/11/2000,ז חשון תשסא
06/11/2000,ח חשון תשסא
07/11/2000,ט חשון תשסא
08/11/2000,י חשון תשסא
09/11/2000,יא חשון תשסא
10/11/2000,יב חשון תשסא
11/11/2000,יג חשון תשסא
12/11/2000,יד חשון תשסא
13/11/2000,טו חשון תשסא
14/11/2000,טז חשון תשסא
15/11/2000,יז חשון תשסא
16/11/2000,יח חשון תשסא
17/11/2000,יט חשון תשסא
18/11/2000,כ חשון תשסא
19/11/2000,כא חשון תשסא
20/11/2000,כב חשון תשסא
21/11/2000,כג חשון תשסא
22/11/2000,כד חשון תשסא
23/11/2000,כה חשון תשסא
24/11/2000,כו חשון תשסא
25/11/2000,כז חשון תשסא
26/11/2000,כח חשון תשסא
27/11/2000,כט חשון תשסא
28/11/2000,א כסלו תשסא
29/11/2000,ב כסלו תשסא
30/11/2000,ג כסלו תשסא
01/12/2000,ד כסלו תשסא
02/12/2000,ה כסלו תשסא
03/12/2000,ו כסלו תשסא
04/12/2000,ז כסלו תשסא
05/12/2000,ח כסלו תשסא
06/12/2000,ט כסלו תשסא
07/12/2000,י כסלו תשסא
08/12/2000,יא כסלו תשסא
09/12/2000,יב כסלו תשסא
10/12/2000,יג כסלו תשסא
11/12/2000,יד כסלו תשסא
12/12/2000,טו כסלו תשסא
13/12/2000,טז כסלו תשסא
14/12/2000,יז כסלו תשסא
15/12/2000,יח כסלו תשסא
16/12/2000,יט כסלו תשסא
17/12/2000,כ כסלו תשסא
18/12/2000,כא כסלו תשסא
19/12/2000,כב כסלו תשסא
20/12/2000,כג כסלו תשסא
21/12/2000,כד כסלו תשסא
22/12/2000,כה כסלו תשסא
23/12/2000,כו כסלו תשסא
24/12/2000,כז כסלו תשסא
25/12/2000,כח כסלו תשסא
26/12/2000,כט כסלו תשסא
27/12/2000,א טבת תשסא
28/12/2000,ב טבת תשסא
29/12/2000,ג טבת תשסא
30/12/2000,ד טבת תשסא
31/12/2000,ה טבת תשסא
01/01/2001,ו טבת תשסא
02/01/2001,ז טבת תשסא
03/01/2001,ח טבת תשסא
04/01/2001,ט טבת תשסא
05/01/2001,י טבת תשסא
06/01/2001,יא טבת תשסא
07/01/2001,יב טבת תשסא
08/01/2001,יג טבת תשסא
09/01/2001,יד טבת תשסא
10/01/2001,טו טבת תשסא
11/01/2001,טז טבת תשסא
12/01/2001,יז טבת תשסא
13/01/2001,יח טבת תשסא
14/01/2001,יט טבת תשסא
15/01/2001,כ טבת תשסא
16/01/2001,כא טבת תשסא
17/01/2001,כב טבת תשסא
18/01/2001,כג טבת תשסא
19/01/2001,כד טבת תשסא
20/01/2001,כה טבת תשסא
21/01/2001,כו טבת תשסא
22/01/2001,כז טבת תשסא
23/01/2001,כח טבת תשסא
24/01/2001,כט טבת תשסא
25/01/2001,א שבט תשסא
26/01/2001,ב שבט תשסא
27/01/2001,ג שבט תשסא
28/01/2001,ד שבט תשסא
29/01/2001,ה שבט תשסא
30/01/2001,ו שבט תשסא
31/01/2001,ז שבט תשסא
01/02/2001,ח שבט תשסא
02/02/2001,ט שבט תשסא
03/02/2001,י שבט תשסא
04/02/2001,יא שבט תשסא
05/02/2001,יב שבט תשסא
06/02/2001,יג שבט תשסא
07/02/2001,יד שבט תשסא
08/02/2001,טו שבט תשסא
09/02/2001,טז שבט תשסא
10/02/2001,יז שבט תשסא
11/02/2001,יח שבט תשסא
12/02/2001,יט שבט תשסא
13/02/2001,כ שבט תשסא
14/02/2001,כא שבט תשסא
15/02/2001,כב שבט תשסא
16/02/2001,כג שבט תשסא
17/02/2001,כד שבט תשסא
18/02/2001,כה שבט תשסא
19/02/2001,כו שבט תשסא
20/02/2001,כז שבט תשסא
21/02/2001,כח שבט תשסא
22/02/2001,כט שבט תשסא
23/02/2001,ל שבט תשסא
24/02/2001,א אדר תשסא
25/02/2001,ב אדר תשסא
26/02/2001,ג אדר תשסא
27/02/2001,ד אדר תשסא
28/02/2001,ה אדר תשסא
01/03/2001,ו אדר תשסא
02/03/2001,ז אדר תשסא
03/03/2001,ח אדר תשסא
04/03/2001,ט אדר תשסא
05/03/2001,י אדר תשסא
06/03/2001,יא אדר תשסא
07/03/2001,יב אדר תשסא
08/03/2001,יג אדר תשסא
09/03/2001,יד אדר תשסא
10/03/2001,טו אדר תשסא
11/03/2001,טז אדר תשסא
12/03/2001,יז אדר תשסא
13/03/2001,יח אדר תשסא
14/03/2001,יט אדר תשסא
15/03/2001,כ אדר תשסא
16/03/2001,כא אדר תשסא
17/03/2001,כב אדר תשסא
18/03/2001,כג אדר תשסא
19/03/2001,כד אדר תשסא
20/03/2001,כה אדר תשסא
21/03/2001,כו אדר תשסא
22/03/2001,כז אדר תשסא
23/03/2001,כח אדר תשסא
24/03/2001,כט אדר תשסא
25/03/2001,א ניסן תשסא
26/03/2001,ב ניסן תשסא
27/03/2001,ג ניסן תשסא
28/03/2001,ד ניסן תשסא
29/03/2001,ה ניסן תשסא
30/03/2001,ו ניסן תשסא
31/03/2001,ז ניסן תשסא
01/04/2001,ח ניסן תשסא
02/04/2001,ט ניסן תשסא
03/04/2001,י ניסן תשסא
04/04/2001,יא ניסן תשסא
05/04/2001,יב ניסן תשסא
06/04/2001,יג ניסן תשסא
07/04/2001,יד ניסן תשסא
08/04/2001,טו ניסן תשסא
09/04/2001,טז ניסן תשסא
10/04/2001,יז ניסן תשסא
11/04/2001,יח ניסן תשסא
12/04/2001,יט ניסן תשסא
13/04/2001,כ ניסן תשסא
14/04/2001,כא ניסן תשסא
15/04/2001,כב ניסן תשסא
16/04/2001,כג ניסן תשסא
17/04/2001,כד ניסן תשסא
18/04/2001,כה ניסן תשסא
19/04/2001,כו ניסן תשסא
20/04/2001,כז ניסן תשסא
21/04/2001,כח ניסן תשסא
22/04/2001,כט ניסן תשסא
23/04/2001,ל ניסן תשסא
24/04/2001,א אייר תשסא
25/04/2001,ב אייר תשסא
26/04/2001,ג אייר תשסא
27/04/2001,ד אייר תשסא
28/04/2001,ה אייר תשסא
29/04/2001,ו אייר תשסא
30/04/2001,ז אייר תשסא
01/05/2001,ח אייר תשסא
02/05/2001,ט אייר תשסא
03/05/2001,י אייר תשסא
04/05/2001,יא אייר תשסא
05/05/2001,יב אייר תשסא
06/05/2001,יג אייר תשסא
07/05/2001,יד אייר תשסא
08/05/2001,טו אייר תשסא
09/05/2001,טז אייר תשסא
10/05/2001,יז אייר תשסא
11/05/2001,יח אייר תשסא
12/05/2001,יט אייר תשסא
13/05/2001,כ אייר תשסא
14/05/2001,כא אייר תשסא
15/05/2001,כב אייר תשסא
16/05/2001,כג אייר תשסא
17/05/2001,כד אייר תשסא
18/05/2001,כה אייר תשסא
19/05/2001,כו אייר תשסא
20/05/2001,כז אייר תשסא
21/05/2001,כח אייר תשסא
22/05/2001,כט אייר תשסא
23/05/2001,א סיון תשסא
24/05/2001,ב סיון תשסא
25/05/2001,ג סיון תשסא
26/05/2001,ד סיון תשסא
27/05/2001,ה סיון תשסא
28/05/2001,ו סיון תשסא
29/05/2001,ז סיון תשסא
30/05/2001,ח סיון תשסא
31/05/2001,ט סיון תשסא
01/06/2001,י סיון תשסא
02/06/2001,יא סיון תשסא
03/06/2001,יב סיון תשסא
04/06/2001,יג סיון תשסא
05/06/2001,יד סיון תשסא
06/06/2001,טו סיון תשסא
07/06/2001,טז סיון תשסא
08/06/2001,יז סיון תשסא
09/06/2001,יח סיון תשסא
10/06/2001,יט סיון תשסא
11/06/2001,כ סיון תשסא
12/06/2001,כא סיון תשסא
13/06/2001,כב סיון תשסא
14/06/2001,כג סיון תשסא
15/06/2001,כד סיון תשסא
16/06/2001,כה סיון תשסא
17/06/2001,כו סיון תשסא
18/06/2001,כז סיון תשסא
19/06/2001,כח סיון תשסא
20/06/2001,כט סיון תשסא
21/06/2001,ל סיון תשסא
22/06/2001,א תמוז תשסא
23/06/2001,ב תמוז תשסא
24/06/2001,ג תמוז תשסא
25/06/2001,ד תמוז תשסא
26/06/2001,ה תמוז תשסא
27/06/2001,ו תמוז תשסא
28/06/2001,ז תמוז תשסא
29/06/2001,ח תמוז תשסא
30/06/2001,ט תמוז תשסא
01/07/2001,י תמוז תשסא
02/07/2001,יא תמוז תשסא
03/07/2001,יב תמוז תשסא
04/07/2001,יג תמוז תשסא
05/07/2001,יד תמוז תשסא
06/07/2001,טו תמוז תשסא
07/07/2001,טז תמוז תשסא
08/07/2001,יז תמוז תשסא
09/07/2001,יח תמוז תשסא
10/07/2001,יט תמוז תשסא
11/07/2001,כ תמוז תשסא
12/07/2001,כא תמוז תשסא
13/07/2001,כב תמוז תשסא
14/07/2001,כג תמוז תשסא
15/07/2001,כד תמוז תשסא
16/07/2001,כה תמוז תשסא
17/07/2001,כו תמוז תשסא
18/07/2001,כז תמוז תשסא
19/07/2001,כח תמוז תשסא
20/07/2001,כט תמוז תשסא
21/07/2001,א אב תשסא
22/07/2001,ב אב תשסא
23/07/2001,ג אב תשסא
24/07/2001,ד אב תשסא
25/07/2001,ה אב תשסא
26/07/2001,ו אב תשסא
27/07/2001,ז אב תשסא
28/07/2001,ח אב תשסא
29/07/2001,ט אב תשסא
30/07/2001,י אב תשסא
31/07/2001,יא אב תשסא
01/08/2001,יב אב תשסא
02/08/2001,יג אב תשסא
03/08/2001,יד אב תשסא
04/08/2001,טו אב תשסא
05/08/2001,טז אב תשסא
06/08/2001,יז אב תשסא
07/08/2001,יח אב תשסא
08/08/2001,יט אב תשסא
09/08/2001,כ אב תשסא
10/08/2001,כא אב תשסא
11/08/2001,כב אב תשסא
12/08/2001,כג אב תשסא
13/08/2001,כד אב תשסא
14/08/2001,כה אב תשסא
15/08/2001,כו אב תשסא
16/08/2001,כז אב תשסא
17/08/2001,כח אב תשסא
18/08/2001,כט אב תשסא
19/08/2001,ל אב תשסא
20/08/2001,א אלול תשסא
21/08/2001,ב אלול תשסא
22/08/2001,ג אלול תשסא
23/08/2001,ד אלול תשסא
24/08/2001,ה אלול תשסא
25/08/2001,ו אלול תשסא
26/08/2001,ז אלול תשסא
27/08/2001,ח אלול תשסא
28/08/2001,ט אלול תשסא
29/08/2001,י אלול תשסא
30/08/2001,יא אלול תשסא
31/08/2001,יב אלול תשסא
01/09/2001,יג אלול תשסא
02/09/2001,יד אלול תשסא
03/09/2001,טו אלול תשסא
04/09/2001,טז אלול תשסא
05/09/2001,יז אלול תשסא
06/09/2001,יח אלול תשסא
07/09/2001,יט אלול תשסא
08/09/2001,כ אלול תשסא
09/09/2001,כא אלול תשסא
10/09/2001,כב אלול תשסא
11/09/2001,כג אלול תשסא
12/09/2001,כד אלול תשסא
13/09/2001,כה אלול תשסא
14/09/2001,כו אלול תשסא
15/09/2001,כז אלול תשסא
16/09/2001,כח אלול תשסא
17/09/2001,כט אלול תשסא
18/09/2001,א תשרי תשסב
19/09/2001,ב תשרי תשסב
20/09/2001,ג תשרי תשסב
21/09/2001,ד תשרי תשסב
22/09/2001,ה תשרי תשסב
23/09/2001,ו תשרי תשסב
24/09/2001,ז תשרי תשסב
25/09/2001,ח תשרי תשסב
26/09/2001,ט תשרי תשסב
27/09/2001,י תשרי תשסב
28/09/2001,יא תשרי תשסב
29/09/2001,יב תשרי תשסב
30/09/2001,יג תשרי תשסב
01/10/2001,יד תשרי תשסב
02/10/2001,טו תשרי תשסב
03/10/2001,טז תשרי תשסב
04/10/2001,יז תשרי תשסב
05/10/2001,יח תשרי תשסב
06/10/2001,יט תשרי תשסב
07/10/2001,כ תשרי תשסב
08/10/2001,כא תשרי תשסב
09/10/2001,כב תשרי תשסב
10/10/2001,כג תשרי תשסב
11/10/2001,כד תשרי תשסב
12/10/2001,כה תשרי תשסב
13/10/2001,כו תשרי תשסב
14/10/2001,כז תשרי תשסב
15/10/2001,כח תשרי תשסב
16/10/2001,כט תשרי תשסב
17/10/2001,ל תשרי תשסב
18/10/2001,א חשון תשסב
19/10/2001,ב חשון תשסב
20/10/2001,ג חשון תשסב
21/10/2001,ד חשון תשסב
22/10/2001,ה חשון תשסב
23/10/2001,ו חשון תשסב
24/10/2001,ז חשון תשסב
25/10/2001,ח חשון תשסב
26/10/2001,ט חשון תשסב
27/10/2001,י חשון תשסב
28/10/2001,יא חשון תשסב
29/10/2001,יב חשון תשסב
30/10/2001,יג חשון תשסב
31/10/2001,יד חשון תשסב
01/11/2001,טו חשון תשסב
02/11/2001,טז חשון תשסב
03/11/2001,יז חשון תשסב
04/11/2001,יח חשון תשסב
05/11/2001,יט חשון תשסב
06/11/2001,כ חשון תשסב
07/11/2001,כא חשון תשסב
08/11/2001,כב חשון תשסב
09/11/2001,כג חשון תשסב
10/11/2001,כד חשון תשסב
11/11/2001,כה חשון תשסב
12/11/2001,כו חשון תשסב
13/11/2001,כז חשון תשסב
14/11/2001,כח חשון תשסב
15/11/2001,כט חשון תשסב
16/11/2001,א כסלו תשסב
17/11/2001,ב כסלו תשסב
18/11/2001,ג כסלו תשסב
19/11/2001,ד כסלו תשסב
20/11/2001,ה כסלו תשסב
21/11/2001,ו כסלו תשסב
22/11/2001,ז כסלו תשסב
23/11/2001,ח כסלו תשסב
24/11/2001,ט כסלו תשסב
25/11/2001,י כסלו תשסב
26/11/2001,יא כסלו תשסב
27/11/2001,יב כסלו תשסב
28/11/2001,יג כסלו תשסב
29/11/2001,יד כסלו תשסב
30/11/2001,טו כסלו תשסב
01/12/2001,טז כסלו תשסב
02/12/2001,יז כסלו תשסב
03/12/2001,יח כסלו תשסב
04/12/2001,יט כסלו תשסב
05/12/2001,כ כסלו תשסב
06/12/2001,כא כסלו תשסב
07/12/2001,כב כסלו תשסב
08/12/2001,כג כסלו תשסב
09/12/2001,כד כסלו תשסב
10/12/2001,כה כסלו תשסב
11/12/2001,כו כסלו תשסב
12/12/2001,כז כסלו תשסב
13/12/2001,כח כסלו תשסב
14/12/2001,כט כסלו תשסב
15/12/2001,ל כסלו תשסב
16/12/2001,א טבת תשסב
17/12/2001,ב טבת תשסב
18/12/2001,ג טבת תשסב
19/12/2001,ד טבת תשסב
20/12/2001,ה טבת תשסב
21/12/2001,ו טבת תשסב
22/12/2001,ז טבת תשסב
23/12/2001,ח טבת תשסב
24/12/2001,ט טבת תשסב
25/12/2001,י טבת תשסב
26/12/2001,יא טבת תשסב
27/12/2001,יב טבת תשסב
28/12/2001,יג טבת תשסב
29/12/2001,יד טבת תשסב
30/12/2001,טו טבת תשסב
31/12/2001,טז טבת תשסב
01/01/2002,יז טבת תשסב
02/01/2002,יח טבת תשסב
03/01/2002,יט טבת תשסב
04/01/2002,כ טבת תשסב
05/01/2002,כא טבת תשסב
06/01/2002,כב טבת תשסב
07/01/2002,כג טבת תשסב
08/01/2002,כד טבת תשסב
09/01/2002,כה טבת תשסב
10/01/2002,כו טבת תשסב
11/01/2002,כז טבת תשסב
12/01/2002,כח טבת תשסב
13/01/2002,כט טבת תשסב
14/01/2002,א שבט תשסב
15/01/2002,ב שבט תשסב
16/01/2002,ג שבט תשסב
17/01/2002,ד שבט תשסב
18/01/2002,ה שבט תשסב
19/01/2002,ו שבט תשסב
20/01/2002,ז שבט תשסב
21/01/2002,ח שבט תשסב
22/01/2002,ט שבט תשסב
23/01/2002,י שבט תשסב
24/01/2002,יא שבט תשסב
25/01/2002,יב שבט תשסב
26/01/2002,יג שבט תשסב
27/01/2002,יד שבט תשסב
28/01/2002,טו שבט תשסב
29/01/2002,טז שבט תשסב
30/01/2002,יז שבט תשסב
31/01/2002,יח שבט תשסב
01/02/2002,יט שבט תשסב
02/02/2002,כ שבט תשסב
03/02/2002,כא שבט תשסב
04/02/2002,כב שבט תשסב
05/02/2002,כג שבט תשסב
06/02/2002,כד שבט תשסב
07/02/2002,כה שבט תשסב
08/02/2002,כו שבט תשסב
09/02/2002,כז שבט תשסב
10/02/2002,כח שבט תשסב
11/02/2002,כט שבט תשסב
12/02/2002,ל שבט תשסב
13/02/2002,א אדר תשסב
14/02/2002,ב אדר תשסב
15/02/2002,ג אדר תשסב
16/02/2002,ד אדר תשסב
17/02/2002,ה אדר תשסב
18/02/2002,ו אדר תשסב
19/02/2002,ז אדר תשסב
20/02/2002,ח אדר תשסב
21/02/2002,ט אדר תשסב
22/02/2002,י אדר תשסב
23/02/2002,יא אדר תשסב
24/02/2002,יב אדר תשסב
25/02/2002,יג אדר תשסב
26/02/2002,יד אדר תשסב
27/02/2002,טו אדר תשסב
28/02/2002,טז אדר תשסב
01/03/2002,יז אדר תשסב
02/03/2002,יח אדר תשסב
03/03/2002,יט אדר תשסב
04/03/2002,כ אדר תשסב
05/03/2002,כא אדר תשסב
06/03/2002,כב אדר תשסב
07/03/2002,כג אדר תשסב
08/03/2002,כד אדר תשסב
09/03/2002,כה אדר תשסב
10/03/2002,כו אדר תשסב
11/03/2002,כז אדר תשסב
12/03/2002,כח אדר תשסב
13/03/2002,כט אדר תשסב
14/03/2002,א ניסן תשסב
15/03/2002,ב ניסן תשסב
16/03/2002,ג ניסן תשסב
17/03/2002,ד ניסן תשסב
18/03/2002,ה ניסן תשסב
19/03/2002,ו ניסן תשסב
20/03/2002,ז ניסן תשסב
21/03/2002,ח ניסן תשסב
22/03/2002,ט ניסן תשסב
23/03/2002,י ניסן תשסב
24/03/2002,יא ניסן תשסב
25/03/2002,יב ניסן תשסב
26/03/2002,יג ניסן תשסב
27/03/2002,יד ניסן תשסב
28/03/2002,טו ניסן תשסב
29/03/2002,טז ניסן תשסב
30/03/2002,יז ניסן תשסב
31/03/2002,יח ניסן תשסב
01/04/2002,יט ניסן תשסב
02/04/2002,כ ניסן תשסב
03/04/2002,כא ניסן תשסב
04/04/2002,כב ניסן תשסב
05/04/2002,כג ניסן תשסב
06/04/2002,כד ניסן תשסב
07/04/2002,כה ניסן תשסב
08/04/2002,כו ניסן תשסב
09/04/2002,כז ניסן תשסב
10/04/2002,כח ניסן תשסב
11/04/2002,כט ניסן תשסב
12/04/2002,ל ניסן תשסב
13/04/2002,א אייר תשסב
14/04/2002,ב אייר תשסב
15/04/2002,ג אייר תשסב
16/04/2002,ד אייר תשסב
17/04/2002,ה אייר תשסב
18/04/2002,ו אייר תשסב
19/04/2002,ז אייר תשסב
20/04/2002,ח אייר תשסב
21/04/2002,ט אייר תשסב
22/04/2002,י אייר תשסב
23/04/2002,יא אייר תשסב
24/04/2002,יב אייר תשסב
25/04/2002,יג אייר תשסב
26/04/2002,יד אייר תשסב
27/04/2002,טו אייר תשסב
28/04/2002,טז אייר תשסב
29/04/2002,יז אייר תשסב
30/04/2002,יח אייר תשסב
01/05/2002,יט אייר תשסב
02/05/2002,כ אייר תשסב
03/05/2002,כא אייר תשסב
04/05/2002,כב אייר תשסב
05/05/2002,כג אייר תשסב
06/05/2002,כד אייר תשסב
07/05/2002,כה אייר תשסב
08/05/2002,כו אייר תשסב
09/05/2002,כז אייר תשסב
10/05/2002,כח אייר תשסב
11/05/2002,כט אייר תשסב
12/05/2002,א סיון תשסב
13/05/2002,ב סיון תשסב
14/05/2002,ג סיון תשסב
15/05/2002,ד סיון תשסב
16/05/2002,ה סיון תשסב
17/05/2002,ו סיון תשסב
18/05/2002,ז סיון תשסב
19/05/2002,ח סיון תשסב
20/05/2002,ט סיון תשסב
21/05/2002,י סיון תשסב
22/05/2002,יא סיון תשסב
23/05/2002,יב סיון תשסב
24/05/2002,יג סיון תשסב
25/05/2002,יד סיון תשסב
26/05/2002,טו סיון תשסב
27/05/2002,טז סיון תשסב
28/05/2002,יז סיון תשסב
29/05/2002,יח סיון תשסב
30/05/2002,יט סיון תשסב
31/05/2002,כ סיון תשסב
01/06/2002,כא סיון תשסב
02/06/2002,כב סיון תשסב
03/06/2002,כג סיון תשסב
04/06/2002,כד סיון תשסב
05/06/2002,כה סיון תשסב
06/06/2002,כו סיון תשסב
07/06/2002,כז סיון תשסב
08/06/2002,כח סיון תשסב
09/06/2002,כט סיון תשסב
10/06/2002,ל סיון תשסב
11/06/2002,א תמוז תשסב
12/06/2002,ב תמוז תשסב
13/06/2002,ג תמוז תשסב
14/06/2002,ד תמוז תשסב
15/06/2002,ה תמוז תשסב
16/06/2002,ו תמוז תשסב
17/06/2002,ז תמוז תשסב
18/06/2002,ח תמוז תשסב
19/06/2002,ט תמוז תשסב
20/06/2002,י תמוז תשסב
21/06/2002,יא תמוז תשסב
22/06/2002,יב תמוז תשסב
23/06/2002,יג תמוז תשסב
24/06/2002,יד תמוז תשסב
25/06/2002,טו תמוז תשסב
26/06/2002,טז תמוז תשסב
27/06/2002,יז תמוז תשסב
28/06/2002,יח תמוז תשסב
29/06/2002,יט תמוז תשסב
30/06/2002,כ תמוז תשסב
01/07/2002,כא תמוז תשסב
02/07/2002,כב תמוז תשסב
03/07/2002,כג תמוז תשסב
04/07/2002,כד תמוז תשסב
05/07/2002,כה תמוז תשסב
06/07/2002,כו תמוז תשסב
07/07/2002,כז תמוז תשסב
08/07/2002,כח תמוז תשסב
09/07/2002,כט תמוז תשסב
10/07/2002,א אב תשסב
11/07/2002,ב אב תשסב
12/07/2002,ג אב תשסב
13/07/2002,ד אב תשסב
14/07/2002,ה אב תשסב
15/07/2002,ו אב תשסב
16/07/2002,ז אב תשסב
17/07/2002,ח אב תשסב
18/07/2002,ט אב תשסב
19/07/2002,י אב תשסב
20/07/2002,יא אב תשסב
21/07/2002,יב אב תשסב
22/07/2002,יג אב תשסב
23/07/2002,יד אב תשסב
24/07/2002,טו אב תשסב
25/07/2002,טז אב תשסב
26/07/2002,יז אב תשסב
27/07/2002,יח אב תשסב
28/07/2002,יט אב תשסב
29/07/2002,כ אב תשסב
30/07/2002,כא אב תשסב
31/07/2002,כב אב תשסב
01/08/2002,כג אב תשסב
02/08/2002,כד אב תשסב
03/08/2002,כה אב תשסב
04/08/2002,כו אב תשסב
05/08/2002,כז אב תשסב
06/08/2002,כח אב תשסב
07/08/2002,כט אב תשסב
08/08/2002,ל אב תשסב
09/08/2002,א אלול תשסב
10/08/2002,ב אלול תשסב
11/08/2002,ג אלול תשסב
12/08/2002,ד אלול תשסב
13/08/2002,ה אלול תשסב
14/08/2002,ו אלול תשסב
15/08/2002,ז אלול תשסב
16/08/2002,ח אלול תשסב
17/08/2002,ט אלול תשסב
18/08/2002,י אלול תשסב
19/08/2002,יא אלול תשסב
20/08/2002,יב אלול תשסב
21/08/2002,יג אלול תשסב
22/08/2002,יד אלול תשסב
23/08/2002,טו אלול תשסב
24/08/2002,טז אלול תשסב
25/08/2002,יז אלול תשסב
26/08/2002,יח אלול תשסב
27/08/2002,יט אלול תשסב
28/08/2002,כ אלול תשסב
29/08/2002,כא אלול תשסב
30/08/2002,כב אלול תשסב
31/08/2002,כג אלול תשסב
01/09/2002,כד אלול תשסב
02/09/2002,כה אלול תשסב
03/09/2002,כו אלול תשסב
04/09/2002,כז אלול תשסב
05/09/2002,כח אלול תשסב
06/09/2002,כט אלול תשסב
07/09/2002,א תשרי תשסג
08/09/2002,ב תשרי תשסג
09/09/2002,ג תשרי תשסג
10/09/2002,ד תשרי תשסג
11/09/2002,ה תשרי תשסג
12/09/2002,ו תשרי תשסג
13/09/2002,ז תשרי תשסג
14/09/2002,ח תשרי תשסג
15/09/2002,ט תשרי תשסג
16/09/2002,י תשרי תשסג
17/09/2002,יא תשרי תשסג
18/09/2002,יב תשרי תשסג
19/09/2002,יג תשרי תשסג
20/09/2002,יד תשרי תשסג
21/09/2002,טו תשרי תשסג
22/09/2002,טז תשרי תשסג
23/09/2002,יז תשרי תשסג
24/09/2002,יח תשרי תשסג
25/09/2002,יט תשרי תשסג
26/09/2002,כ תשרי תשסג
27/09/2002,כא תשרי תשסג
28/09/2002,כב תשרי תשסג
29/09/2002,כג תשרי תשסג
30/09/2002,כד תשרי תשסג
01/10/2002,כה תשרי תשסג
02/10/2002,כו תשרי תשסג
03/10/2002,כז תשרי תשסג
04/10/2002,כח תשרי תשסג
05/10/2002,כט תשרי תשסג
06/10/2002,ל תשרי תשסג
07/10/2002,א חשון תשסג
08/10/2002,ב חשון תשסג
09/10/2002,ג חשון תשסג
10/10/2002,ד חשון תשסג
11/10/2002,ה חשון תשסג
12/10/2002,ו חשון תשסג
13/10/2002,ז חשון תשסג
14/10/2002,ח חשון תשסג
15/10/2002,ט חשון תשסג
16/10/2002,י חשון תשסג
17/10/2002,יא חשון תשסג
18/10/2002,יב חשון תשסג
19/10/2002,יג חשון תשסג
20/10/2002,יד חשון תשסג
21/10/2002,טו חשון תשסג
22/10/2002,טז חשון תשסג
23/10/2002,יז חשון תשסג
24/10/2002,יח חשון תשסג
25/10/2002,יט חשון תשסג
26/10/2002,כ חשון תשסג
27/10/2002,כא חשון תשסג
28/10/2002,כב חשון תשסג
29/10/2002,כג חשון תשסג
30/10/2002,כד חשון תשסג
31/10/2002,כה חשון תשסג
01/11/2002,כו חשון תשסג
02/11/2002,כז חשון תשסג
03/11/2002,כח חשון תשסג
04/11/2002,כט חשון תשסג
05/11/2002,ל חשון תשסג
06/11/2002,א כסלו תשסג
07/11/2002,ב כסלו תשסג
08/11/2002,ג כסלו תשסג
09/11/2002,ד כסלו תשסג
10/11/2002,ה כסלו תשסג
11/11/2002,ו כסלו תשסג
12/11/2002,ז כסלו תשסג
13/11/2002,ח כסלו תשסג
14/11/2002,ט כסלו תשסג
15/11/2002,י כסלו תשסג
16/11/2002,יא כסלו תשסג
17/11/2002,יב כסלו תשסג
18/11/2002,יג כסלו תשסג
19/11/2002,יד כסלו תשסג
20/11/2002,טו כסלו תשסג
21/11/2002,טז כסלו תשסג
22/11/2002,יז כסלו תשסג
23/11/2002,יח כסלו תשסג
24/11/2002,יט כסלו תשסג
25/11/2002,כ כסלו תשסג
26/11/2002,כא כסלו תשסג
27/11/2002,כב כסלו תשסג
28/11/2002,כג כסלו תשסג
29/11/2002,כד כסלו תשסג
30/11/2002,כה כסלו תשסג
01/12/2002,כו כסלו תשסג
02/12/2002,כז כסלו תשסג
03/12/2002,כח כסלו תשסג
04/12/2002,כט כסלו תשסג
05/12/2002,ל כסלו תשסג
06/12/2002,א טבת תשסג
07/12/2002,ב טבת תשסג
08/12/2002,ג טבת תשסג
09/12/2002,ד טבת תשסג
10/12/2002,ה טבת תשסג
11/12/2002,ו טבת תשסג
12/12/2002,ז טבת תשסג
13/12/2002,ח טבת תשסג
14/12/2002,ט טבת תשסג
15/12/2002,י טבת תשסג
16/12/2002,יא טבת תשסג
17/12/2002,יב טבת תשסג
18/12/2002,יג טבת תשסג
19/12/2002,יד טבת תשסג
20/12/2002,טו טבת תשסג
21/12/2002,טז טבת תשסג
22/12/2002,יז טבת תשסג
23/12/2002,יח טבת תשסג
24/12/2002,יט טבת תשסג
25/12/2002,כ טבת תשסג
26/12/2002,כא טבת תשסג
27/12/2002,כב טבת תשסג
28/12/2002,כג טבת תשסג
29/12/2002,כד טבת תשסג
30/12/2002,כה טבת תשסג
31/12/2002,כו טבת תשסג
01/01/2003,כז טבת תשסג
02/01/2003,כח טבת תשסג
03/01/2003,כט טבת תשסג
04/01/2003,א שבט תשסג
05/01/2003,ב שבט תשסג
06/01/2003,ג שבט תשסג
07/01/2003,ד שבט תשסג
08/01/2003,ה שבט תשסג
09/01/2003,ו שבט תשסג
10/01/2003,ז שבט תשסג
11/01/2003,ח שבט תשסג
12/01/2003,ט שבט תשסג
13/01/2003,י שבט תשסג
14/01/2003,יא שבט תשסג
15/01/2003,יב שבט תשסג
16/01/2003,יג שבט תשסג
17/01/2003,יד שבט תשסג
18/01/2003,טו שבט תשסג
19/01/2003,טז שבט תשסג
20/01/2003,יז שבט תשסג
21/01/2003,יח שבט תשסג
22/01/2003,יט שבט תשסג
23/01/2003,כ שבט תשסג
24/01/2003,כא שבט תשסג
25/01/2003,כב שבט תשסג
26/01/2003,כג שבט תשסג
27/01/2003,כד שבט תשסג
28/01/2003,כה שבט תשסג
29/01/2003,כו שבט תשסג
30/01/2003,כז שבט תשסג
31/01/2003,כח שבט תשסג
01/02/2003,כט שבט תשסג
02/02/2003,ל שבט תשסג
03/02/2003,א אדר-א תשסג
04/02/2003,ב אדר-א תשסג
05/02/2003,ג אדר-א תשסג
06/02/2003,ד אדר-א תשסג
07/02/2003,ה אדר-א תשסג
08/02/2003,ו אדר-א תשסג
09/02/2003,ז אדר-א תשסג
10/02/2003,ח אדר-א תשסג
11/02/2003,ט אדר-א תשסג
12/02/2003,י אדר-א תשסג
13/02/2003,יא אדר-א תשסג
14/02/2003,יב אדר-א תשסג
15/02/2003,יג אדר-א תשסג
16/02/2003,יד אדר-א תשסג
17/02/2003,טו אדר-א תשסג
18/02/2003,טז אדר-א תשסג
19/02/2003,יז אדר-א תשסג
20/02/2003,יח אדר-א תשסג
21/02/2003,יט אדר-א תשסג
22/02/2003,כ אדר-א תשסג
23/02/2003,כא אדר-א תשסג
24/02/2003,כב אדר-א תשסג
25/02/2003,כג אדר-א תשסג
26/02/2003,כד אדר-א תשסג
27/02/2003,כה אדר-א תשסג
28/02/2003,כו אדר-א תשסג
01/03/2003,כז אדר-א תשסג
02/03/2003,כח אדר-א תשסג
03/03/2003,כט אדר-א תשסג
04/03/2003,ל אדר-א תשסג
05/03/2003,א אדר-ב תשסג
06/03/2003,ב אדר-ב תשסג
07/03/2003,ג אדר-ב תשסג
08/03/2003,ד אדר-ב תשסג
09/03/2003,ה אדר-ב תשסג
10/03/2003,ו אדר-ב תשסג
11/03/2003,ז אדר-ב תשסג
12/03/2003,ח אדר-ב תשסג
13/03/2003,ט אדר-ב תשסג
14/03/2003,י אדר-ב תשסג
15/03/2003,יא אדר-ב תשסג
16/03/2003,יב אדר-ב תשסג
17/03/2003,יג אדר-ב תשסג
18/03/2003,יד אדר-ב תשסג
19/03/2003,טו אדר-ב תשסג
20/03/2003,טז אדר-ב תשסג
21/03/2003,יז אדר-ב תשסג
22/03/2003,יח אדר-ב תשסג
23/03/2003,יט אדר-ב תשסג
24/03/2003,כ אדר-ב תשסג
25/03/2003,כא אדר-ב תשסג
26/03/2003,כב אדר-ב תשסג
27/03/2003,כג אדר-ב תשסג
28/03/2003,כד אדר-ב תשסג
29/03/2003,כה אדר-ב תשסג
30/03/2003,כו אדר-ב תשסג
31/03/2003,כז אדר-ב תשסג
01/04/2003,כח אדר-ב תשסג
02/04/2003,כט אדר-ב תשסג
03/04/2003,א ניסן תשסג
04/04/2003,ב ניסן תשסג
05/04/2003,ג ניסן תשסג
06/04/2003,ד ניסן תשסג
07/04/2003,ה ניסן תשסג
08/04/2003,ו ניסן תשסג
09/04/2003,ז ניסן תשסג
10/04/2003,ח ניסן תשסג
11/04/2003,ט ניסן תשסג
12/04/2003,י ניסן תשסג
13/04/2003,יא ניסן תשסג
14/04/2003,יב ניסן תשסג
15/04/2003,יג ניסן תשסג
16/04/2003,יד ניסן תשסג
17/04/2003,טו ניסן תשסג
18/04/2003,טז ניסן תשסג
19/04/2003,יז ניסן תשסג
20/04/2003,יח ניסן תשסג
21/04/2003,יט ניסן תשסג
22/04/2003,כ ניסן תשסג
23/04/2003,כא ניסן תשסג
24/04/2003,כב ניסן תשסג
25/04/2003,כג ניסן תשסג
26/04/2003,כד ניסן תשסג
27/04/2003,כה ניסן תשסג
28/04/2003,כו ניסן תשסג
29/04/2003,כז ניסן תשסג
30/04/2003,כח ניסן תשסג
01/05/2003,כט ניסן תשסג
02/05/2003,ל ניסן תשסג
03/05/2003,א אייר תשסג
04/05/2003,ב אייר תשסג
05/05/2003,ג אייר תשסג
06/05/2003,ד אייר תשסג
07/05/2003,ה אייר תשסג
08/05/2003,ו אייר תשסג
09/05/2003,ז אייר תשסג
10/05/2003,ח אייר תשסג
11/05/2003,ט אייר תשסג
12/05/2003,י אייר תשסג
13/05/2003,יא אייר תשסג
14/05/2003,יב אייר תשסג
15/05/2003,יג אייר תשסג
16/05/2003,יד אייר תשסג
17/05/2003,טו אייר תשסג
18/05/2003,טז אייר תשסג
19/05/2003,יז אייר תשסג
20/05/2003,יח אייר תשסג
21/05/2003,יט אייר תשסג
22/05/2003,כ אייר תשסג
23/05/2003,כא אייר תשסג
24/05/2003,כב אייר תשסג
25/05/2003,כג אייר תשסג
26/05/2003,כד אייר תשסג
27/05/2003,כה אייר תשסג
28/05/2003,כו אייר תשסג
29/05/2003,כז אייר תשסג
30/05/2003,כח אייר תשסג
31/05/2003,כט אייר תשסג
01/06/2003,א סיון תשסג
02/06/2003,ב סיון תשסג
03/06/2003,ג סיון תשסג
04/06/2003,ד סיון תשסג
05/06/2003,ה סיון תשסג
06/06/2003,ו סיון תשסג
07/06/2003,ז סיון תשסג
08/06/2003,ח סיון תשסג
09/06/2003,ט סיון תשסג
10/06/2003,י סיון תשסג
11/06/2003,יא סיון תשסג
12/06/2003,יב סיון תשסג
13/06/2003,יג סיון תשסג
14/06/2003,יד סיון תשסג
15/06/2003,טו סיון תשסג
16/06/2003,טז סיון תשסג
17/06/2003,יז סיון תשסג
18/06/2003,יח סיון תשסג
19/06/2003,יט סיון תשסג
20/06/2003,כ סיון תשסג
21/06/2003,כא סיון תשסג
22/06/2003,כב סיון תשסג
23/06/2003,כג סיון תשסג
24/06/2003,כד סיון תשסג
25/06/2003,כה סיון תשסג
26/06/2003,כו סיון תשסג
27/06/2003,כז סיון תשסג
28/06/2003,כח סיון תשסג
29/06/2003,כט סיון תשסג
30/06/2003,ל סיון תשסג
01/07/2003,א תמוז תשסג
02/07/2003,ב תמוז תשסג
03/07/2003,ג תמוז תשסג
04/07/2003,ד תמוז תשסג
05/07/2003,ה תמוז תשסג
06/07/2003,ו תמוז תשסג
07/07/2003,ז תמוז תשסג
08/07/2003,ח תמוז תשסג
09/07/2003,ט תמוז תשסג
10/07/2003,י תמוז תשסג
11/07/2003,יא תמוז תשסג
12/07/2003,יב תמוז תשסג
13/07/2003,יג תמוז תשסג
14/07/2003,יד תמוז תשסג
15/07/2003,טו תמוז תשסג
16/07/2003,טז תמוז תשסג
17/07/2003,יז תמוז תשסג
18/07/2003,יח תמוז תשסג
19/07/2003,יט תמוז תשסג
20/07/2003,כ תמוז תשסג
21/07/2003,כא תמוז תשסג
22/07/2003,כב תמוז תשסג
23/07/2003,כג תמוז תשסג
24/07/2003,כד תמוז תשסג
25/07/2003,כה תמוז תשסג
26/07/2003,כו תמוז תשסג
27/07/2003,כז תמוז תשסג
28/07/2003,כח תמוז תשסג
29/07/2003,כט תמוז תשסג
30/07/2003,א אב תשסג
31/07/2003,ב אב תשסג
01/08/2003,ג אב תשסג
02/08/2003,ד אב תשסג
03/08/2003,ה אב תשסג
04/08/2003,ו אב תשסג
05/08/2003,ז אב תשסג
06/08/2003,ח אב תשסג
07/08/2003,ט אב תשסג
08/08/2003,י אב תשסג
09/08/2003,יא אב תשסג
10/08/2003,יב אב תשסג
11/08/2003,יג אב תשסג
12/08/2003,יד אב תשסג
13/08/2003,טו אב תשסג
14/08/2003,טז אב תשסג
15/08/2003,יז אב תשסג
16/08/2003,יח אב תשסג
17/08/2003,יט אב תשסג
18/08/2003,כ אב תשסג
19/08/2003,כא אב תשסג
20/08/2003,כב אב תשסג
21/08/2003,כג אב תשסג
22/08/2003,כד אב תשסג
23/08/2003,כה אב תשסג
24/08/2003,כו אב תשסג
25/08/2003,כז אב תשסג
26/08/2003,כח אב תשסג
27/08/2003,כט אב תשסג
28/08/2003,ל אב תשסג
29/08/2003,א אלול תשסג
30/08/2003,ב אלול תשסג
31/08/2003,ג אלול תשסג
01/09/2003,ד אלול תשסג
02/09/2003,ה אלול תשסג
03/09/2003,ו אלול תשסג
04/09/2003,ז אלול תשסג
05/09/2003,ח אלול תשסג
06/09/2003,ט אלול תשסג
07/09/2003,י אלול תשסג
08/09/2003,יא אלול תשסג
09/09/2003,יב אלול תשסג
10/09/2003,יג אלול תשסג
11/09/2003,יד אלול תשסג
12/09/2003,טו אלול תשסג
13/09/2003,טז אלול תשסג
14/09/2003,יז אלול תשסג
15/09/2003,יח אלול תשסג
16/09/2003,יט אלול תשסג
17/09/2003,כ אלול תשסג
18/09/2003,כא אלול תשסג
19/09/2003,כב אלול תשסג
20/09/2003,כג אלול תשסג
21/09/2003,כד אלול תשסג
22/09/2003,כה אלול תשסג
23/09/2003,כו אלול תשסג
24/09/2003,כז אלול תשסג
25/09/2003,כח אלול תשסג
26/09/2003,כט אלול תשסג
27/09/2003,א תשרי תשסד
28/09/2003,ב תשרי תשסד
29/09/2003,ג תשרי תשסד
30/09/2003,ד תשרי תשסד
01/10/2003,ה תשרי תשסד
02/10/2003,ו תשרי תשסד
03/10/2003,ז תשרי תשסד
04/10/2003,ח תשרי תשסד
05/10/2003,ט תשרי תשסד
06/10/2003,י תשרי תשסד
07/10/2003,יא תשרי תשסד
08/10/2003,יב תשרי תשסד
09/10/2003,יג תשרי תשסד
10/10/2003,יד תשרי תשסד
11/10/2003,טו תשרי תשסד
12/10/2003,טז תשרי תשסד
13/10/2003,יז תשרי תשסד
14/10/2003,יח תשרי תשסד
15/10/2003,יט תשרי תשסד
16/10/2003,כ תשרי תשסד
17/10/2003,כא תשרי תשסד
18/10/2003,כב תשרי תשסד
19/10/2003,כג תשרי תשסד
20/10/2003,כד תשרי תשסד
21/10/2003,כה תשרי תשסד
22/10/2003,כו תשרי תשסד
23/10/2003,כז תשרי תשסד
24/10/2003,כח תשרי תשסד
25/10/2003,כט תשרי תשסד
26/10/2003,ל תשרי תשסד
27/10/2003,א חשון תשסד
28/10/2003,ב חשון תשסד
29/10/2003,ג חשון תשסד
30/10/2003,ד חשון תשסד
31/10/2003,ה חשון תשסד
01/11/2003,ו חשון תשסד
02/11/2003,ז חשון תשסד
03/11/2003,ח חשון תשסד
04/11/2003,ט חשון תשסד
05/11/2003,י חשון תשסד
06/11/2003,יא חשון תשסד
07/11/2003,יב חשון תשסד
08/11/2003,יג חשון תשסד
09/11/2003,יד חשון תשסד
10/11/2003,טו חשון תשסד
11/11/2003,טז חשון תשסד
12/11/2003,יז חשון תשסד
13/11/2003,יח חשון תשסד
14/11/2003,יט חשון תשסד
15/11/2003,כ חשון תשסד
16/11/2003,כא חשון תשסד
17/11/2003,כב חשון תשסד
18/11/2003,כג חשון תשסד
19/11/2003,כד חשון תשסד
20/11/2003,כה חשון תשסד
21/11/2003,כו חשון תשסד
22/11/2003,כז חשון תשסד
23/11/2003,כח חשון תשסד
24/11/2003,כט חשון תשסד
25/11/2003,ל חשון תשסד
26/11/2003,א כסלו תשסד
27/11/2003,ב כסלו תשסד
28/11/2003,ג כסלו תשסד
29/11/2003,ד כסלו תשסד
30/11/2003,ה כסלו תשסד
01/12/2003,ו כסלו תשסד
02/12/2003,ז כסלו תשסד
03/12/2003,ח כסלו תשסד
04/12/2003,ט כסלו תשסד
05/12/2003,י כסלו תשסד
06/12/2003,יא כסלו תשסד
07/12/2003,יב כסלו תשסד
08/12/2003,יג כסלו תשסד
09/12/2003,יד כסלו תשסד
10/12/2003,טו כסלו תשסד
11/12/2003,טז כסלו תשסד
12/12/2003,יז כסלו תשסד
13/12/2003,יח כסלו תשסד
14/12/2003,יט כסלו תשסד
15/12/2003,כ כסלו תשסד
16/12/2003,כא כסלו תשסד
17/12/2003,כב כסלו תשסד
18/12/2003,כג כסלו תשסד
19/12/2003,כד כסלו תשסד
20/12/2003,כה כסלו תשסד
21/12/2003,כו כסלו תשסד
22/12/2003,כז כסלו תשסד
23/12/2003,כח כסלו תשסד
24/12/2003,כט כסלו תשסד
25/12/2003,ל כסלו תשסד
26/12/2003,א טבת תשסד
27/12/2003,ב טבת תשסד
28/12/2003,ג טבת תשסד
29/12/2003,ד טבת תשסד
30/12/2003,ה טבת תשסד
31/12/2003,ו טבת תשסד
01/01/2004,ז טבת תשסד
02/01/2004,ח טבת תשסד
03/01/2004,ט טבת תשסד
04/01/2004,י טבת תשסד
05/01/2004,יא טבת תשסד
06/01/2004,יב טבת תשסד
07/01/2004,יג טבת תשסד
08/01/2004,יד טבת תשסד
09/01/2004,טו טבת תשסד
10/01/2004,טז טבת תשסד
11/01/2004,יז טבת תשסד
12/01/2004,יח טבת תשסד
13/01/2004,יט טבת תשסד
14/01/2004,כ טבת תשסד
15/01/2004,כא טבת תשסד
16/01/2004,כב טבת תשסד
17/01/2004,כג טבת תשסד
18/01/2004,כד טבת תשסד
19/01/2004,כה טבת תשסד
20/01/2004,כו טבת תשסד
21/01/2004,כז טבת תשסד
22/01/2004,כח טבת תשסד
23/01/2004,כט טבת תשסד
24/01/2004,א שבט תשסד
25/01/2004,ב שבט תשסד
26/01/2004,ג שבט תשסד
27/01/2004,ד שבט תשסד
28/01/2004,ה שבט תשסד
29/01/2004,ו שבט תשסד
30/01/2004,ז שבט תשסד
31/01/2004,ח שבט תשסד
01/02/2004,ט שבט תשסד
02/02/2004,י שבט תשסד
03/02/2004,יא שבט תשסד
04/02/2004,יב שבט תשסד
05/02/2004,יג שבט תשסד
06/02/2004,יד שבט תשסד
07/02/2004,טו שבט תשסד
08/02/2004,טז שבט תשסד
09/02/2004,יז שבט תשסד
10/02/2004,יח שבט תשסד
11/02/2004,יט שבט תשסד
12/02/2004,כ שבט תשסד
13/02/2004,כא שבט תשסד
14/02/2004,כב שבט תשסד
15/02/2004,כג שבט תשסד
16/02/2004,כד שבט תשסד
17/02/2004,כה שבט תשסד
18/02/2004,כו שבט תשסד
19/02/2004,כז שבט תשסד
20/02/2004,כח שבט תשסד
21/02/2004,כט שבט תשסד
22/02/2004,ל שבט תשסד
23/02/2004,א אדר תשסד
24/02/2004,ב אדר תשסד
25/02/2004,ג אדר תשסד
26/02/2004,ד אדר תשסד
27/02/2004,ה אדר תשסד
28/02/2004,ו אדר תשסד
29/02/2004,ז אדר תשסד
01/03/2004,ח אדר תשסד
02/03/2004,ט אדר תשסד
03/03/2004,י אדר תשסד
04/03/2004,יא אדר תשסד
05/03/2004,יב אדר תשסד
06/03/2004,יג אדר תשסד
07/03/2004,יד אדר תשסד
08/03/2004,טו אדר תשסד
09/03/2004,טז אדר תשסד
10/03/2004,יז אדר תשסד
11/03/2004,יח אדר תשסד
12/03/2004,יט אדר תשסד
13/03/2004,כ אדר תשסד
14/03/2004,כא אדר תשסד
15/03/2004,כב אדר תשסד
16/03/2004,כג אדר תשסד
17/03/2004,כד אדר תשסד
18/03/2004,כה אדר תשסד
19/03/2004,כו אדר תשסד
20/03/2004,כז אדר תשסד
21/03/2004,כח אדר תשסד
22/03/2004,כט אדר תשסד
23/03/2004,א ניסן תשסד
24/03/2004,ב ניסן תשסד
25/03/2004,ג ניסן תשסד
26/03/2004,ד ניסן תשסד
27/03/2004,ה ניסן תשסד
28/03/2004,ו ניסן תשסד
29/03/2004,ז ניסן תשסד
30/03/2004,ח ניסן תשסד
31/03/2004,ט ניסן תשסד
01/04/2004,י ניסן תשסד
02/04/2004,יא ניסן תשסד
03/04/2004,יב ניסן תשסד
04/04/2004,יג ניסן תשסד
05/04/2004,יד ניסן תשסד
06/04/2004,טו ניסן תשסד
07/04/2004,טז ניסן תשסד
08/04/2004,יז ניסן תשסד
09/04/2004,יח ניסן תשסד
10/04/2004,יט ניסן תשסד
11/04/2004,כ ניסן תשסד
12/04/2004,כא ניסן תשסד
13/04/2004,כב ניסן תשסד
14/04/2004,כג ניסן תשסד
15/04/2004,כד ניסן תשסד
16/04/2004,כה ניסן תשסד
17/04/2004,כו ניסן תשסד
18/04/2004,כז ניסן תשסד
19/04/2004,כח ניסן תשסד
20/04/2004,כט ניסן תשסד
21/04/2004,ל ניסן תשסד
22/04/2004,א אייר תשסד
23/04/2004,ב אייר תשסד
24/04/2004,ג אייר תשסד
25/04/2004,ד אייר תשסד
26/04/2004,ה אייר תשסד
27/04/2004,ו אייר תשסד
28/04/2004,ז אייר תשסד
29/04/2004,ח אייר תשסד
30/04/2004,ט אייר תשסד
01/05/2004,י אייר תשסד
02/05/2004,יא אייר תשסד
03/05/2004,יב אייר תשסד
04/05/2004,יג אייר תשסד
05/05/2004,יד אייר תשסד
06/05/2004,טו אייר תשסד
07/05/2004,טז אייר תשסד
08/05/2004,יז אייר תשסד
09/05/2004,יח אייר תשסד
10/05/2004,יט אייר תשסד
11/05/2004,כ אייר תשסד
12/05/2004,כא אייר תשסד
13/05/2004,כב אייר תשסד
14/05/2004,כג אייר תשסד
15/05/2004,כד אייר תשסד
16/05/2004,כה אייר תשסד
17/05/2004,כו אייר תשסד
18/05/2004,כז אייר תשסד
19/05/2004,כח אייר תשסד
20/05/2004,כט אייר תשסד
21/05/2004,א סיון תשסד
22/05/2004,ב סיון תשסד
23/05/2004,ג סיון תשסד
24/05/2004,ד סיון תשסד
25/05/2004,ה סיון תשסד
26/05/2004,ו סיון תשסד
27/05/2004,ז סיון תשסד
28/05/2004,ח סיון תשסד
29/05/2004,ט סיון תשסד
30/05/2004,י סיון תשסד
31/05/2004,יא סיון תשסד
01/06/2004,יב סיון תשסד
02/06/2004,יג סיון תשסד
03/06/2004,יד סיון תשסד
04/06/2004,טו סיון תשסד
05/06/2004,טז סיון תשסד
06/06/2004,יז סיון תשסד
07/06/2004,יח סיון תשסד
08/06/2004,יט סיון תשסד
09/06/2004,כ סיון תשסד
10/06/2004,כא סיון תשסד
11/06/2004,כב סיון תשסד
12/06/2004,כג סיון תשסד
13/06/2004,כד סיון תשסד
14/06/2004,כה סיון תשסד
15/06/2004,כו סיון תשסד
16/06/2004,כז סיון תשסד
17/06/2004,כח סיון תשסד
18/06/2004,כט סיון תשסד
19/06/2004,ל סיון תשסד
20/06/2004,א תמוז תשסד
21/06/2004,ב תמוז תשסד
22/06/2004,ג תמוז תשסד
23/06/2004,ד תמוז תשסד
24/06/2004,ה תמוז תשסד
25/06/2004,ו תמוז תשסד
26/06/2004,ז תמוז תשסד
27/06/2004,ח תמוז תשסד
28/06/2004,ט תמוז תשסד
29/06/2004,י תמוז תשסד
30/06/2004,יא תמוז תשסד
01/07/2004,יב תמוז תשסד
02/07/2004,יג תמוז תשסד
03/07/2004,יד תמוז תשסד
04/07/2004,טו תמוז תשסד
05/07/2004,טז תמוז תשסד
06/07/2004,יז תמוז תשסד
07/07/2004,יח תמוז תשסד
08/07/2004,יט תמוז תשסד
09/07/2004,כ תמוז תשסד
10/07/2004,כא תמוז תשסד
11/07/2004,כב תמוז תשסד
12/07/2004,כג תמוז תשסד
13/07/2004,כד תמוז תשסד
14/07/2004,כה תמוז תשסד
15/07/2004,כו תמוז תשסד
16/07/2004,כז תמוז תשסד
17/07/2004,כח תמוז תשסד
18/07/2004,כט תמוז תשסד
19/07/2004,א אב תשסד
20/07/2004,ב אב תשסד
21/07/2004,ג אב תשסד
22/07/2004,ד אב תשסד
23/07/2004,ה אב תשסד
24/07/2004,ו אב תשסד
25/07/2004,ז אב תשסד
26/07/2004,ח אב תשסד
27/07/2004,ט אב תשסד
28/07/2004,י אב תשסד
29/07/2004,יא אב תשסד
30/07/2004,יב אב תשסד
31/07/2004,יג אב תשסד
01/08/2004,יד אב תשסד
02/08/2004,טו אב תשסד
03/08/2004,טז אב תשסד
04/08/2004,יז אב תשסד
05/08/2004,יח אב תשסד
06/08/2004,יט אב תשסד
07/08/2004,כ אב תשסד
08/08/2004,כא אב תשסד
09/08/2004,כב אב תשסד
10/08/2004,כג אב תשסד
11/08/2004,כד אב תשסד
12/08/2004,כה אב תשסד
13/08/2004,כו אב תשסד
14/08/2004,כז אב תשסד
15/08/2004,כח אב תשסד
16/08/2004,כט אב תשסד
17/08/2004,ל אב תשסד
18/08/2004,א אלול תשסד
19/08/2004,ב אלול תשסד
20/08/2004,ג אלול תשסד
21/08/2004,ד אלול תשסד
22/08/2004,ה אלול תשסד
23/08/2004,ו אלול תשסד
24/08/2004,ז אלול תשסד
25/08/2004,ח אלול תשסד
26/08/2004,ט אלול תשסד
27/08/2004,י אלול תשסד
28/08/2004,יא אלול תשסד
29/08/2004,יב אלול תשסד
30/08/2004,יג אלול תשסד
31/08/2004,יד אלול תשסד
01/09/2004,טו אלול תשסד
02/09/2004,טז אלול תשסד
03/09/2004,יז אלול תשסד
04/09/2004,יח אלול תשסד
05/09/2004,יט אלול תשסד
06/09/2004,כ אלול תשסד
07/09/2004,כא אלול תשסד
08/09/2004,כב אלול תשסד
09/09/2004,כג אלול תשסד
10/09/2004,כד אלול תשסד
11/09/2004,כה אלול תשסד
12/09/2004,כו אלול תשסד
13/09/2004,כז אלול תשסד
14/09/2004,כח אלול תשסד
15/09/2004,כט אלול תשסד
16/09/2004,א תשרי תשסה
17/09/2004,ב תשרי תשסה
18/09/2004,ג תשרי תשסה
19/09/2004,ד תשרי תשסה
20/09/2004,ה תשרי תשסה
21/09/2004,ו תשרי תשסה
22/09/2004,ז תשרי תשסה
23/09/2004,ח תשרי תשסה
24/09/2004,ט תשרי תשסה
25/09/2004,י תשרי תשסה
26/09/2004,יא תשרי תשסה
27/09/2004,יב תשרי תשסה
28/09/2004,יג תשרי תשסה
29/09/2004,יד תשרי תשסה
30/09/2004,טו תשרי תשסה
01/10/2004,טז תשרי תשסה
02/10/2004,יז תשרי תשסה
03/10/2004,יח תשרי תשסה
04/10/2004,יט תשרי תשסה
05/10/2004,כ תשרי תשסה
06/10/2004,כא תשרי תשסה
07/10/2004,כב תשרי תשסה
08/10/2004,כג תשרי תשסה
09/10/2004,כד תשרי תשסה
10/10/2004,כה תשרי תשסה
11/10/2004,כו תשרי תשסה
12/10/2004,כז תשרי תשסה
13/10/2004,כח תשרי תשסה
14/10/2004,כט תשרי תשסה
15/10/2004,ל תשרי תשסה
16/10/2004,א חשון תשסה
17/10/2004,ב חשון תשסה
18/10/2004,ג חשון תשסה
19/10/2004,ד חשון תשסה
20/10/2004,ה חשון תשסה
21/10/2004,ו חשון תשסה
22/10/2004,ז חשון תשסה
23/10/2004,ח חשון תשסה
24/10/2004,ט חשון תשסה
25/10/2004,י חשון תשסה
26/10/2004,יא חשון תשסה
27/10/2004,יב חשון תשסה
28/10/2004,יג חשון תשסה
29/10/2004,יד חשון תשסה
30/10/2004,טו חשון תשסה
31/10/2004,טז חשון תשסה
01/11/2004,יז חשון תשסה
02/11/2004,יח חשון תשסה
03/11/2004,יט חשון תשסה
04/11/2004,כ חשון תשסה
05/11/2004,כא חשון תשסה
06/11/2004,כב חשון תשסה
07/11/2004,כג חשון תשסה
08/11/2004,כד חשון תשסה
09/11/2004,כה חשון תשסה
10/11/2004,כו חשון תשסה
11/11/2004,כז חשון תשסה
12/11/2004,כח חשון תשסה
13/11/2004,כט חשון תשסה
14/11/2004,א כסלו תשסה
15/11/2004,ב כסלו תשסה
16/11/2004,ג כסלו תשסה
17/11/2004,ד כסלו תשסה
18/11/2004,ה כסלו תשסה
19/11/2004,ו כסלו תשסה
20/11/2004,ז כסלו תשסה
21/11/2004,ח כסלו תשסה
22/11/2004,ט כסלו תשסה
23/11/2004,י כסלו תשסה
24/11/2004,יא כסלו תשסה
25/11/2004,יב כסלו תשסה
26/11/2004,יג כסלו תשסה
27/11/2004,יד כסלו תשסה
28/11/2004,טו כסלו תשסה
29/11/2004,טז כסלו תשסה
30/11/2004,יז כסלו תשסה
01/12/2004,יח כסלו תשסה
02/12/2004,יט כסלו תשסה
03/12/2004,כ כסלו תשסה
04/12/2004,כא כסלו תשסה
05/12/2004,כב כסלו תשסה
06/12/2004,כג כסלו תשסה
07/12/2004,כד כסלו תשסה
08/12/2004,כה כסלו תשסה
09/12/2004,כו כסלו תשסה
10/12/2004,כז כסלו תשסה
11/12/2004,כח כסלו תשסה
12/12/2004,כט כסלו תשסה
13/12/2004,א טבת תשסה
14/12/2004,ב טבת תשסה
15/12/2004,ג טבת תשסה
16/12/2004,ד טבת תשסה
17/12/2004,ה טבת תשסה
18/12/2004,ו טבת תשסה
19/12/2004,ז טבת תשסה
20/12/2004,ח טבת תשסה
21/12/2004,ט טבת תשסה
22/12/2004,י טבת תשסה
23/12/2004,יא טבת תשסה
24/12/2004,יב טבת תשסה
25/12/2004,יג טבת תשסה
26/12/2004,יד טבת תשסה
27/12/2004,טו טבת תשסה
28/12/2004,טז טבת תשסה
29/12/2004,יז טבת תשסה
30/12/2004,יח טבת תשסה
31/12/2004,יט טבת תשסה
01/01/2005,כ טבת תשסה
02/01/2005,כא טבת תשסה
03/01/2005,כב טבת תשסה
04/01/2005,כג טבת תשסה
05/01/2005,כד טבת תשסה
06/01/2005,כה טבת תשסה
07/01/2005,כו טבת תשסה
08/01/2005,כז טבת תשסה
09/01/2005,כח טבת תשסה
10/01/2005,כט טבת תשסה
11/01/2005,א שבט תשסה
12/01/2005,ב שבט תשסה
13/01/2005,ג שבט תשסה
14/01/2005,ד שבט תשסה
15/01/2005,ה שבט תשסה
16/01/2005,ו שבט תשסה
17/01/2005,ז שבט תשסה
18/01/2005,ח שבט תשסה
19/01/2005,ט שבט תשסה
20/01/2005,י שבט תשסה
21/01/2005,יא שבט תשסה
22/01/2005,יב שבט תשסה
23/01/2005,יג שבט תשסה
24/01/2005,יד שבט תשסה
25/01/2005,טו שבט תשסה
26/01/2005,טז שבט תשסה
27/01/2005,יז שבט תשסה
28/01/2005,יח שבט תשסה
29/01/2005,יט שבט תשסה
30/01/2005,כ שבט תשסה
31/01/2005,כא שבט תשסה
01/02/2005,כב שבט תשסה
02/02/2005,כג שבט תשסה
03/02/2005,כד שבט תשסה
04/02/2005,כה שבט תשסה
05/02/2005,כו שבט תשסה
06/02/2005,כז שבט תשסה
07/02/2005,כח שבט תשסה
08/02/2005,כט שבט תשסה
09/02/2005,ל שבט תשסה
10/02/2005,א אדר-א תשסה
11/02/2005,ב אדר-א תשסה
12/02/2005,ג אדר-א תשסה
13/02/2005,ד אדר-א תשסה
14/02/2005,ה אדר-א תשסה
15/02/2005,ו אדר-א תשסה
16/02/2005,ז אדר-א תשסה
17/02/2005,ח אדר-א תשסה
18/02/2005,ט אדר-א תשסה
19/02/2005,י אדר-א תשסה
20/02/2005,יא אדר-א תשסה
21/02/2005,יב אדר-א תשסה
22/02/2005,יג אדר-א תשסה
23/02/2005,יד אדר-א תשסה
24/02/2005,טו אדר-א תשסה
25/02/2005,טז אדר-א תשסה
26/02/2005,יז אדר-א תשסה
27/02/2005,יח אדר-א תשסה
28/02/2005,יט אדר-א תשסה
01/03/2005,כ אדר-א תשסה
02/03/2005,כא אדר-א תשסה
03/03/2005,כב אדר-א תשסה
04/03/2005,כג אדר-א תשסה
05/03/2005,כד אדר-א תשסה
06/03/2005,כה אדר-א תשסה
07/03/2005,כו אדר-א תשסה
08/03/2005,כז אדר-א תשסה
09/03/2005,כח אדר-א תשסה
10/03/2005,כט אדר-א תשסה
11/03/2005,ל אדר-א תשסה
12/03/2005,א אדר-ב תשסה
13/03/2005,ב אדר-ב תשסה
14/03/2005,ג אדר-ב תשסה
15/03/2005,ד אדר-ב תשסה
16/03/2005,ה אדר-ב תשסה
17/03/2005,ו אדר-ב תשסה
18/03/2005,ז אדר-ב תשסה
19/03/2005,ח אדר-ב תשסה
20/03/2005,ט אדר-ב תשסה
21/03/2005,י אדר-ב תשסה
22/03/2005,יא אדר-ב תשסה
23/03/2005,יב אדר-ב תשסה
24/03/2005,יג אדר-ב תשסה
25/03/2005,יד אדר-ב תשסה
26/03/2005,טו אדר-ב תשסה
27/03/2005,טז אדר-ב תשסה
28/03/2005,יז אדר-ב תשסה
29/03/2005,יח אדר-ב תשסה
30/03/2005,יט אדר-ב תשסה
31/03/2005,כ אדר-ב תשסה
01/04/2005,כא אדר-ב תשסה
02/04/2005,כב אדר-ב תשסה
03/04/2005,כג אדר-ב תשסה
04/04/2005,כד אדר-ב תשסה
05/04/2005,כה אדר-ב תשסה
06/04/2005,כו אדר-ב תשסה
07/04/2005,כז אדר-ב תשסה
08/04/2005,כח אדר-ב תשסה
09/04/2005,כט אדר-ב תשסה
10/04/2005,א ניסן תשסה
11/04/2005,ב ניסן תשסה
12/04/2005,ג ניסן תשסה
13/04/2005,ד ניסן תשסה
14/04/2005,ה ניסן תשסה
15/04/2005,ו ניסן תשסה
16/04/2005,ז ניסן תשסה
17/04/2005,ח ניסן תשסה
18/04/2005,ט ניסן תשסה
19/04/2005,י ניסן תשסה
20/04/2005,יא ניסן תשסה
21/04/2005,יב ניסן תשסה
22/04/2005,יג ניסן תשסה
23/04/2005,יד ניסן תשסה
24/04/2005,טו ניסן תשסה
25/04/2005,טז ניסן תשסה
26/04/2005,יז ניסן תשסה
27/04/2005,יח ניסן תשסה
28/04/2005,יט ניסן תשסה
29/04/2005,כ ניסן תשסה
30/04/2005,כא ניסן תשסה
01/05/2005,כב ניסן תשסה
02/05/2005,כג ניסן תשסה
03/05/2005,כד ניסן תשסה
04/05/2005,כה ניסן תשסה
05/05/2005,כו ניסן תשסה
06/05/2005,כז ניסן תשסה
07/05/2005,כח ניסן תשסה
08/05/2005,כט ניסן תשסה
09/05/2005,ל ניסן תשסה
10/05/2005,א אייר תשסה
11/05/2005,ב אייר תשסה
12/05/2005,ג אייר תשסה
13/05/2005,ד אייר תשסה
14/05/2005,ה אייר תשסה
15/05/2005,ו אייר תשסה
16/05/2005,ז אייר תשסה
17/05/2005,ח אייר תשסה
18/05/2005,ט אייר תשסה
19/05/2005,י אייר תשסה
20/05/2005,יא אייר תשסה
21/05/2005,יב אייר תשסה
22/05/2005,יג אייר תשסה
23/05/2005,יד אייר תשסה
24/05/2005,טו אייר תשסה
25/05/2005,טז אייר תשסה
26/05/2005,יז אייר תשסה
27/05/2005,יח אייר תשסה
28/05/2005,יט אייר תשסה
29/05/2005,כ אייר תשסה
30/05/2005,כא אייר תשסה
31/05/2005,כב אייר תשסה
01/06/2005,כג אייר תשסה
02/06/2005,כד אייר תשסה
03/06/2005,כה אייר תשסה
04/06/2005,כו אייר תשסה
05/06/2005,כז אייר תשסה
06/06/2005,כח אייר תשסה
07/06/2005,כט אייר תשסה
08/06/2005,א סיון תשסה
09/06/2005,ב סיון תשסה
10/06/2005,ג סיון תשסה
11/06/2005,ד סיון תשסה
12/06/2005,ה סיון תשסה
13/06/2005,ו סיון תשסה
14/06/2005,ז סיון תשסה
15/06/2005,ח סיון תשסה
16/06/2005,ט סיון תשסה
17/06/2005,י סיון תשסה
18/06/2005,יא סיון תשסה
19/06/2005,יב סיון תשסה
20/06/2005,יג סיון תשסה
21/06/2005,יד סיון תשסה
22/06/2005,טו סיון תשסה
23/06/2005,טז סיון תשסה
24/06/2005,יז סיון תשסה
25/06/2005,יח סיון תשסה
26/06/2005,יט סיון תשסה
27/06/2005,כ סיון תשסה
28/06/2005,כא סיון תשסה
29/06/2005,כב סיון תשסה
30/06/2005,כג סיון תשסה
01/07/2005,כד סיון תשסה
02/07/2005,כה סיון תשסה
03/07/2005,כו סיון תשסה
04/07/2005,כז סיון תשסה
05/07/2005,כח סיון תשסה
06/07/2005,כט סיון תשסה
07/07/2005,ל סיון תשסה
08/07/2005,א תמוז תשסה
09/07/2005,ב תמוז תשסה
10/07/2005,ג תמוז תשסה
11/07/2005,ד תמוז תשסה
12/07/2005,ה תמוז תשסה
13/07/2005,ו תמוז תשסה
14/07/2005,ז תמוז תשסה
15/07/2005,ח תמוז תשסה
16/07/2005,ט תמוז תשסה
17/07/2005,י תמוז תשסה
18/07/2005,יא תמוז תשסה
19/07/2005,יב תמוז תשסה
20/07/2005,יג תמוז תשסה
21/07/2005,יד תמוז תשסה
22/07/2005,טו תמוז תשסה
23/07/2005,טז תמוז תשסה
24/07/2005,יז תמוז תשסה
25/07/2005,יח תמוז תשסה
26/07/2005,יט תמוז תשסה
27/07/2005,כ תמוז תשסה
28/07/2005,כא תמוז תשסה
29/07/2005,כב תמוז תשסה
30/07/2005,כג תמוז תשסה
31/07/2005,כד תמוז תשסה
01/08/2005,כה תמוז תשסה
02/08/2005,כו תמוז תשסה
03/08/2005,כז תמוז תשסה
04/08/2005,כח תמוז תשסה
05/08/2005,כט תמוז תשסה
06/08/2005,א אב תשסה
07/08/2005,ב אב תשסה
08/08/2005,ג אב תשסה
09/08/2005,ד אב תשסה
10/08/2005,ה אב תשסה
11/08/2005,ו אב תשסה
12/08/2005,ז אב תשסה
13/08/2005,ח אב תשסה
14/08/2005,ט אב תשסה
15/08/2005,י אב תשסה
16/08/2005,יא אב תשסה
17/08/2005,יב אב תשסה
18/08/2005,יג אב תשסה
19/08/2005,יד אב תשסה
20/08/2005,טו אב תשסה
21/08/2005,טז אב תשסה
22/08/2005,יז אב תשסה
23/08/2005,יח אב תשסה
24/08/2005,יט אב תשסה
25/08/2005,כ אב תשסה
26/08/2005,כא אב תשסה
27/08/2005,כב אב תשסה
28/08/2005,כג אב תשסה
29/08/2005,כד אב תשסה
30/08/2005,כה אב תשסה
31/08/2005,כו אב תשסה
01/09/2005,כז אב תשסה
02/09/2005,כח אב תשסה
03/09/2005,כט אב תשסה
04/09/2005,ל אב תשסה
05/09/2005,א אלול תשסה
06/09/2005,ב אלול תשסה
07/09/2005,ג אלול תשסה
08/09/2005,ד אלול תשסה
09/09/2005,ה אלול תשסה
10/09/2005,ו אלול תשסה
11/09/2005,ז אלול תשסה
12/09/2005,ח אלול תשסה
13/09/2005,ט אלול תשסה
14/09/2005,י אלול תשסה
15/09/2005,יא אלול תשסה
16/09/2005,יב אלול תשסה
17/09/2005,יג אלול תשסה
18/09/2005,יד אלול תשסה
19/09/2005,טו אלול תשסה
20/09/2005,טז אלול תשסה
21/09/2005,יז אלול תשסה
22/09/2005,יח אלול תשסה
23/09/2005,יט אלול תשסה
24/09/2005,כ אלול תשסה
25/09/2005,כא אלול תשסה
26/09/2005,כב אלול תשסה
27/09/2005,כג אלול תשסה
28/09/2005,כד אלול תשסה
29/09/2005,כה אלול תשסה
30/09/2005,כו אלול תשסה
01/10/2005,כז אלול תשסה
02/10/2005,כח אלול תשסה
03/10/2005,כט אלול תשסה
04/10/2005,א תשרי תשסו
05/10/2005,ב תשרי תשסו
06/10/2005,ג תשרי תשסו
07/10/2005,ד תשרי תשסו
08/10/2005,ה תשרי תשסו
09/10/2005,ו תשרי תשסו
10/10/2005,ז תשרי תשסו
11/10/2005,ח תשרי תשסו
12/10/2005,ט תשרי תשסו
13/10/2005,י תשרי תשסו
14/10/2005,יא תשרי תשסו
15/10/2005,יב תשרי תשסו
16/10/2005,יג תשרי תשסו
17/10/2005,יד תשרי תשסו
18/10/2005,טו תשרי תשסו
19/10/2005,טז תשרי תשסו
20/10/2005,יז תשרי תשסו
21/10/2005,יח תשרי תשסו
22/10/2005,יט תשרי תשסו
23/10/2005,כ תשרי תשסו
24/10/2005,כא תשרי תשסו
25/10/2005,כב תשרי תשסו
26/10/2005,כג תשרי תשסו
27/10/2005,כד תשרי תשסו
28/10/2005,כה תשרי תשסו
29/10/2005,כו תשרי תשסו
30/10/2005,כז תשרי תשסו
31/10/2005,כח תשרי תשסו
01/11/2005,כט תשרי תשסו
02/11/2005,ל תשרי תשסו
03/11/2005,א חשון תשסו
04/11/2005,ב חשון תשסו
05/11/2005,ג חשון תשסו
06/11/2005,ד חשון תשסו
07/11/2005,ה חשון תשסו
08/11/2005,ו חשון תשסו
09/11/2005,ז חשון תשסו
10/11/2005,ח חשון תשסו
11/11/2005,ט חשון תשסו
12/11/2005,י חשון תשסו
13/11/2005,יא חשון תשסו
14/11/2005,יב חשון תשסו
15/11/2005,יג חשון תשסו
16/11/2005,יד חשון תשסו
17/11/2005,טו חשון תשסו
18/11/2005,טז חשון תשסו
19/11/2005,יז חשון תשסו
20/11/2005,יח חשון תשסו
21/11/2005,יט חשון תשסו
22/11/2005,כ חשון תשסו
23/11/2005,כא חשון תשסו
24/11/2005,כב חשון תשסו
25/11/2005,כג חשון תשסו
26/11/2005,כד חשון תשסו
27/11/2005,כה חשון תשסו
28/11/2005,כו חשון תשסו
29/11/2005,כז חשון תשסו
30/11/2005,כח חשון תשסו
01/12/2005,כט חשון תשסו
02/12/2005,א כסלו תשסו
03/12/2005,ב כסלו תשסו
04/12/2005,ג כסלו תשסו
05/12/2005,ד כסלו תשסו
06/12/2005,ה כסלו תשסו
07/12/2005,ו כסלו תשסו
08/12/2005,ז כסלו תשסו
09/12/2005,ח כסלו תשסו
10/12/2005,ט כסלו תשסו
11/12/2005,י כסלו תשסו
12/12/2005,יא כסלו תשסו
13/12/2005,יב כסלו תשסו
14/12/2005,יג כסלו תשסו
15/12/2005,יד כסלו תשסו
16/12/2005,טו כסלו תשסו
17/12/2005,טז כסלו תשסו
18/12/2005,יז כסלו תשסו
19/12/2005,יח כסלו תשסו
20/12/2005,יט כסלו תשסו
21/12/2005,כ כסלו תשסו
22/12/2005,כא כסלו תשסו
23/12/2005,כב כסלו תשסו
24/12/2005,כג כסלו תשסו
25/12/2005,כד כסלו תשסו
26/12/2005,כה כסלו תשסו
27/12/2005,כו כסלו תשסו
28/12/2005,כז כסלו תשסו
29/12/2005,כח כסלו תשסו
30/12/2005,כט כסלו תשסו
31/12/2005,ל כסלו תשסו
01/01/2006,א טבת תשסו
02/01/2006,ב טבת תשסו
03/01/2006,ג טבת תשסו
04/01/2006,ד טבת תשסו
05/01/2006,ה טבת תשסו
06/01/2006,ו טבת תשסו
07/01/2006,ז טבת תשסו
08/01/2006,ח טבת תשסו
09/01/2006,ט טבת תשסו
10/01/2006,י טבת תשסו
11/01/2006,יא טבת תשסו
12/01/2006,יב טבת תשסו
13/01/2006,יג טבת תשסו
14/01/2006,יד טבת תשסו
15/01/2006,טו טבת תשסו
16/01/2006,טז טבת תשסו
17/01/2006,יז טבת תשסו
18/01/2006,יח טבת תשסו
19/01/2006,יט טבת תשסו
20/01/2006,כ טבת תשסו
21/01/2006,כא טבת תשסו
22/01/2006,כב טבת תשסו
23/01/2006,כג טבת תשסו
24/01/2006,כד טבת תשסו
25/01/2006,כה טבת תשסו
26/01/2006,כו טבת תשסו
27/01/2006,כז טבת תשסו
28/01/2006,כח טבת תשסו
29/01/2006,כט טבת תשסו
30/01/2006,א שבט תשסו
31/01/2006,ב שבט תשסו
01/02/2006,ג שבט תשסו
02/02/2006,ד שבט תשסו
03/02/2006,ה שבט תשסו
04/02/2006,ו שבט תשסו
05/02/2006,ז שבט תשסו
06/02/2006,ח שבט תשסו
07/02/2006,ט שבט תשסו
08/02/2006,י שבט תשסו
09/02/2006,יא שבט תשסו
10/02/2006,יב שבט תשסו
11/02/2006,יג שבט תשסו
12/02/2006,יד שבט תשסו
13/02/2006,טו שבט תשסו
14/02/2006,טז שבט תשסו
15/02/2006,יז שבט תשסו
16/02/2006,יח שבט תשסו
17/02/2006,יט שבט תשסו
18/02/2006,כ שבט תשסו
19/02/2006,כא שבט תשסו
20/02/2006,כב שבט תשסו
21/02/2006,כג שבט תשסו
22/02/2006,כד שבט תשסו
23/02/2006,כה שבט תשסו
24/02/2006,כו שבט תשסו
25/02/2006,כז שבט תשסו
26/02/2006,כח שבט תשסו
27/02/2006,כט שבט תשסו
28/02/2006,ל שבט תשסו
01/03/2006,א אדר תשסו
02/03/2006,ב אדר תשסו
03/03/2006,ג אדר תשסו
04/03/2006,ד אדר תשסו
05/03/2006,ה אדר תשסו
06/03/2006,ו אדר תשסו
07/03/2006,ז אדר תשסו
08/03/2006,ח אדר תשסו
09/03/2006,ט אדר תשסו
10/03/2006,י אדר תשסו
11/03/2006,יא אדר תשסו
12/03/2006,יב אדר תשסו
13/03/2006,יג אדר תשסו
14/03/2006,יד אדר תשסו
15/03/2006,טו אדר תשסו
16/03/2006,טז אדר תשסו
17/03/2006,יז אדר תשסו
18/03/2006,יח אדר תשסו
19/03/2006,יט אדר תשסו
20/03/2006,כ אדר תשסו
21/03/2006,כא אדר תשסו
22/03/2006,כב אדר תשסו
23/03/2006,כג אדר תשסו
24/03/2006,כד אדר תשסו
25/03/2006,כה אדר תשסו
26/03/2006,כו אדר תשסו
27/03/2006,כז אדר תשסו
28/03/2006,כח אדר תשסו
29/03/2006,כט אדר תשסו
30/03/2006,א ניסן תשסו
31/03/2006,ב ניסן תשסו
01/04/2006,ג ניסן תשסו
02/04/2006,ד ניסן תשסו
03/04/2006,ה ניסן תשסו
04/04/2006,ו ניסן תשסו
05/04/2006,ז ניסן תשסו
06/04/2006,ח ניסן תשסו
07/04/2006,ט ניסן תשסו
08/04/2006,י ניסן תשסו
09/04/2006,יא ניסן תשסו
10/04/2006,יב ניסן תשסו
11/04/2006,יג ניסן תשסו
12/04/2006,יד ניסן תשסו
13/04/2006,טו ניסן תשסו
14/04/2006,טז ניסן תשסו
15/04/2006,יז ניסן תשסו
16/04/2006,יח ניסן תשסו
17/04/2006,יט ניסן תשסו
18/04/2006,כ ניסן תשסו
19/04/2006,כא ניסן תשסו
20/04/2006,כב ניסן תשסו
21/04/2006,כג ניסן תשסו
22/04/2006,כד ניסן תשסו
23/04/2006,כה ניסן תשסו
24/04/2006,כו ניסן תשסו
25/04/2006,כז ניסן תשסו
26/04/2006,כח ניסן תשסו
27/04/2006,כט ניסן תשסו
28/04/2006,ל ניסן תשסו
29/04/2006,א אייר תשסו
30/04/2006,ב אייר תשסו
01/05/2006,ג אייר תשסו
02/05/2006,ד אייר תשסו
03/05/2006,ה אייר תשסו
04/05/2006,ו אייר תשסו
05/05/2006,ז אייר תשסו
06/05/2006,ח אייר תשסו
07/05/2006,ט אייר תשסו
08/05/2006,י אייר תשסו
09/05/2006,יא אייר תשסו
10/05/2006,יב אייר תשסו
11/05/2006,יג אייר תשסו
12/05/2006,יד אייר תשסו
13/05/2006,טו אייר תשסו
14/05/2006,טז אייר תשסו
15/05/2006,יז אייר תשסו
16/05/2006,יח אייר תשסו
17/05/2006,יט אייר תשסו
18/05/2006,כ אייר תשסו
19/05/2006,כא אייר תשסו
20/05/2006,כב אייר תשסו
21/05/2006,כג אייר תשסו
22/05/2006,כד אייר תשסו
23/05/2006,כה אייר תשסו
24/05/2006,כו אייר תשסו
25/05/2006,כז אייר תשסו
26/05/2006,כח אייר תשסו
27/05/2006,כט אייר תשסו
28/05/2006,א סיון תשסו
29/05/2006,ב סיון תשסו
30/05/2006,ג סיון תשסו
31/05/2006,ד סיון תשסו
01/06/2006,ה סיון תשסו
02/06/2006,ו סיון תשסו
03/06/2006,ז סיון תשסו
04/06/2006,ח סיון תשסו
05/06/2006,ט סיון תשסו
06/06/2006,י סיון תשסו
07/06/2006,יא סיון תשסו
08/06/2006,יב סיון תשסו
09/06/2006,יג סיון תשסו
10/06/2006,יד סיון תשסו
11/06/2006,טו סיון תשסו
12/06/2006,טז סיון תשסו
13/06/2006,יז סיון תשסו
14/06/2006,יח סיון תשסו
15/06/2006,יט סיון תשסו
16/06/2006,כ סיון תשסו
17/06/2006,כא סיון תשסו
18/06/2006,כב סיון תשסו
19/06/2006,כג סיון תשסו
20/06/2006,כד סיון תשסו
21/06/2006,כה סיון תשסו
22/06/2006,כו סיון תשסו
23/06/2006,כז סיון תשסו
24/06/2006,כח סיון תשסו
25/06/2006,כט סיון תשסו
26/06/2006,ל סיון תשסו
27/06/2006,א תמוז תשסו
28/06/2006,ב תמוז תשסו
29/06/2006,ג תמוז תשסו
30/06/2006,ד תמוז תשסו
01/07/2006,ה תמוז תשסו
02/07/2006,ו תמוז תשסו
03/07/2006,ז תמוז תשסו
04/07/2006,ח תמוז תשסו
05/07/2006,ט תמוז תשסו
06/07/2006,י תמוז תשסו
07/07/2006,יא תמוז תשסו
08/07/2006,יב תמוז תשסו
09/07/2006,יג תמוז תשסו
10/07/2006,יד תמוז תשסו
11/07/2006,טו תמוז תשסו
12/07/2006,טז תמוז תשסו
13/07/2006,יז תמוז תשסו
14/07/2006,יח תמוז תשסו
15/07/2006,יט תמוז תשסו
16/07/2006,כ תמוז תשסו
17/07/2006,כא תמוז תשסו
18/07/2006,כב תמוז תשסו
19/07/2006,כג תמוז תשסו
20/07/2006,כד תמוז תשסו
21/07/2006,כה תמוז תשסו
22/07/2006,כו תמוז תשסו
23/07/2006,כז תמוז תשסו
24/07/2006,כח תמוז תשסו
25/07/2006,כט תמוז תשסו
26/07/2006,א אב תשסו
27/07/2006,ב אב תשסו
28/07/2006,ג אב תשסו
29/07/2006,ד אב תשסו
30/07/2006,ה אב תשסו
31/07/2006,ו אב תשסו
01/08/2006,ז אב תשסו
02/08/2006,ח אב תשסו
03/08/2006,ט אב תשסו
04/08/2006,י אב תשסו
05/08/2006,יא אב תשסו
06/08/2006,יב אב תשסו
07/08/2006,יג אב תשסו
08/08/2006,יד אב תשסו
09/08/2006,טו אב תשסו
10/08/2006,טז אב תשסו
11/08/2006,יז אב תשסו
12/08/2006,יח אב תשסו
13/08/2006,יט אב תשסו
14/08/2006,כ אב תשסו
15/08/2006,כא אב תשסו
16/08/2006,כב אב תשסו
17/08/2006,כג אב תשסו
18/08/2006,כד אב תשסו
19/08/2006,כה אב תשסו
20/08/2006,כו אב תשסו
21/08/2006,כז אב תשסו
22/08/2006,כח אב תשסו
23/08/2006,כט אב תשסו
24/08/2006,ל אב תשסו
25/08/2006,א אלול תשסו
26/08/2006,ב אלול תשסו
27/08/2006,ג אלול תשסו
28/08/2006,ד אלול תשסו
29/08/2006,ה אלול תשסו
30/08/2006,ו אלול תשסו
31/08/2006,ז אלול תשסו
01/09/2006,ח אלול תשסו
02/09/2006,ט אלול תשסו
03/09/2006,י אלול תשסו
04/09/2006,יא אלול תשסו
05/09/2006,יב אלול תשסו
06/09/2006,יג אלול תשסו
07/09/2006,יד אלול תשסו
08/09/2006,טו אלול תשסו
09/09/2006,טז אלול תשסו
10/09/2006,יז אלול תשסו
11/09/2006,יח אלול תשסו
12/09/2006,יט אלול תשסו
13/09/2006,כ אלול תשסו
14/09/2006,כא אלול תשסו
15/09/2006,כב אלול תשסו
16/09/2006,כג אלול תשסו
17/09/2006,כד אלול תשסו
18/09/2006,כה אלול תשסו
19/09/2006,כו אלול תשסו
20/09/2006,כז אלול תשסו
21/09/2006,כח אלול תשסו
22/09/2006,כט אלול תשסו
23/09/2006,א תשרי תשסז
24/09/2006,ב תשרי תשסז
25/09/2006,ג תשרי תשסז
26/09/2006,ד תשרי תשסז
27/09/2006,ה תשרי תשסז
28/09/2006,ו תשרי תשסז
29/09/2006,ז תשרי תשסז
30/09/2006,ח תשרי תשסז
01/10/2006,ט תשרי תשסז
02/10/2006,י תשרי תשסז
03/10/2006,יא תשרי תשסז
04/10/2006,יב תשרי תשסז
05/10/2006,יג תשרי תשסז
06/10/2006,יד תשרי תשסז
07/10/2006,טו תשרי תשסז
08/10/2006,טז תשרי תשסז
09/10/2006,יז תשרי תשסז
10/10/2006,יח תשרי תשסז
11/10/2006,יט תשרי תשסז
12/10/2006,כ תשרי תשסז
13/10/2006,כא תשרי תשסז
14/10/2006,כב תשרי תשסז
15/10/2006,כג תשרי תשסז
16/10/2006,כד תשרי תשסז
17/10/2006,כה תשרי תשסז
18/10/2006,כו תשרי תשסז
19/10/2006,כז תשרי תשסז
20/10/2006,כח תשרי תשסז
21/10/2006,כט תשרי תשסז
22/10/2006,ל תשרי תשסז
23/10/2006,א חשון תשסז
24/10/2006,ב חשון תשסז
25/10/2006,ג חשון תשסז
26/10/2006,ד חשון תשסז
27/10/2006,ה חשון תשסז
28/10/2006,ו חשון תשסז
29/10/2006,ז חשון תשסז
30/10/2006,ח חשון תשסז
31/10/2006,ט חשון תשסז
01/11/2006,י חשון תשסז
02/11/2006,יא חשון תשסז
03/11/2006,יב חשון תשסז
04/11/2006,יג חשון תשסז
05/11/2006,יד חשון תשסז
06/11/2006,טו חשון תשסז
07/11/2006,טז חשון תשסז
08/11/2006,יז חשון תשסז
09/11/2006,יח חשון תשסז
10/11/2006,יט חשון תשסז
11/11/2006,כ חשון תשסז
12/11/2006,כא חשון תשסז
13/11/2006,כב חשון תשסז
14/11/2006,כג חשון תשסז
15/11/2006,כד חשון תשסז
16/11/2006,כה חשון תשסז
17/11/2006,כו חשון תשסז
18/11/2006,כז חשון תשסז
19/11/2006,כח חשון תשסז
20/11/2006,כט חשון תשסז
21/11/2006,ל חשון תשסז
22/11/2006,א כסלו תשסז
23/11/2006,ב כסלו תשסז
24/11/2006,ג כסלו תשסז
25/11/2006,ד כסלו תשסז
26/11/2006,ה כסלו תשסז
27/11/2006,ו כסלו תשסז
28/11/2006,ז כסלו תשסז
29/11/2006,ח כסלו תשסז
30/11/2006,ט כסלו תשסז
01/12/2006,י כסלו תשסז
02/12/2006,יא כסלו תשסז
03/12/2006,יב כסלו תשסז
04/12/2006,יג כסלו תשסז
05/12/2006,יד כסלו תשסז
06/12/2006,טו כסלו תשסז
07/12/2006,טז כסלו תשסז
08/12/2006,יז כסלו תשסז
09/12/2006,יח כסלו תשסז
10/12/2006,יט כסלו תשסז
11/12/2006,כ כסלו תשסז
12/12/2006,כא כסלו תשסז
13/12/2006,כב כסלו תשסז
14/12/2006,כג כסלו תשסז
15/12/2006,כד כסלו תשסז
16/12/2006,כה כסלו תשסז
17/12/2006,כו כסלו תשסז
18/12/2006,כז כסלו תשסז
19/12/2006,כח כסלו תשסז
20/12/2006,כט כסלו תשסז
21/12/2006,ל כסלו תשסז
22/12/2006,א טבת תשסז
23/12/2006,ב טבת תשסז
24/12/2006,ג טבת תשסז
25/12/2006,ד טבת תשסז
26/12/2006,ה טבת תשסז
27/12/2006,ו טבת תשסז
28/12/2006,ז טבת תשסז
29/12/2006,ח טבת תשסז
30/12/2006,ט טבת תשסז
31/12/2006,י טבת תשסז
01/01/2007,יא טבת תשסז
02/01/2007,יב טבת תשסז
03/01/2007,יג טבת תשסז
04/01/2007,יד טבת תשסז
05/01/2007,טו טבת תשסז
06/01/2007,טז טבת תשסז
07/01/2007,יז טבת תשסז
08/01/2007,יח טבת תשסז
09/01/2007,יט טבת תשסז
10/01/2007,כ טבת תשסז
11/01/2007,כא טבת תשסז
12/01/2007,כב טבת תשסז
13/01/2007,כג טבת תשסז
14/01/2007,כד טבת תשסז
15/01/2007,כה טבת תשסז
16/01/2007,כו טבת תשסז
17/01/2007,כז טבת תשסז
18/01/2007,כח טבת תשסז
19/01/2007,כט טבת תשסז
20/01/2007,א שבט תשסז
21/01/2007,ב שבט תשסז
22/01/2007,ג שבט תשסז
23/01/2007,ד שבט תשסז
24/01/2007,ה שבט תשסז
25/01/2007,ו שבט תשסז
26/01/2007,ז שבט תשסז
27/01/2007,ח שבט תשסז
28/01/2007,ט שבט תשסז
29/01/2007,י שבט תשסז
30/01/2007,יא שבט תשסז
31/01/2007,יב שבט תשסז
01/02/2007,יג שבט תשסז
02/02/2007,יד שבט תשסז
03/02/2007,טו שבט תשסז
04/02/2007,טז שבט תשסז
05/02/2007,יז שבט תשסז
06/02/2007,יח שבט תשסז
07/02/2007,יט שבט תשסז
08/02/2007,כ שבט תשסז
09/02/2007,כא שבט תשסז
10/02/2007,כב שבט תשסז
11/02/2007,כג שבט תשסז
12/02/2007,כד שבט תשסז
13/02/2007,כה שבט תשסז
14/02/2007,כו שבט תשסז
15/02/2007,כז שבט תשסז
16/02/2007,כח שבט תשסז
17/02/2007,כט שבט תשסז
18/02/2007,ל שבט תשסז
19/02/2007,א אדר תשסז
20/02/2007,ב אדר תשסז
21/02/2007,ג אדר תשסז
22/02/2007,ד אדר תשסז
23/02/2007,ה אדר תשסז
24/02/2007,ו אדר תשסז
25/02/2007,ז אדר תשסז
26/02/2007,ח אדר תשסז
27/02/2007,ט אדר תשסז
28/02/2007,י אדר תשסז
01/03/2007,יא אדר תשסז
02/03/2007,יב אדר תשסז
03/03/2007,יג אדר תשסז
04/03/2007,יד אדר תשסז
05/03/2007,טו אדר תשסז
06/03/2007,טז אדר תשסז
07/03/2007,יז אדר תשסז
08/03/2007,יח אדר תשסז
09/03/2007,יט אדר תשסז
10/03/2007,כ אדר תשסז
11/03/2007,כא אדר תשסז
12/03/2007,כב אדר תשסז
13/03/2007,כג אדר תשסז
14/03/2007,כד אדר תשסז
15/03/2007,כה אדר תשסז
16/03/2007,כו אדר תשסז
17/03/2007,כז אדר תשסז
18/03/2007,כח אדר תשסז
19/03/2007,כט אדר תשסז
20/03/2007,א ניסן תשסז
21/03/2007,ב ניסן תשסז
22/03/2007,ג ניסן תשסז
23/03/2007,ד ניסן תשסז
24/03/2007,ה ניסן תשסז
25/03/2007,ו ניסן תשסז
26/03/2007,ז ניסן תשסז
27/03/2007,ח ניסן תשסז
28/03/2007,ט ניסן תשסז
29/03/2007,י ניסן תשסז
30/03/2007,יא ניסן תשסז
31/03/2007,יב ניסן תשסז
01/04/2007,יג ניסן תשסז
02/04/2007,יד ניסן תשסז
03/04/2007,טו ניסן תשסז
04/04/2007,טז ניסן תשסז
05/04/2007,יז ניסן תשסז
06/04/2007,יח ניסן תשסז
07/04/2007,יט ניסן תשסז
08/04/2007,כ ניסן תשסז
09/04/2007,כא ניסן תשסז
10/04/2007,כב ניסן תשסז
11/04/2007,כג ניסן תשסז
12/04/2007,כד ניסן תשסז
13/04/2007,כה ניסן תשסז
14/04/2007,כו ניסן תשסז
15/04/2007,כז ניסן תשסז
16/04/2007,כח ניסן תשסז
17/04/2007,כט ניסן תשסז
18/04/2007,ל ניסן תשסז
19/04/2007,א אייר תשסז
20/04/2007,ב אייר תשסז
21/04/2007,ג אייר תשסז
22/04/2007,ד אייר תשסז
23/04/2007,ה אייר תשסז
24/04/2007,ו אייר תשסז
25/04/2007,ז אייר תשסז
26/04/2007,ח אייר תשסז
27/04/2007,ט אייר תשסז
28/04/2007,י אייר תשסז
29/04/2007,יא אייר תשסז
30/04/2007,יב אייר תשסז
01/05/2007,יג אייר תשסז
02/05/2007,יד אייר תשסז
03/05/2007,טו אייר תשסז
04/05/2007,טז אייר תשסז
05/05/2007,יז אייר תשסז
06/05/2007,יח אייר תשסז
07/05/2007,יט אייר תשסז
08/05/2007,כ אייר תשסז
09/05/2007,כא אייר תשסז
10/05/2007,כב אייר תשסז
11/05/2007,כג אייר תשסז
12/05/2007,כד אייר תשסז
13/05/2007,כה אייר תשסז
14/05/2007,כו אייר תשסז
15/05/2007,כז אייר תשסז
16/05/2007,כח אייר תשסז
17/05/2007,כט אייר תשסז
18/05/2007,א סיון תשסז
19/05/2007,ב סיון תשסז
20/05/2007,ג סיון תשסז
21/05/2007,ד סיון תשסז
22/05/2007,ה סיון תשסז
23/05/2007,ו סיון תשסז
24/05/2007,ז סיון תשסז
25/05/2007,ח סיון תשסז
26/05/2007,ט סיון תשסז
27/05/2007,י סיון תשסז
28/05/2007,יא סיון תשסז
29/05/2007,יב סיון תשסז
30/05/2007,יג סיון תשסז
31/05/2007,יד סיון תשסז
01/06/2007,טו סיון תשסז
02/06/2007,טז סיון תשסז
03/06/2007,יז סיון תשסז
04/06/2007,יח סיון תשסז
05/06/2007,יט סיון תשסז
06/06/2007,כ סיון תשסז
07/06/2007,כא סיון תשסז
08/06/2007,כב סיון תשסז
09/06/2007,כג סיון תשסז
10/06/2007,כד סיון תשסז
11/06/2007,כה סיון תשסז
12/06/2007,כו סיון תשסז
13/06/2007,כז סיון תשסז
14/06/2007,כח סיון תשסז
15/06/2007,כט סיון תשסז
16/06/2007,ל סיון תשסז
17/06/2007,א תמוז תשסז
18/06/2007,ב תמוז תשסז
19/06/2007,ג תמוז תשסז
20/06/2007,ד תמוז תשסז
21/06/2007,ה תמוז תשסז
22/06/2007,ו תמוז תשסז
23/06/2007,ז תמוז תשסז
24/06/2007,ח תמוז תשסז
25/06/2007,ט תמוז תשסז
26/06/2007,י תמוז תשסז
27/06/2007,יא תמוז תשסז
28/06/2007,יב תמוז תשסז
29/06/2007,יג תמוז תשסז
30/06/2007,יד תמוז תשסז
01/07/2007,טו תמוז תשסז
02/07/2007,טז תמוז תשסז
03/07/2007,יז תמוז תשסז
04/07/2007,יח תמוז תשסז
05/07/2007,יט תמוז תשסז
06/07/2007,כ תמוז תשסז
07/07/2007,כא תמוז תשסז
08/07/2007,כב תמוז תשסז
09/07/2007,כג תמוז תשסז
10/07/2007,כד תמוז תשסז
11/07/2007,כה תמוז תשסז
12/07/2007,כו תמוז תשסז
13/07/2007,כז תמוז תשסז
14/07/2007,כח תמוז תשסז
15/07/2007,כט תמוז תשסז
16/07/2007,א אב תשסז
17/07/2007,ב אב תשסז
18/07/2007,ג אב תשסז
19/07/2007,ד אב תשסז
20/07/2007,ה אב תשסז
21/07/2007,ו אב תשסז
22/07/2007,ז אב תשסז
23/07/2007,ח אב תשסז
24/07/2007,ט אב תשסז
25/07/2007,י אב תשסז
26/07/2007,יא אב תשסז
27/07/2007,יב אב תשסז
28/07/2007,יג אב תשסז
29/07/2007,יד אב תשסז
30/07/2007,טו אב תשסז
31/07/2007,טז אב תשסז
01/08/2007,יז אב תשסז
02/08/2007,יח אב תשסז
03/08/2007,יט אב תשסז
04/08/2007,כ אב תשסז
05/08/2007,כא אב תשסז
06/08/2007,כב אב תשסז
07/08/2007,כג אב תשסז
08/08/2007,כד אב תשסז
09/08/2007,כה אב תשסז
10/08/2007,כו אב תשסז
11/08/2007,כז אב תשסז
12/08/2007,כח אב תשסז
13/08/2007,כט אב תשסז
14/08/2007,ל אב תשסז
15/08/2007,א אלול תשסז
16/08/2007,ב אלול תשסז
17/08/2007,ג אלול תשסז
18/08/2007,ד אלול תשסז
19/08/2007,ה אלול תשסז
20/08/2007,ו אלול תשסז
21/08/2007,ז אלול תשסז
22/08/2007,ח אלול תשסז
23/08/2007,ט אלול תשסז
24/08/2007,י אלול תשסז
25/08/2007,יא אלול תשסז
26/08/2007,יב אלול תשסז
27/08/2007,יג אלול תשסז
28/08/2007,יד אלול תשסז
29/08/2007,טו אלול תשסז
30/08/2007,טז אלול תשסז
31/08/2007,יז אלול תשסז
01/09/2007,יח אלול תשסז
02/09/2007,יט אלול תשסז
03/09/2007,כ אלול תשסז
04/09/2007,כא אלול תשסז
05/09/2007,כב אלול תשסז
06/09/2007,כג אלול תשסז
07/09/2007,כד אלול תשסז
08/09/2007,כה אלול תשסז
09/09/2007,כו אלול תשסז
10/09/2007,כז אלול תשסז
11/09/2007,כח אלול תשסז
12/09/2007,כט אלול תשסז
13/09/2007,א תשרי תשסח
14/09/2007,ב תשרי תשסח
15/09/2007,ג תשרי תשסח
16/09/2007,ד תשרי תשסח
17/09/2007,ה תשרי תשסח
18/09/2007,ו תשרי תשסח
19/09/2007,ז תשרי תשסח
20/09/2007,ח תשרי תשסח
21/09/2007,ט תשרי תשסח
22/09/2007,י תשרי תשסח
23/09/2007,יא תשרי תשסח
24/09/2007,יב תשרי תשסח
25/09/2007,יג תשרי תשסח
26/09/2007,יד תשרי תשסח
27/09/2007,טו תשרי תשסח
28/09/2007,טז תשרי תשסח
29/09/2007,יז תשרי תשסח
30/09/2007,יח תשרי תשסח
01/10/2007,יט תשרי תשסח
02/10/2007,כ תשרי תשסח
03/10/2007,כא תשרי תשסח
04/10/2007,כב תשרי תשסח
05/10/2007,כג תשרי תשסח
06/10/2007,כד תשרי תשסח
07/10/2007,כה תשרי תשסח
08/10/2007,כו תשרי תשסח
09/10/2007,כז תשרי תשסח
10/10/2007,כח תשרי תשסח
11/10/2007,כט תשרי תשסח
12/10/2007,ל תשרי תשסח
13/10/2007,א חשון תשסח
14/10/2007,ב חשון תשסח
15/10/2007,ג חשון תשסח
16/10/2007,ד חשון תשסח
17/10/2007,ה חשון תשסח
18/10/2007,ו חשון תשסח
19/10/2007,ז חשון תשסח
20/10/2007,ח חשון תשסח
21/10/2007,ט חשון תשסח
22/10/2007,י חשון תשסח
23/10/2007,יא חשון תשסח
24/10/2007,יב חשון תשסח
25/10/2007,יג חשון תשסח
26/10/2007,יד חשון תשסח
27/10/2007,טו חשון תשסח
28/10/2007,טז חשון תשסח
29/10/2007,יז חשון תשסח
30/10/2007,יח חשון תשסח
31/10/2007,יט חשון תשסח
01/11/2007,כ חשון תשסח
02/11/2007,כא חשון תשסח
03/11/2007,כב חשון תשסח
04/11/2007,כג חשון תשסח
05/11/2007,כד חשון תשסח
06/11/2007,כה חשון תשסח
07/11/2007,כו חשון תשסח
08/11/2007,כז חשון תשסח
09/11/2007,כח חשון תשסח
10/11/2007,כט חשון תשסח
11/11/2007,א כסלו תשסח
12/11/2007,ב כסלו תשסח
13/11/2007,ג כסלו תשסח
14/11/2007,ד כסלו תשסח
15/11/2007,ה כסלו תשסח
16/11/2007,ו כסלו תשסח
17/11/2007,ז כסלו תשסח
18/11/2007,ח כסלו תשסח
19/11/2007,ט כסלו תשסח
20/11/2007,י כסלו תשסח
21/11/2007,יא כסלו תשסח
22/11/2007,יב כסלו תשסח
23/11/2007,יג כסלו תשסח
24/11/2007,יד כסלו תשסח
25/11/2007,טו כסלו תשסח
26/11/2007,טז כסלו תשסח
27/11/2007,יז כסלו תשסח
28/11/2007,יח כסלו תשסח
29/11/2007,יט כסלו תשסח
30/11/2007,כ כסלו תשסח
01/12/2007,כא כסלו תשסח
02/12/2007,כב כסלו תשסח
03/12/2007,כג כסלו תשסח
04/12/2007,כד כסלו תשסח
05/12/2007,כה כסלו תשסח
06/12/2007,כו כסלו תשסח
07/12/2007,כז כסלו תשסח
08/12/2007,כח כסלו תשסח
09/12/2007,כט כסלו תשסח
10/12/2007,א טבת תשסח
11/12/2007,ב טבת תשסח
12/12/2007,ג טבת תשסח
13/12/2007,ד טבת תשסח
14/12/2007,ה טבת תשסח
15/12/2007,ו טבת תשסח
16/12/2007,ז טבת תשסח
17/12/2007,ח טבת תשסח
18/12/2007,ט טבת תשסח
19/12/2007,י טבת תשסח
20/12/2007,יא טבת תשסח
21/12/2007,יב טבת תשסח
22/12/2007,יג טבת תשסח
23/12/2007,יד טבת תשסח
24/12/2007,טו טבת תשסח
25/12/2007,טז טבת תשסח
26/12/2007,יז טבת תשסח
27/12/2007,יח טבת תשסח
28/12/2007,יט טבת תשסח
29/12/2007,כ טבת תשסח
30/12/2007,כא טבת תשסח
31/12/2007,כב טבת תשסח
01/01/2008,כג טבת תשסח
02/01/2008,כד טבת תשסח
03/01/2008,כה טבת תשסח
04/01/2008,כו טבת תשסח
05/01/2008,כז טבת תשסח
06/01/2008,כח טבת תשסח
07/01/2008,כט טבת תשסח
08/01/2008,א שבט תשסח
09/01/2008,ב שבט תשסח
10/01/2008,ג שבט תשסח
11/01/2008,ד שבט תשסח
12/01/2008,ה שבט תשסח
13/01/2008,ו שבט תשסח
14/01/2008,ז שבט תשסח
15/01/2008,ח שבט תשסח
16/01/2008,ט שבט תשסח
17/01/2008,י שבט תשסח
18/01/2008,יא שבט תשסח
19/01/2008,יב שבט תשסח
20/01/2008,יג שבט תשסח
21/01/2008,יד שבט תשסח
22/01/2008,טו שבט תשסח
23/01/2008,טז שבט תשסח
24/01/2008,יז שבט תשסח
25/01/2008,יח שבט תשסח
26/01/2008,יט שבט תשסח
27/01/2008,כ שבט תשסח
28/01/2008,כא שבט תשסח
29/01/2008,כב שבט תשסח
30/01/2008,כג שבט תשסח
31/01/2008,כד שבט תשסח
01/02/2008,כה שבט תשסח
02/02/2008,כו שבט תשסח
03/02/2008,כז שבט תשסח
04/02/2008,כח שבט תשסח
05/02/2008,כט שבט תשסח
06/02/2008,ל שבט תשסח
07/02/2008,א אדר-א תשסח
08/02/2008,ב אדר-א תשסח
09/02/2008,ג אדר-א תשסח
10/02/2008,ד אדר-א תשסח
11/02/2008,ה אדר-א תשסח
12/02/2008,ו אדר-א תשסח
13/02/2008,ז אדר-א תשסח
14/02/2008,ח אדר-א תשסח
15/02/2008,ט אדר-א תשסח
16/02/2008,י אדר-א תשסח
17/02/2008,יא אדר-א תשסח
18/02/2008,יב אדר-א תשסח
19/02/2008,יג אדר-א תשסח
20/02/2008,יד אדר-א תשסח
21/02/2008,טו אדר-א תשסח
22/02/2008,טז אדר-א תשסח
23/02/2008,יז אדר-א תשסח
24/02/2008,יח אדר-א תשסח
25/02/2008,יט אדר-א תשסח
26/02/2008,כ אדר-א תשסח
27/02/2008,כא אדר-א תשסח
28/02/2008,כב אדר-א תשסח
29/02/2008,כג אדר-א תשסח
01/03/2008,כד אדר-א תשסח
02/03/2008,כה אדר-א תשסח
03/03/2008,כו אדר-א תשסח
04/03/2008,כז אדר-א תשסח
05/03/2008,כח אדר-א תשסח
06/03/2008,כט אדר-א תשסח
07/03/2008,ל אדר-א תשסח
08/03/2008,א אדר-ב תשסח
09/03/2008,ב אדר-ב תשסח
10/03/2008,ג אדר-ב תשסח
11/03/2008,ד אדר-ב תשסח
12/03/2008,ה אדר-ב תשסח
13/03/2008,ו אדר-ב תשסח
14/03/2008,ז אדר-ב תשסח
15/03/2008,ח אדר-ב תשסח
16/03/2008,ט אדר-ב תשסח
17/03/2008,י אדר-ב תשסח
18/03/2008,יא אדר-ב תשסח
19/03/2008,יב אדר-ב תשסח
20/03/2008,יג אדר-ב תשסח
21/03/2008,יד אדר-ב תשסח
22/03/2008,טו אדר-ב תשסח
23/03/2008,טז אדר-ב תשסח
24/03/2008,יז אדר-ב תשסח
25/03/2008,יח אדר-ב תשסח
26/03/2008,יט אדר-ב תשסח
27/03/2008,כ אדר-ב תשסח
28/03/2008,כא אדר-ב תשסח
29/03/2008,כב אדר-ב תשסח
30/03/2008,כג אדר-ב תשסח
31/03/2008,כד אדר-ב תשסח
01/04/2008,כה אדר-ב תשסח
02/04/2008,כו אדר-ב תשסח
03/04/2008,כז אדר-ב תשסח
04/04/2008,כח אדר-ב תשסח
05/04/2008,כט אדר-ב תשסח
06/04/2008,א ניסן תשסח
07/04/2008,ב ניסן תשסח
08/04/2008,ג ניסן תשסח
09/04/2008,ד ניסן תשסח
10/04/2008,ה ניסן תשסח
11/04/2008,ו ניסן תשסח
12/04/2008,ז ניסן תשסח
13/04/2008,ח ניסן תשסח
14/04/2008,ט ניסן תשסח
15/04/2008,י ניסן תשסח
16/04/2008,יא ניסן תשסח
17/04/2008,יב ניסן תשסח
18/04/2008,יג ניסן תשסח
19/04/2008,יד ניסן תשסח
20/04/2008,טו ניסן תשסח
21/04/2008,טז ניסן תשסח
22/04/2008,יז ניסן תשסח
23/04/2008,יח ניסן תשסח
24/04/2008,יט ניסן תשסח
25/04/2008,כ ניסן תשסח
26/04/2008,כא ניסן תשסח
27/04/2008,כב ניסן תשסח
28/04/2008,כג ניסן תשסח
29/04/2008,כד ניסן תשסח
30/04/2008,כה ניסן תשסח
01/05/2008,כו ניסן תשסח
02/05/2008,כז ניסן תשסח
03/05/2008,כח ניסן תשסח
04/05/2008,כט ניסן תשסח
05/05/2008,ל ניסן תשסח
06/05/2008,א אייר תשסח
07/05/2008,ב אייר תשסח
08/05/2008,ג אייר תשסח
09/05/2008,ד אייר תשסח
10/05/2008,ה אייר תשסח
11/05/2008,ו אייר תשסח
12/05/2008,ז אייר תשסח
13/05/2008,ח אייר תשסח
14/05/2008,ט אייר תשסח
15/05/2008,י אייר תשסח
16/05/2008,יא אייר תשסח
17/05/2008,יב אייר תשסח
18/05/2008,יג אייר תשסח
19/05/2008,יד אייר תשסח
20/05/2008,טו אייר תשסח
21/05/2008,טז אייר תשסח
22/05/2008,יז אייר תשסח
23/05/2008,יח אייר תשסח
24/05/2008,יט אייר תשסח
25/05/2008,כ אייר תשסח
26/05/2008,כא אייר תשסח
27/05/2008,כב אייר תשסח
28/05/2008,כג אייר תשסח
29/05/2008,כד אייר תשסח
30/05/2008,כה אייר תשסח
31/05/2008,כו אייר תשסח
01/06/2008,כז אייר תשסח
02/06/2008,כח אייר תשסח
03/06/2008,כט אייר תשסח
04/06/2008,א סיון תשסח
05/06/2008,ב סיון תשסח
06/06/2008,ג סיון תשסח
07/06/2008,ד סיון תשסח
08/06/2008,ה סיון תשסח
09/06/2008,ו סיון תשסח
10/06/2008,ז סיון תשסח
11/06/2008,ח סיון תשסח
12/06/2008,ט סיון תשסח
13/06/2008,י סיון תשסח
14/06/2008,יא סיון תשסח
15/06/2008,יב סיון תשסח
16/06/2008,יג סיון תשסח
17/06/2008,יד סיון תשסח
18/06/2008,טו סיון תשסח
19/06/2008,טז סיון תשסח
20/06/2008,יז סיון תשסח
21/06/2008,יח סיון תשסח
22/06/2008,יט סיון תשסח
23/06/2008,כ סיון תשסח
24/06/2008,כא סיון תשסח
25/06/2008,כב סיון תשסח
26/06/2008,כג סיון תשסח
27/06/2008,כד סיון תשסח
28/06/2008,כה סיון תשסח
29/06/2008,כו סיון תשסח
30/06/2008,כז סיון תשסח
01/07/2008,כח סיון תשסח
02/07/2008,כט סיון תשסח
03/07/2008,ל סיון תשסח
04/07/2008,א תמוז תשסח
05/07/2008,ב תמוז תשסח
06/07/2008,ג תמוז תשסח
07/07/2008,ד תמוז תשסח
08/07/2008,ה תמוז תשסח
09/07/2008,ו תמוז תשסח
10/07/2008,ז תמוז תשסח
11/07/2008,ח תמוז תשסח
12/07/2008,ט תמוז תשסח
13/07/2008,י תמוז תשסח
14/07/2008,יא תמוז תשסח
15/07/2008,יב תמוז תשסח
16/07/2008,יג תמוז תשסח
17/07/2008,יד תמוז תשסח
18/07/2008,טו תמוז תשסח
19/07/2008,טז תמוז תשסח
20/07/2008,יז תמוז תשסח
21/07/2008,יח תמוז תשסח
22/07/2008,יט תמוז תשסח
23/07/2008,כ תמוז תשסח
24/07/2008,כא תמוז תשסח
25/07/2008,כב תמוז תשסח
26/07/2008,כג תמוז תשסח
27/07/2008,כד תמוז תשסח
28/07/2008,כה תמוז תשסח
29/07/2008,כו תמוז תשסח
30/07/2008,כז תמוז תשסח
31/07/2008,כח תמוז תשסח
01/08/2008,כט תמוז תשסח
02/08/2008,א אב תשסח
03/08/2008,ב אב תשסח
04/08/2008,ג אב תשסח
05/08/2008,ד אב תשסח
06/08/2008,ה אב תשסח
07/08/2008,ו אב תשסח
08/08/2008,ז אב תשסח
09/08/2008,ח אב תשסח
10/08/2008,ט אב תשסח
11/08/2008,י אב תשסח
12/08/2008,יא אב תשסח
13/08/2008,יב אב תשסח
14/08/2008,יג אב תשסח
15/08/2008,יד אב תשסח
16/08/2008,טו אב תשסח
17/08/2008,טז אב תשסח
18/08/2008,יז אב תשסח
19/08/2008,יח אב תשסח
20/08/2008,יט אב תשסח
21/08/2008,כ אב תשסח
22/08/2008,כא אב תשסח
23/08/2008,כב אב תשסח
24/08/2008,כג אב תשסח
25/08/2008,כד אב תשסח
26/08/2008,כה אב תשסח
27/08/2008,כו אב תשסח
28/08/2008,כז אב תשסח
29/08/2008,כח אב תשסח
30/08/2008,כט אב תשסח
31/08/2008,ל אב תשסח
01/09/2008,א אלול תשסח
02/09/2008,ב אלול תשסח
03/09/2008,ג אלול תשסח
04/09/2008,ד אלול תשסח
05/09/2008,ה אלול תשסח
06/09/2008,ו אלול תשסח
07/09/2008,ז אלול תשסח
08/09/2008,ח אלול תשסח
09/09/2008,ט אלול תשסח
10/09/2008,י אלול תשסח
11/09/2008,יא אלול תשסח
12/09/2008,יב אלול תשסח
13/09/2008,יג אלול תשסח
14/09/2008,יד אלול תשסח
15/09/2008,טו אלול תשסח
16/09/2008,טז אלול תשסח
17/09/2008,יז אלול תשסח
18/09/2008,יח אלול תשסח
19/09/2008,יט אלול תשסח
20/09/2008,כ אלול תשסח
21/09/2008,כא אלול תשסח
22/09/2008,כב אלול תשסח
23/09/2008,כג אלול תשסח
24/09/2008,כד אלול תשסח
25/09/2008,כה אלול תשסח
26/09/2008,כו אלול תשסח
27/09/2008,כז אלול תשסח
28/09/2008,כח אלול תשסח
29/09/2008,כט אלול תשסח
30/09/2008,א תשרי תשסט
01/10/2008,ב תשרי תשסט
02/10/2008,ג תשרי תשסט
03/10/2008,ד תשרי תשסט
04/10/2008,ה תשרי תשסט
05/10/2008,ו תשרי תשסט
06/10/2008,ז תשרי תשסט
07/10/2008,ח תשרי תשסט
08/10/2008,ט תשרי תשסט
09/10/2008,י תשרי תשסט
10/10/2008,יא תשרי תשסט
11/10/2008,יב תשרי תשסט
12/10/2008,יג תשרי תשסט
13/10/2008,יד תשרי תשסט
14/10/2008,טו תשרי תשסט
15/10/2008,טז תשרי תשסט
16/10/2008,יז תשרי תשסט
17/10/2008,יח תשרי תשסט
18/10/2008,יט תשרי תשסט
19/10/2008,כ תשרי תשסט
20/10/2008,כא תשרי תשסט
21/10/2008,כב תשרי תשסט
22/10/2008,כג תשרי תשסט
23/10/2008,כד תשרי תשסט
24/10/2008,כה תשרי תשסט
25/10/2008,כו תשרי תשסט
26/10/2008,כז תשרי תשסט
27/10/2008,כח תשרי תשסט
28/10/2008,כט תשרי תשסט
29/10/2008,ל תשרי תשסט
30/10/2008,א חשון תשסט
31/10/2008,ב חשון תשסט
01/11/2008,ג חשון תשסט
02/11/2008,ד חשון תשסט
03/11/2008,ה חשון תשסט
04/11/2008,ו חשון תשסט
05/11/2008,ז חשון תשסט
06/11/2008,ח חשון תשסט
07/11/2008,ט חשון תשסט
08/11/2008,י חשון תשסט
09/11/2008,יא חשון תשסט
10/11/2008,יב חשון תשסט
11/11/2008,יג חשון תשסט
12/11/2008,יד חשון תשסט
13/11/2008,טו חשון תשסט
14/11/2008,טז חשון תשסט
15/11/2008,יז חשון תשסט
16/11/2008,יח חשון תשסט
17/11/2008,יט חשון תשסט
18/11/2008,כ חשון תשסט
19/11/2008,כא חשון תשסט
20/11/2008,כב חשון תשסט
21/11/2008,כג חשון תשסט
22/11/2008,כד חשון תשסט
23/11/2008,כה חשון תשסט
24/11/2008,כו חשון תשסט
25/11/2008,כז חשון תשסט
26/11/2008,כח חשון תשסט
27/11/2008,כט חשון תשסט
28/11/2008,א כסלו תשסט
29/11/2008,ב כסלו תשסט
30/11/2008,ג כסלו תשסט
01/12/2008,ד כסלו תשסט
02/12/2008,ה כסלו תשסט
03/12/2008,ו כסלו תשסט
04/12/2008,ז כסלו תשסט
05/12/2008,ח כסלו תשסט
06/12/2008,ט כסלו תשסט
07/12/2008,י כסלו תשסט
08/12/2008,יא כסלו תשסט
09/12/2008,יב כסלו תשסט
10/12/2008,יג כסלו תשסט
11/12/2008,יד כסלו תשסט
12/12/2008,טו כסלו תשסט
13/12/2008,טז כסלו תשסט
14/12/2008,יז כסלו תשסט
15/12/2008,יח כסלו תשסט
16/12/2008,יט כסלו תשסט
17/12/2008,כ כסלו תשסט
18/12/2008,כא כסלו תשסט
19/12/2008,כב כסלו תשסט
20/12/2008,כג כסלו תשסט
21/12/2008,כד כסלו תשסט
22/12/2008,כה כסלו תשסט
23/12/2008,כו כסלו תשסט
24/12/2008,כז כסלו תשסט
25/12/2008,כח כסלו תשסט
26/12/2008,כט כסלו תשסט
27/12/2008,ל כסלו תשסט
28/12/2008,א טבת תשסט
29/12/2008,ב טבת תשסט
30/12/2008,ג טבת תשסט
31/12/2008,ד טבת תשסט
01/01/2009,ה טבת תשסט
02/01/2009,ו טבת תשסט
03/01/2009,ז טבת תשסט
04/01/2009,ח טבת תשסט
05/01/2009,ט טבת תשסט
06/01/2009,י טבת תשסט
07/01/2009,יא טבת תשסט
08/01/2009,יב טבת תשסט
09/01/2009,יג טבת תשסט
10/01/2009,יד טבת תשסט
11/01/2009,טו טבת תשסט
12/01/2009,טז טבת תשסט
13/01/2009,יז טבת תשסט
14/01/2009,יח טבת תשסט
15/01/2009,יט טבת תשסט
16/01/2009,כ טבת תשסט
17/01/2009,כא טבת תשסט
18/01/2009,כב טבת תשסט
19/01/2009,כג טבת תשסט
20/01/2009,כד טבת תשסט
21/01/2009,כה טבת תשסט
22/01/2009,כו טבת תשסט
23/01/2009,כז טבת תשסט
24/01/2009,כח טבת תשסט
25/01/2009,כט טבת תשסט
26/01/2009,א שבט תשסט
27/01/2009,ב שבט תשסט
28/01/2009,ג שבט תשסט
29/01/2009,ד שבט תשסט
30/01/2009,ה שבט תשסט
31/01/2009,ו שבט תשסט
01/02/2009,ז שבט תשסט
02/02/2009,ח שבט תשסט
03/02/2009,ט שבט תשסט
04/02/2009,י שבט תשסט
05/02/2009,יא שבט תשסט
06/02/2009,יב שבט תשסט
07/02/2009,יג שבט תשסט
08/02/2009,יד שבט תשסט
09/02/2009,טו שבט תשסט
10/02/2009,טז שבט תשסט
11/02/2009,יז שבט תשסט
12/02/2009,יח שבט תשסט
13/02/2009,יט שבט תשסט
14/02/2009,כ שבט תשסט
15/02/2009,כא שבט תשסט
16/02/2009,כב שבט תשסט
17/02/2009,כג שבט תשסט
18/02/2009,כד שבט תשסט
19/02/2009,כה שבט תשסט
20/02/2009,כו שבט תשסט
21/02/2009,כז שבט תשסט
22/02/2009,כח שבט תשסט
23/02/2009,כט שבט תשסט
24/02/2009,ל שבט תשסט
25/02/2009,א אדר תשסט
26/02/2009,ב אדר תשסט
27/02/2009,ג אדר תשסט
28/02/2009,ד אדר תשסט
01/03/2009,ה אדר תשסט
02/03/2009,ו אדר תשסט
03/03/2009,ז אדר תשסט
04/03/2009,ח אדר תשסט
05/03/2009,ט אדר תשסט
06/03/2009,י אדר תשסט
07/03/2009,יא אדר תשסט
08/03/2009,יב אדר תשסט
09/03/2009,יג אדר תשסט
10/03/2009,יד אדר תשסט
11/03/2009,טו אדר תשסט
12/03/2009,טז אדר תשסט
13/03/2009,יז אדר תשסט
14/03/2009,יח אדר תשסט
15/03/2009,יט אדר תשסט
16/03/2009,כ אדר תשסט
17/03/2009,כא אדר תשסט
18/03/2009,כב אדר תשסט
19/03/2009,כג אדר תשסט
20/03/2009,כד אדר תשסט
21/03/2009,כה אדר תשסט
22/03/2009,כו אדר תשסט
23/03/2009,כז אדר תשסט
24/03/2009,כח אדר תשסט
25/03/2009,כט אדר תשסט
26/03/2009,א ניסן תשסט
27/03/2009,ב ניסן תשסט
28/03/2009,ג ניסן תשסט
29/03/2009,ד ניסן תשסט
30/03/2009,ה ניסן תשסט
31/03/2009,ו ניסן תשסט
01/04/2009,ז ניסן תשסט
02/04/2009,ח ניסן תשסט
03/04/2009,ט ניסן תשסט
04/04/2009,י ניסן תשסט
05/04/2009,יא ניסן תשסט
06/04/2009,יב ניסן תשסט
07/04/2009,יג ניסן תשסט
08/04/2009,יד ניסן תשסט
09/04/2009,טו ניסן תשסט
10/04/2009,טז ניסן תשסט
11/04/2009,יז ניסן תשסט
12/04/2009,יח ניסן תשסט
13/04/2009,יט ניסן תשסט
14/04/2009,כ ניסן תשסט
15/04/2009,כא ניסן תשסט
16/04/2009,כב ניסן תשסט
17/04/2009,כג ניסן תשסט
18/04/2009,כד ניסן תשסט
19/04/2009,כה ניסן תשסט
20/04/2009,כו ניסן תשסט
21/04/2009,כז ניסן תשסט
22/04/2009,כח ניסן תשסט
23/04/2009,כט ניסן תשסט
24/04/2009,ל ניסן תשסט
25/04/2009,א אייר תשסט
26/04/2009,ב אייר תשסט
27/04/2009,ג אייר תשסט
28/04/2009,ד אייר תשסט
29/04/2009,ה אייר תשסט
30/04/2009,ו אייר תשסט
01/05/2009,ז אייר תשסט
02/05/2009,ח אייר תשסט
03/05/2009,ט אייר תשסט
04/05/2009,י אייר תשסט
05/05/2009,יא אייר תשסט
06/05/2009,יב אייר תשסט
07/05/2009,יג אייר תשסט
08/05/2009,יד אייר תשסט
09/05/2009,טו אייר תשסט
10/05/2009,טז אייר תשסט
11/05/2009,יז אייר תשסט
12/05/2009,יח אייר תשסט
13/05/2009,יט אייר תשסט
14/05/2009,כ אייר תשסט
15/05/2009,כא אייר תשסט
16/05/2009,כב אייר תשסט
17/05/2009,כג אייר תשסט
18/05/2009,כד אייר תשסט
19/05/2009,כה אייר תשסט
20/05/2009,כו אייר תשסט
21/05/2009,כז אייר תשסט
22/05/2009,כח אייר תשסט
23/05/2009,כט אייר תשסט
24/05/2009,א סיון תשסט
25/05/2009,ב סיון תשסט
26/05/2009,ג סיון תשסט
27/05/2009,ד סיון תשסט
28/05/2009,ה סיון תשסט
29/05/2009,ו סיון תשסט
30/05/2009,ז סיון תשסט
31/05/2009,ח סיון תשסט
01/06/2009,ט סיון תשסט
02/06/2009,י סיון תשסט
03/06/2009,יא סיון תשסט
04/06/2009,יב סיון תשסט
05/06/2009,יג סיון תשסט
06/06/2009,יד סיון תשסט
07/06/2009,טו סיון תשסט
08/06/2009,טז סיון תשסט
09/06/2009,יז סיון תשסט
10/06/2009,יח סיון תשסט
11/06/2009,יט סיון תשסט
12/06/2009,כ סיון תשסט
13/06/2009,כא סיון תשסט
14/06/2009,כב סיון תשסט
15/06/2009,כג סיון תשסט
16/06/2009,כד סיון תשסט
17/06/2009,כה סיון תשסט
18/06/2009,כו סיון תשסט
19/06/2009,כז סיון תשסט
20/06/2009,כח סיון תשסט
21/06/2009,כט סיון תשסט
22/06/2009,ל סיון תשסט
23/06/2009,א תמוז תשסט
24/06/2009,ב תמוז תשסט
25/06/2009,ג תמוז תשסט
26/06/2009,ד תמוז תשסט
27/06/2009,ה תמוז תשסט
28/06/2009,ו תמוז תשסט
29/06/2009,ז תמוז תשסט
30/06/2009,ח תמוז תשסט
01/07/2009,ט תמוז תשסט
02/07/2009,י תמוז תשסט
03/07/2009,יא תמוז תשסט
04/07/2009,יב תמוז תשסט
05/07/2009,יג תמוז תשסט
06/07/2009,יד תמוז תשסט
07/07/2009,טו תמוז תשסט
08/07/2009,טז תמוז תשסט
09/07/2009,יז תמוז תשסט
10/07/2009,יח תמוז תשסט
11/07/2009,יט תמוז תשסט
12/07/2009,כ תמוז תשסט
13/07/2009,כא תמוז תשסט
14/07/2009,כב תמוז תשסט
15/07/2009,כג תמוז תשסט
16/07/2009,כד תמוז תשסט
17/07/2009,כה תמוז תשסט
18/07/2009,כו תמוז תשסט
19/07/2009,כז תמוז תשסט
20/07/2009,כח תמוז תשסט
21/07/2009,כט תמוז תשסט
22/07/2009,א אב תשסט
23/07/2009,ב אב תשסט
24/07/2009,ג אב תשסט
25/07/2009,ד אב תשסט
26/07/2009,ה אב תשסט
27/07/2009,ו אב תשסט
28/07/2009,ז אב תשסט
29/07/2009,ח אב תשסט
30/07/2009,ט אב תשסט
31/07/2009,י אב תשסט
01/08/2009,יא אב תשסט
02/08/2009,יב אב תשסט
03/08/2009,יג אב תשסט
04/08/2009,יד אב תשסט
05/08/2009,טו אב תשסט
06/08/2009,טז אב תשסט
07/08/2009,יז אב תשסט
08/08/2009,יח אב תשסט
09/08/2009,יט אב תשסט
10/08/2009,כ אב תשסט
11/08/2009,כא אב תשסט
12/08/2009,כב אב תשסט
13/08/2009,כג אב תשסט
14/08/2009,כד אב תשסט
15/08/2009,כה אב תשסט
16/08/2009,כו אב תשסט
17/08/2009,כז אב תשסט
18/08/2009,כח אב תשסט
19/08/2009,כט אב תשסט
20/08/2009,ל אב תשסט
21/08/2009,א אלול תשסט
22/08/2009,ב אלול תשסט
23/08/2009,ג אלול תשסט
24/08/2009,ד אלול תשסט
25/08/2009,ה אלול תשסט
26/08/2009,ו אלול תשסט
27/08/2009,ז אלול תשסט
28/08/2009,ח אלול תשסט
29/08/2009,ט אלול תשסט
30/08/2009,י אלול תשסט
31/08/2009,יא אלול תשסט
01/09/2009,יב אלול תשסט
02/09/2009,יג אלול תשסט
03/09/2009,יד אלול תשסט
04/09/2009,טו אלול תשסט
05/09/2009,טז אלול תשסט
06/09/2009,יז אלול תשסט
07/09/2009,יח אלול תשסט
08/09/2009,יט אלול תשסט
09/09/2009,כ אלול תשסט
10/09/2009,כא אלול תשסט
11/09/2009,כב אלול תשסט
12/09/2009,כג אלול תשסט
13/09/2009,כד אלול תשסט
14/09/2009,כה אלול תשסט
15/09/2009,כו אלול תשסט
16/09/2009,כז אלול תשסט
17/09/2009,כח אלול תשסט
18/09/2009,כט אלול תשסט
19/09/2009,א תשרי תשע
20/09/2009,ב תשרי תשע
21/09/2009,ג תשרי תשע
22/09/2009,ד תשרי תשע
23/09/2009,ה תשרי תשע
24/09/2009,ו תשרי תשע
25/09/2009,ז תשרי תשע
26/09/2009,ח תשרי תשע
27/09/2009,ט תשרי תשע
28/09/2009,י תשרי תשע
29/09/2009,יא תשרי תשע
30/09/2009,יב תשרי תשע
01/10/2009,יג תשרי תשע
02/10/2009,יד תשרי תשע
03/10/2009,טו תשרי תשע
04/10/2009,טז תשרי תשע
05/10/2009,יז תשרי תשע
06/10/2009,יח תשרי תשע
07/10/2009,יט תשרי תשע
08/10/2009,כ תשרי תשע
09/10/2009,כא תשרי תשע
10/10/2009,כב תשרי תשע
11/10/2009,כג תשרי תשע
12/10/2009,כד תשרי תשע
13/10/2009,כה תשרי תשע
14/10/2009,כו תשרי תשע
15/10/2009,כז תשרי תשע
16/10/2009,כח תשרי תשע
17/10/2009,כט תשרי תשע
18/10/2009,ל תשרי תשע
19/10/2009,א חשון תשע
20/10/2009,ב חשון תשע
21/10/2009,ג חשון תשע
22/10/2009,ד חשון תשע
23/10/2009,ה חשון תשע
24/10/2009,ו חשון תשע
25/10/2009,ז חשון תשע
26/10/2009,ח חשון תשע
27/10/2009,ט חשון תשע
28/10/2009,י חשון תשע
29/10/2009,יא חשון תשע
30/10/2009,יב חשון תשע
31/10/2009,יג חשון תשע
01/11/2009,יד חשון תשע
02/11/2009,טו חשון תשע
03/11/2009,טז חשון תשע
04/11/2009,יז חשון תשע
05/11/2009,יח חשון תשע
06/11/2009,יט חשון תשע
07/11/2009,כ חשון תשע
08/11/2009,כא חשון תשע
09/11/2009,כב חשון תשע
10/11/2009,כג חשון תשע
11/11/2009,כד חשון תשע
12/11/2009,כה חשון תשע
13/11/2009,כו חשון תשע
14/11/2009,כז חשון תשע
15/11/2009,כח חשון תשע
16/11/2009,כט חשון תשע
17/11/2009,ל חשון תשע
18/11/2009,א כסלו תשע
19/11/2009,ב כסלו תשע
20/11/2009,ג כסלו תשע
21/11/2009,ד כסלו תשע
22/11/2009,ה כסלו תשע
23/11/2009,ו כסלו תשע
24/11/2009,ז כסלו תשע
25/11/2009,ח כסלו תשע
26/11/2009,ט כסלו תשע
27/11/2009,י כסלו תשע
28/11/2009,יא כסלו תשע
29/11/2009,יב כסלו תשע
30/11/2009,יג כסלו תשע
01/12/2009,יד כסלו תשע
02/12/2009,טו כסלו תשע
03/12/2009,טז כסלו תשע
04/12/2009,יז כסלו תשע
05/12/2009,יח כסלו תשע
06/12/2009,יט כסלו תשע
07/12/2009,כ כסלו תשע
08/12/2009,כא כסלו תשע
09/12/2009,כב כסלו תשע
10/12/2009,כג כסלו תשע
11/12/2009,כד כסלו תשע
12/12/2009,כה כסלו תשע
13/12/2009,כו כסלו תשע
14/12/2009,כז כסלו תשע
15/12/2009,כח כסלו תשע
16/12/2009,כט כסלו תשע
17/12/2009,ל כסלו תשע
18/12/2009,א טבת תשע
19/12/2009,ב טבת תשע
20/12/2009,ג טבת תשע
21/12/2009,ד טבת תשע
22/12/2009,ה טבת תשע
23/12/2009,ו טבת תשע
24/12/2009,ז טבת תשע
25/12/2009,ח טבת תשע
26/12/2009,ט טבת תשע
27/12/2009,י טבת תשע
28/12/2009,יא טבת תשע
29/12/2009,יב טבת תשע
30/12/2009,יג טבת תשע
31/12/2009,יד טבת תשע
01/01/2010,טו טבת תשע
02/01/2010,טז טבת תשע
03/01/2010,יז טבת תשע
04/01/2010,יח טבת תשע
05/01/2010,יט טבת תשע
06/01/2010,כ טבת תשע
07/01/2010,כא טבת תשע
08/01/2010,כב טבת תשע
09/01/2010,כג טבת תשע
10/01/2010,כד טבת תשע
11/01/2010,כה טבת תשע
12/01/2010,כו טבת תשע
13/01/2010,כז טבת תשע
14/01/2010,כח טבת תשע
15/01/2010,כט טבת תשע
16/01/2010,א שבט תשע
17/01/2010,ב שבט תשע
18/01/2010,ג שבט תשע
19/01/2010,ד שבט תשע
20/01/2010,ה שבט תשע
21/01/2010,ו שבט תשע
22/01/2010,ז שבט תשע
23/01/2010,ח שבט תשע
24/01/2010,ט שבט תשע
25/01/2010,י שבט תשע
26/01/2010,יא שבט תשע
27/01/2010,יב שבט תשע
28/01/2010,יג שבט תשע
29/01/2010,יד שבט תשע
30/01/2010,טו שבט תשע
31/01/2010,טז שבט תשע
01/02/2010,יז שבט תשע
02/02/2010,יח שבט תשע
03/02/2010,יט שבט תשע
04/02/2010,כ שבט תשע
05/02/2010,כא שבט תשע
06/02/2010,כב שבט תשע
07/02/2010,כג שבט תשע
08/02/2010,כד שבט תשע
09/02/2010,כה שבט תשע
10/02/2010,כו שבט תשע
11/02/2010,כז שבט תשע
12/02/2010,כח שבט תשע
13/02/2010,כט שבט תשע
14/02/2010,ל שבט תשע
15/02/2010,א אדר תשע
16/02/2010,ב אדר תשע
17/02/2010,ג אדר תשע
18/02/2010,ד אדר תשע
19/02/2010,ה אדר תשע
20/02/2010,ו אדר תשע
21/02/2010,ז אדר תשע
22/02/2010,ח אדר תשע
23/02/2010,ט אדר תשע
24/02/2010,י אדר תשע
25/02/2010,יא אדר תשע
26/02/2010,יב אדר תשע
27/02/2010,יג אדר תשע
28/02/2010,יד אדר תשע
01/03/2010,טו אדר תשע
02/03/2010,טז אדר תשע
03/03/2010,יז אדר תשע
04/03/2010,יח אדר תשע
05/03/2010,יט אדר תשע
06/03/2010,כ אדר תשע
07/03/2010,כא אדר תשע
08/03/2010,כב אדר תשע
09/03/2010,כג אדר תשע
10/03/2010,כד אדר תשע
11/03/2010,כה אדר תשע
12/03/2010,כו אדר תשע
13/03/2010,כז אדר תשע
14/03/2010,כח אדר תשע
15/03/2010,כט אדר תשע
16/03/2010,א ניסן תשע
17/03/2010,ב ניסן תשע
18/03/2010,ג ניסן תשע
19/03/2010,ד ניסן תשע
20/03/2010,ה ניסן תשע
21/03/2010,ו ניסן תשע
22/03/2010,ז ניסן תשע
23/03/2010,ח ניסן תשע
24/03/2010,ט ניסן תשע
25/03/2010,י ניסן תשע
26/03/2010,יא ניסן תשע
27/03/2010,יב ניסן תשע
28/03/2010,יג ניסן תשע
29/03/2010,יד ניסן תשע
30/03/2010,טו ניסן תשע
31/03/2010,טז ניסן תשע
01/04/2010,יז ניסן תשע
02/04/2010,יח ניסן תשע
03/04/2010,יט ניסן תשע
04/04/2010,כ ניסן תשע
05/04/2010,כא ניסן תשע
06/04/2010,כב ניסן תשע
07/04/2010,כג ניסן תשע
08/04/2010,כד ניסן תשע
09/04/2010,כה ניסן תשע
10/04/2010,כו ניסן תשע
11/04/2010,כז ניסן תשע
12/04/2010,כח ניסן תשע
13/04/2010,כט ניסן תשע
14/04/2010,ל ניסן תשע
15/04/2010,א אייר תשע
16/04/2010,ב אייר תשע
17/04/2010,ג אייר תשע
18/04/2010,ד אייר תשע
19/04/2010,ה אייר תשע
20/04/2010,ו אייר תשע
21/04/2010,ז אייר תשע
22/04/2010,ח אייר תשע
23/04/2010,ט אייר תשע
24/04/2010,י אייר תשע
25/04/2010,יא אייר תשע
26/04/2010,יב אייר תשע
27/04/2010,יג אייר תשע
28/04/2010,יד אייר תשע
29/04/2010,טו אייר תשע
30/04/2010,טז אייר תשע
01/05/2010,יז אייר תשע
02/05/2010,יח אייר תשע
03/05/2010,יט אייר תשע
04/05/2010,כ אייר תשע
05/05/2010,כא אייר תשע
06/05/2010,כב אייר תשע
07/05/2010,כג אייר תשע
08/05/2010,כד אייר תשע
09/05/2010,כה אייר תשע
10/05/2010,כו אייר תשע
11/05/2010,כז אייר תשע
12/05/2010,כח אייר תשע
13/05/2010,כט אייר תשע
14/05/2010,א סיון תשע
15/05/2010,ב סיון תשע
16/05/2010,ג סיון תשע
17/05/2010,ד סיון תשע
18/05/2010,ה סיון תשע
19/05/2010,ו סיון תשע
20/05/2010,ז סיון תשע
21/05/2010,ח סיון תשע
22/05/2010,ט סיון תשע
23/05/2010,י סיון תשע
24/05/2010,יא סיון תשע
25/05/2010,יב סיון תשע
26/05/2010,יג סיון תשע
27/05/2010,יד סיון תשע
28/05/2010,טו סיון תשע
29/05/2010,טז סיון תשע
30/05/2010,יז סיון תשע
31/05/2010,יח סיון תשע
01/06/2010,יט סיון תשע
02/06/2010,כ סיון תשע
03/06/2010,כא סיון תשע
04/06/2010,כב סיון תשע
05/06/2010,כג סיון תשע
06/06/2010,כד סיון תשע
07/06/2010,כה סיון תשע
08/06/2010,כו סיון תשע
09/06/2010,כז סיון תשע
10/06/2010,כח סיון תשע
11/06/2010,כט סיון תשע
12/06/2010,ל סיון תשע
13/06/2010,א תמוז תשע
14/06/2010,ב תמוז תשע
15/06/2010,ג תמוז תשע
16/06/2010,ד תמוז תשע
17/06/2010,ה תמוז תשע
18/06/2010,ו תמוז תשע
19/06/2010,ז תמוז תשע
20/06/2010,ח תמוז תשע
21/06/2010,ט תמוז תשע
22/06/2010,י תמוז תשע
23/06/2010,יא תמוז תשע
24/06/2010,יב תמוז תשע
25/06/2010,יג תמוז תשע
26/06/2010,יד תמוז תשע
27/06/2010,טו תמוז תשע
28/06/2010,טז תמוז תשע
29/06/2010,יז תמוז תשע
30/06/2010,יח תמוז תשע
01/07/2010,יט תמוז תשע
02/07/2010,כ תמוז תשע
03/07/2010,כא תמוז תשע
04/07/2010,כב תמוז תשע
05/07/2010,כג תמוז תשע
06/07/2010,כד תמוז תשע
07/07/2010,כה תמוז תשע
08/07/2010,כו תמוז תשע
09/07/2010,כז תמוז תשע
10/07/2010,כח תמוז תשע
11/07/2010,כט תמוז תשע
12/07/2010,א אב תשע
13/07/2010,ב אב תשע
14/07/2010,ג אב תשע
15/07/2010,ד אב תשע
16/07/2010,ה אב תשע
17/07/2010,ו אב תשע
18/07/2010,ז אב תשע
19/07/2010,ח אב תשע
20/07/2010,ט אב תשע
21/07/2010,י אב תשע
22/07/2010,יא אב תשע
23/07/2010,יב אב תשע
24/07/2010,יג אב תשע
25/07/2010,יד אב תשע
26/07/2010,טו אב תשע
27/07/2010,טז אב תשע
28/07/2010,יז אב תשע
29/07/2010,יח אב תשע
30/07/2010,יט אב תשע
31/07/2010,כ אב תשע
01/08/2010,כא אב תשע
02/08/2010,כב אב תשע
03/08/2010,כג אב תשע
04/08/2010,כד אב תשע
05/08/2010,כה אב תשע
06/08/2010,כו אב תשע
07/08/2010,כז אב תשע
08/08/2010,כח אב תשע
09/08/2010,כט אב תשע
10/08/2010,ל אב תשע
11/08/2010,א אלול תשע
12/08/2010,ב אלול תשע
13/08/2010,ג אלול תשע
14/08/2010,ד אלול תשע
15/08/2010,ה אלול תשע
16/08/2010,ו אלול תשע
17/08/2010,ז אלול תשע
18/08/2010,ח אלול תשע
19/08/2010,ט אלול תשע
20/08/2010,י אלול תשע
21/08/2010,יא אלול תשע
22/08/2010,יב אלול תשע
23/08/2010,יג אלול תשע
24/08/2010,יד אלול תשע
25/08/2010,טו אלול תשע
26/08/2010,טז אלול תשע
27/08/2010,יז אלול תשע
28/08/2010,יח אלול תשע
29/08/2010,יט אלול תשע
30/08/2010,כ אלול תשע
31/08/2010,כא אלול תשע
01/09/2010,כב אלול תשע
02/09/2010,כג אלול תשע
03/09/2010,כד אלול תשע
04/09/2010,כה אלול תשע
05/09/2010,כו אלול תשע
06/09/2010,כז אלול תשע
07/09/2010,כח אלול תשע
08/09/2010,כט אלול תשע
09/09/2010,א תשרי תשעא
10/09/2010,ב תשרי תשעא
11/09/2010,ג תשרי תשעא
12/09/2010,ד תשרי תשעא
13/09/2010,ה תשרי תשעא
14/09/2010,ו תשרי תשעא
15/09/2010,ז תשרי תשעא
16/09/2010,ח תשרי תשעא
17/09/2010,ט תשרי תשעא
18/09/2010,י תשרי תשעא
19/09/2010,יא תשרי תשעא
20/09/2010,יב תשרי תשעא
21/09/2010,יג תשרי תשעא
22/09/2010,יד תשרי תשעא
23/09/2010,טו תשרי תשעא
24/09/2010,טז תשרי תשעא
25/09/2010,יז תשרי תשעא
26/09/2010,יח תשרי תשעא
27/09/2010,יט תשרי תשעא
28/09/2010,כ תשרי תשעא
29/09/2010,כא תשרי תשעא
30/09/2010,כב תשרי תשעא
01/10/2010,כג תשרי תשעא
02/10/2010,כד תשרי תשעא
03/10/2010,כה תשרי תשעא
04/10/2010,כו תשרי תשעא
05/10/2010,כז תשרי תשעא
06/10/2010,כח תשרי תשעא
07/10/2010,כט תשרי תשעא
08/10/2010,ל תשרי תשעא
09/10/2010,א חשון תשעא
10/10/2010,ב חשון תשעא
11/10/2010,ג חשון תשעא
12/10/2010,ד חשון תשעא
13/10/2010,ה חשון תשעא
14/10/2010,ו חשון תשעא
15/10/2010,ז חשון תשעא
16/10/2010,ח חשון תשעא
17/10/2010,ט חשון תשעא
18/10/2010,י חשון תשעא
19/10/2010,יא חשון תשעא
20/10/2010,יב חשון תשעא
21/10/2010,יג חשון תשעא
22/10/2010,יד חשון תשעא
23/10/2010,טו חשון תשעא
24/10/2010,טז חשון תשעא
25/10/2010,יז חשון תשעא
26/10/2010,יח חשון תשעא
27/10/2010,יט חשון תשעא
28/10/2010,כ חשון תשעא
29/10/2010,כא חשון תשעא
30/10/2010,כב חשון תשעא
31/10/2010,כג חשון תשעא
01/11/2010,כד חשון תשעא
02/11/2010,כה חשון תשעא
03/11/2010,כו חשון תשעא
04/11/2010,כז חשון תשעא
05/11/2010,כח חשון תשעא
06/11/2010,כט חשון תשעא
07/11/2010,ל חשון תשעא
08/11/2010,א כסלו תשעא
09/11/2010,ב כסלו תשעא
10/11/2010,ג כסלו תשעא
11/11/2010,ד כסלו תשעא
12/11/2010,ה כסלו תשעא
13/11/2010,ו כסלו תשעא
14/11/2010,ז כסלו תשעא
15/11/2010,ח כסלו תשעא
16/11/2010,ט כסלו תשעא
17/11/2010,י כסלו תשעא
18/11/2010,יא כסלו תשעא
19/11/2010,יב כסלו תשעא
20/11/2010,יג כסלו תשעא
21/11/2010,יד כסלו תשעא
22/11/2010,טו כסלו תשעא
23/11/2010,טז כסלו תשעא
24/11/2010,יז כסלו תשעא
25/11/2010,יח כסלו תשעא
26/11/2010,יט כסלו תשעא
27/11/2010,כ כסלו תשעא
28/11/2010,כא כסלו תשעא
29/11/2010,כב כסלו תשעא
30/11/2010,כג כסלו תשעא
01/12/2010,כד כסלו תשעא
02/12/2010,כה כסלו תשעא
03/12/2010,כו כסלו תשעא
04/12/2010,כז כסלו תשעא
05/12/2010,כח כסלו תשעא
06/12/2010,כט כסלו תשעא
07/12/2010,ל כסלו תשעא
08/12/2010,א טבת תשעא
09/12/2010,ב טבת תשעא
10/12/2010,ג טבת תשעא
11/12/2010,ד טבת תשעא
12/12/2010,ה טבת תשעא
13/12/2010,ו טבת תשעא
14/12/2010,ז טבת תשעא
15/12/2010,ח טבת תשעא
16/12/2010,ט טבת תשעא
17/12/2010,י טבת תשעא
18/12/2010,יא טבת תשעא
19/12/2010,יב טבת תשעא
20/12/2010,יג טבת תשעא
21/12/2010,יד טבת תשעא
22/12/2010,טו טבת תשעא
23/12/2010,טז טבת תשעא
24/12/2010,יז טבת תשעא
25/12/2010,יח טבת תשעא
26/12/2010,יט טבת תשעא
27/12/2010,כ טבת תשעא
28/12/2010,כא טבת תשעא
29/12/2010,כב טבת תשעא
30/12/2010,כג טבת תשעא
31/12/2010,כד טבת תשעא
01/01/2011,כה טבת תשעא
02/01/2011,כו טבת תשעא
03/01/2011,כז טבת תשעא
04/01/2011,כח טבת תשעא
05/01/2011,כט טבת תשעא
06/01/2011,א שבט תשעא
07/01/2011,ב שבט תשעא
08/01/2011,ג שבט תשעא
09/01/2011,ד שבט תשעא
10/01/2011,ה שבט תשעא
11/01/2011,ו שבט תשעא
12/01/2011,ז שבט תשעא
13/01/2011,ח שבט תשעא
14/01/2011,ט שבט תשעא
15/01/2011,י שבט תשעא
16/01/2011,יא שבט תשעא
17/01/2011,יב שבט תשעא
18/01/2011,יג שבט תשעא
19/01/2011,יד שבט תשעא
20/01/2011,טו שבט תשעא
21/01/2011,טז שבט תשעא
22/01/2011,יז שבט תשעא
23/01/2011,יח שבט תשעא
24/01/2011,יט שבט תשעא
25/01/2011,כ שבט תשעא
26/01/2011,כא שבט תשעא
27/01/2011,כב שבט תשעא
28/01/2011,כג שבט תשעא
29/01/2011,כד שבט תשעא
30/01/2011,כה שבט תשעא
31/01/2011,כו שבט תשעא
01/02/2011,כז שבט תשעא
02/02/2011,כח שבט תשעא
03/02/2011,כט שבט תשעא
04/02/2011,ל שבט תשעא
05/02/2011,א אדר-א תשעא
06/02/2011,ב אדר-א תשעא
07/02/2011,ג אדר-א תשעא
08/02/2011,ד אדר-א תשעא
09/02/2011,ה אדר-א תשעא
10/02/2011,ו אדר-א תשעא
11/02/2011,ז אדר-א תשעא
12/02/2011,ח אדר-א תשעא
13/02/2011,ט אדר-א תשעא
14/02/2011,י אדר-א תשעא
15/02/2011,יא אדר-א תשעא
16/02/2011,יב אדר-א תשעא
17/02/2011,יג אדר-א תשעא
18/02/2011,יד אדר-א תשעא
19/02/2011,טו אדר-א תשעא
20/02/2011,טז אדר-א תשעא
21/02/2011,יז אדר-א תשעא
22/02/2011,יח אדר-א תשעא
23/02/2011,יט אדר-א תשעא
24/02/2011,כ אדר-א תשעא
25/02/2011,כא אדר-א תשעא
26/02/2011,כב אדר-א תשעא
27/02/2011,כג אדר-א תשעא
28/02/2011,כד אדר-א תשעא
01/03/2011,כה אדר-א תשעא
02/03/2011,כו אדר-א תשעא
03/03/2011,כז אדר-א תשעא
04/03/2011,כח אדר-א תשעא
05/03/2011,כט אדר-א תשעא
06/03/2011,ל אדר-א תשעא
07/03/2011,א אדר-ב תשעא
08/03/2011,ב אדר-ב תשעא
09/03/2011,ג אדר-ב תשעא
10/03/2011,ד אדר-ב תשעא
11/03/2011,ה אדר-ב תשעא
12/03/2011,ו אדר-ב תשעא
13/03/2011,ז אדר-ב תשעא
14/03/2011,ח אדר-ב תשעא
15/03/2011,ט אדר-ב תשעא
16/03/2011,י אדר-ב תשעא
17/03/2011,יא אדר-ב תשעא
18/03/2011,יב אדר-ב תשעא
19/03/2011,יג אדר-ב תשעא
20/03/2011,יד אדר-ב תשעא
21/03/2011,טו אדר-ב תשעא
22/03/2011,טז אדר-ב תשעא
23/03/2011,יז אדר-ב תשעא
24/03/2011,יח אדר-ב תשעא
25/03/2011,יט אדר-ב תשעא
26/03/2011,כ אדר-ב תשעא
27/03/2011,כא אדר-ב תשעא
28/03/2011,כב אדר-ב תשעא
29/03/2011,כג אדר-ב תשעא
30/03/2011,כד אדר-ב תשעא
31/03/2011,כה אדר-ב תשעא
01/04/2011,כו אדר-ב תשעא
02/04/2011,כז אדר-ב תשעא
03/04/2011,כח אדר-ב תשעא
04/04/2011,כט אדר-ב תשעא
05/04/2011,א ניסן תשעא
06/04/2011,ב ניסן תשעא
07/04/2011,ג ניסן תשעא
08/04/2011,ד ניסן תשעא
09/04/2011,ה ניסן תשעא
10/04/2011,ו ניסן תשעא
11/04/2011,ז ניסן תשעא
12/04/2011,ח ניסן תשעא
13/04/2011,ט ניסן תשעא
14/04/2011,י ניסן תשעא
15/04/2011,יא ניסן תשעא
16/04/2011,יב ניסן תשעא
17/04/2011,יג ניסן תשעא
18/04/2011,יד ניסן תשעא
19/04/2011,טו ניסן תשעא
20/04/2011,טז ניסן תשעא
21/04/2011,יז ניסן תשעא
22/04/2011,יח ניסן תשעא
23/04/2011,יט ניסן תשעא
24/04/2011,כ ניסן תשעא
25/04/2011,כא ניסן תשעא
26/04/2011,כב ניסן תשעא
27/04/2011,כג ניסן תשעא
28/04/2011,כד ניסן תשעא
29/04/2011,כה ניסן תשעא
30/04/2011,כו ניסן תשעא
01/05/2011,כז ניסן תשעא
02/05/2011,כח ניסן תשעא
03/05/2011,כט ניסן תשעא
04/05/2011,ל ניסן תשעא
05/05/2011,א אייר תשעא
06/05/2011,ב אייר תשעא
07/05/2011,ג אייר תשעא
08/05/2011,ד אייר תשעא
09/05/2011,ה אייר תשעא
10/05/2011,ו אייר תשעא
11/05/2011,ז אייר תשעא
12/05/2011,ח אייר תשעא
13/05/2011,ט אייר תשעא
14/05/2011,י אייר תשעא
15/05/2011,יא אייר תשעא
16/05/2011,יב אייר תשעא
17/05/2011,יג אייר תשעא
18/05/2011,יד אייר תשעא
19/05/2011,טו אייר תשעא
20/05/2011,טז אייר תשעא
21/05/2011,יז אייר תשעא
22/05/2011,יח אייר תשעא
23/05/2011,יט אייר תשעא
24/05/2011,כ אייר תשעא
25/05/2011,כא אייר תשעא
26/05/2011,כב אייר תשעא
27/05/2011,כג אייר תשעא
28/05/2011,כד אייר תשעא
29/05/2011,כה אייר תשעא
30/05/2011,כו אייר תשעא
31/05/2011,כז אייר תשעא
01/06/2011,כח אייר תשעא
02/06/2011,כט אייר תשעא
03/06/2011,א סיון תשעא
04/06/2011,ב סיון תשעא
05/06/2011,ג סיון תשעא
06/06/2011,ד סיון תשעא
07/06/2011,ה סיון תשעא
08/06/2011,ו סיון תשעא
09/06/2011,ז סיון תשעא
10/06/2011,ח סיון תשעא
11/06/2011,ט סיון תשעא
12/06/2011,י סיון תשעא
13/06/2011,יא סיון תשעא
14/06/2011,יב סיון תשעא
15/06/2011,יג סיון תשעא
16/06/2011,יד סיון תשעא
17/06/2011,טו סיון תשעא
18/06/2011,טז סיון תשעא
19/06/2011,יז סיון תשעא
20/06/2011,יח סיון תשעא
21/06/2011,יט סיון תשעא
22/06/2011,כ סיון תשעא
23/06/2011,כא סיון תשעא
24/06/2011,כב סיון תשעא
25/06/2011,כג סיון תשעא
26/06/2011,כד סיון תשעא
27/06/2011,כה סיון תשעא
28/06/2011,כו סיון תשעא
29/06/2011,כז סיון תשעא
30/06/2011,כח סיון תשעא
01/07/2011,כט סיון תשעא
02/07/2011,ל סיון תשעא
03/07/2011,א תמוז תשעא
04/07/2011,ב תמוז תשעא
05/07/2011,ג תמוז תשעא
06/07/2011,ד תמוז תשעא
07/07/2011,ה תמוז תשעא
08/07/2011,ו תמוז תשעא
09/07/2011,ז תמוז תשעא
10/07/2011,ח תמוז תשעא
11/07/2011,ט תמוז תשעא
12/07/2011,י תמוז תשעא
13/07/2011,יא תמוז תשעא
14/07/2011,יב תמוז תשעא
15/07/2011,יג תמוז תשעא
16/07/2011,יד תמוז תשעא
17/07/2011,טו תמוז תשעא
18/07/2011,טז תמוז תשעא
19/07/2011,יז תמוז תשעא
20/07/2011,יח תמוז תשעא
21/07/2011,יט תמוז תשעא
22/07/2011,כ תמוז תשעא
23/07/2011,כא תמוז תשעא
24/07/2011,כב תמוז תשעא
25/07/2011,כג תמוז תשעא
26/07/2011,כד תמוז תשעא
27/07/2011,כה תמוז תשעא
28/07/2011,כו תמוז תשעא
29/07/2011,כז תמוז תשעא
30/07/2011,כח תמוז תשעא
31/07/2011,כט תמוז תשעא
01/08/2011,א אב תשעא
02/08/2011,ב אב תשעא
03/08/2011,ג אב תשעא
04/08/2011,ד אב תשעא
05/08/2011,ה אב תשעא
06/08/2011,ו אב תשעא
07/08/2011,ז אב תשעא
08/08/2011,ח אב תשעא
09/08/2011,ט אב תשעא
10/08/2011,י אב תשעא
11/08/2011,יא אב תשעא
12/08/2011,יב אב תשעא
13/08/2011,יג אב תשעא
14/08/2011,יד אב תשעא
15/08/2011,טו אב תשעא
16/08/2011,טז אב תשעא
17/08/2011,יז אב תשעא
18/08/2011,יח אב תשעא
19/08/2011,יט אב תשעא
20/08/2011,כ אב תשעא
21/08/2011,כא אב תשעא
22/08/2011,כב אב תשעא
23/08/2011,כג אב תשעא
24/08/2011,כד אב תשעא
25/08/2011,כה אב תשעא
26/08/2011,כו אב תשעא
27/08/2011,כז אב תשעא
28/08/2011,כח אב תשעא
29/08/2011,כט אב תשעא
30/08/2011,ל אב תשעא
31/08/2011,א אלול תשעא
01/09/2011,ב אלול תשעא
02/09/2011,ג אלול תשעא
03/09/2011,ד אלול תשעא
04/09/2011,ה אלול תשעא
05/09/2011,ו אלול תשעא
06/09/2011,ז אלול תשעא
07/09/2011,ח אלול תשעא
08/09/2011,ט אלול תשעא
09/09/2011,י אלול תשעא
10/09/2011,יא אלול תשעא
11/09/2011,יב אלול תשעא
12/09/2011,יג אלול תשעא
13/09/2011,יד אלול תשעא
14/09/2011,טו אלול תשעא
15/09/2011,טז אלול תשעא
16/09/2011,יז אלול תשעא
17/09/2011,יח אלול תשעא
18/09/2011,יט אלול תשעא
19/09/2011,כ אלול תשעא
20/09/2011,כא אלול תשעא
21/09/2011,כב אלול תשעא
22/09/2011,כג אלול תשעא
23/09/2011,כד אלול תשעא
24/09/2011,כה אלול תשעא
25/09/2011,כו אלול תשעא
26/09/2011,כז אלול תשעא
27/09/2011,כח אלול תשעא
28/09/2011,כט אלול תשעא
29/09/2011,א תשרי תשעב
30/09/2011,ב תשרי תשעב
01/10/2011,ג תשרי תשעב
02/10/2011,ד תשרי תשעב
03/10/2011,ה תשרי תשעב
04/10/2011,ו תשרי תשעב
05/10/2011,ז תשרי תשעב
06/10/2011,ח תשרי תשעב
07/10/2011,ט תשרי תשעב
08/10/2011,י תשרי תשעב
09/10/2011,יא תשרי תשעב
10/10/2011,יב תשרי תשעב
11/10/2011,יג תשרי תשעב
12/10/2011,יד תשרי תשעב
13/10/2011,טו תשרי תשעב
14/10/2011,טז תשרי תשעב
15/10/2011,יז תשרי תשעב
16/10/2011,יח תשרי תשעב
17/10/2011,יט תשרי תשעב
18/10/2011,כ תשרי תשעב
19/10/2011,כא תשרי תשעב
20/10/2011,כב תשרי תשעב
21/10/2011,כג תשרי תשעב
22/10/2011,כד תשרי תשעב
23/10/2011,כה תשרי תשעב
24/10/2011,כו תשרי תשעב
25/10/2011,כז תשרי תשעב
26/10/2011,כח תשרי תשעב
27/10/2011,כט תשרי תשעב
28/10/2011,ל תשרי תשעב
29/10/2011,א חשון תשעב
30/10/2011,ב חשון תשעב
31/10/2011,ג חשון תשעב
01/11/2011,ד חשון תשעב
02/11/2011,ה חשון תשעב
03/11/2011,ו חשון תשעב
04/11/2011,ז חשון תשעב
05/11/2011,ח חשון תשעב
06/11/2011,ט חשון תשעב
07/11/2011,י חשון תשעב
08/11/2011,יא חשון תשעב
09/11/2011,יב חשון תשעב
10/11/2011,יג חשון תשעב
11/11/2011,יד חשון תשעב
12/11/2011,טו חשון תשעב
13/11/2011,טז חשון תשעב
14/11/2011,יז חשון תשעב
15/11/2011,יח חשון תשעב
16/11/2011,יט חשון תשעב
17/11/2011,כ חשון תשעב
18/11/2011,כא חשון תשעב
19/11/2011,כב חשון תשעב
20/11/2011,כג חשון תשעב
21/11/2011,כד חשון תשעב
22/11/2011,כה חשון תשעב
23/11/2011,כו חשון תשעב
24/11/2011,כז חשון תשעב
25/11/2011,כח חשון תשעב
26/11/2011,כט חשון תשעב
27/11/2011,א כסלו תשעב
28/11/2011,ב כסלו תשעב
29/11/2011,ג כסלו תשעב
30/11/2011,ד כסלו תשעב
01/12/2011,ה כסלו תשעב
02/12/2011,ו כסלו תשעב
03/12/2011,ז כסלו תשעב
04/12/2011,ח כסלו תשעב
05/12/2011,ט כסלו תשעב
06/12/2011,י כסלו תשעב
07/12/2011,יא כסלו תשעב
08/12/2011,יב כסלו תשעב
09/12/2011,יג כסלו תשעב
10/12/2011,יד כסלו תשעב
11/12/2011,טו כסלו תשעב
12/12/2011,טז כסלו תשעב
13/12/2011,יז כסלו תשעב
14/12/2011,יח כסלו תשעב
15/12/2011,יט כסלו תשעב
16/12/2011,כ כסלו תשעב
17/12/2011,כא כסלו תשעב
18/12/2011,כב כסלו תשעב
19/12/2011,כג כסלו תשעב
20/12/2011,כד כסלו תשעב
21/12/2011,כה כסלו תשעב
22/12/2011,כו כסלו תשעב
23/12/2011,כז כסלו תשעב
24/12/2011,כח כסלו תשעב
25/12/2011,כט כסלו תשעב
26/12/2011,ל כסלו תשעב
27/12/2011,א טבת תשעב
28/12/2011,ב טבת תשעב
29/12/2011,ג טבת תשעב
30/12/2011,ד טבת תשעב
31/12/2011,ה טבת תשעב
01/01/2012,ו טבת תשעב
02/01/2012,ז טבת תשעב
03/01/2012,ח טבת תשעב
04/01/2012,ט טבת תשעב
05/01/2012,י טבת תשעב
06/01/2012,יא טבת תשעב
07/01/2012,יב טבת תשעב
08/01/2012,יג טבת תשעב
09/01/2012,יד טבת תשעב
10/01/2012,טו טבת תשעב
11/01/2012,טז טבת תשעב
12/01/2012,יז טבת תשעב
13/01/2012,יח טבת תשעב
14/01/2012,יט טבת תשעב
15/01/2012,כ טבת תשעב
16/01/2012,כא טבת תשעב
17/01/2012,כב טבת תשעב
18/01/2012,כג טבת תשעב
19/01/2012,כד טבת תשעב
20/01/2012,כה טבת תשעב
21/01/2012,כו טבת תשעב
22/01/2012,כז טבת תשעב
23/01/2012,כח טבת תשעב
24/01/2012,כט טבת תשעב
25/01/2012,א שבט תשעב
26/01/2012,ב שבט תשעב
27/01/2012,ג שבט תשעב
28/01/2012,ד שבט תשעב
29/01/2012,ה שבט תשעב
30/01/2012,ו שבט תשעב
31/01/2012,ז שבט תשעב
01/02/2012,ח שבט תשעב
02/02/2012,ט שבט תשעב
03/02/2012,י שבט תשעב
04/02/2012,יא שבט תשעב
05/02/2012,יב שבט תשעב
06/02/2012,יג שבט תשעב
07/02/2012,יד שבט תשעב
08/02/2012,טו שבט תשעב
09/02/2012,טז שבט תשעב
10/02/2012,יז שבט תשעב
11/02/2012,יח שבט תשעב
12/02/2012,יט שבט תשעב
13/02/2012,כ שבט תשעב
14/02/2012,כא שבט תשעב
15/02/2012,כב שבט תשעב
16/02/2012,כג שבט תשעב
17/02/2012,כד שבט תשעב
18/02/2012,כה שבט תשעב
19/02/2012,כו שבט תשעב
20/02/2012,כז שבט תשעב
21/02/2012,כח שבט תשעב
22/02/2012,כט שבט תשעב
23/02/2012,ל שבט תשעב
24/02/2012,א אדר תשעב
25/02/2012,ב אדר תשעב
26/02/2012,ג אדר תשעב
27/02/2012,ד אדר תשעב
28/02/2012,ה אדר תשעב
29/02/2012,ו אדר תשעב
01/03/2012,ז אדר תשעב
02/03/2012,ח אדר תשעב
03/03/2012,ט אדר תשעב
04/03/2012,י אדר תשעב
05/03/2012,יא אדר תשעב
06/03/2012,יב אדר תשעב
07/03/2012,יג אדר תשעב
08/03/2012,יד אדר תשעב
09/03/2012,טו אדר תשעב
10/03/2012,טז אדר תשעב
11/03/2012,יז אדר תשעב
12/03/2012,יח אדר תשעב
13/03/2012,יט אדר תשעב
14/03/2012,כ אדר תשעב
15/03/2012,כא אדר תשעב
16/03/2012,כב אדר תשעב
17/03/2012,כג אדר תשעב
18/03/2012,כד אדר תשעב
19/03/2012,כה אדר תשעב
20/03/2012,כו אדר תשעב
21/03/2012,כז אדר תשעב
22/03/2012,כח אדר תשעב
23/03/2012,כט אדר תשעב
24/03/2012,א ניסן תשעב
25/03/2012,ב ניסן תשעב
26/03/2012,ג ניסן תשעב
27/03/2012,ד ניסן תשעב
28/03/2012,ה ניסן תשעב
29/03/2012,ו ניסן תשעב
30/03/2012,ז ניסן תשעב
31/03/2012,ח ניסן תשעב
01/04/2012,ט ניסן תשעב
02/04/2012,י ניסן תשעב
03/04/2012,יא ניסן תשעב
04/04/2012,יב ניסן תשעב
05/04/2012,יג ניסן תשעב
06/04/2012,יד ניסן תשעב
07/04/2012,טו ניסן תשעב
08/04/2012,טז ניסן תשעב
09/04/2012,יז ניסן תשעב
10/04/2012,יח ניסן תשעב
11/04/2012,יט ניסן תשעב
12/04/2012,כ ניסן תשעב
13/04/2012,כא ניסן תשעב
14/04/2012,כב ניסן תשעב
15/04/2012,כג ניסן תשעב
16/04/2012,כד ניסן תשעב
17/04/2012,כה ניסן תשעב
18/04/2012,כו ניסן תשעב
19/04/2012,כז ניסן תשעב
20/04/2012,כח ניסן תשעב
21/04/2012,כט ניסן תשעב
22/04/2012,ל ניסן תשעב
23/04/2012,א אייר תשעב
24/04/2012,ב אייר תשעב
25/04/2012,ג אייר תשעב
26/04/2012,ד אייר תשעב
27/04/2012,ה אייר תשעב
28/04/2012,ו אייר תשעב
29/04/2012,ז אייר תשעב
30/04/2012,ח אייר תשעב
01/05/2012,ט אייר תשעב
02/05/2012,י אייר תשעב
03/05/2012,יא אייר תשעב
04/05/2012,יב אייר תשעב
05/05/2012,יג אייר תשעב
06/05/2012,יד אייר תשעב
07/05/2012,טו אייר תשעב
08/05/2012,טז אייר תשעב
09/05/2012,יז אייר תשעב
10/05/2012,יח אייר תשעב
11/05/2012,יט אייר תשעב
12/05/2012,כ אייר תשעב
13/05/2012,כא אייר תשעב
14/05/2012,כב אייר תשעב
15/05/2012,כג אייר תשעב
16/05/2012,כד אייר תשעב
17/05/2012,כה אייר תשעב
18/05/2012,כו אייר תשעב
19/05/2012,כז אייר תשעב
20/05/2012,כח אייר תשעב
21/05/2012,כט אייר תשעב
22/05/2012,א סיון תשעב
23/05/2012,ב סיון תשעב
24/05/2012,ג סיון תשעב
25/05/2012,ד סיון תשעב
26/05/2012,ה סיון תשעב
27/05/2012,ו סיון תשעב
28/05/2012,ז סיון תשעב
29/05/2012,ח סיון תשעב
30/05/2012,ט סיון תשעב
31/05/2012,י סיון תשעב
01/06/2012,יא סיון תשעב
02/06/2012,יב סיון תשעב
03/06/2012,יג סיון תשעב
04/06/2012,יד סיון תשעב
05/06/2012,טו סיון תשעב
06/06/2012,טז סיון תשעב
07/06/2012,יז סיון תשעב
08/06/2012,יח סיון תשעב
09/06/2012,יט סיון תשעב
10/06/2012,כ סיון תשעב
11/06/2012,כא סיון תשעב
12/06/2012,כב סיון תשעב
13/06/2012,כג סיון תשעב
14/06/2012,כד סיון תשעב
15/06/2012,כה סיון תשעב
16/06/2012,כו סיון תשעב
17/06/2012,כז סיון תשעב
18/06/2012,כח סיון תשעב
19/06/2012,כט סיון תשעב
20/06/2012,ל סיון תשעב
21/06/2012,א תמוז תשעב
22/06/2012,ב תמוז תשעב
23/06/2012,ג תמוז תשעב
24/06/2012,ד תמוז תשעב
25/06/2012,ה תמוז תשעב
26/06/2012,ו תמוז תשעב
27/06/2012,ז תמוז תשעב
28/06/2012,ח תמוז תשעב
29/06/2012,ט תמוז תשעב
30/06/2012,י תמוז תשעב
01/07/2012,יא תמוז תשעב
02/07/2012,יב תמוז תשעב
03/07/2012,יג תמוז תשעב
04/07/2012,יד תמוז תשעב
05/07/2012,טו תמוז תשעב
06/07/2012,טז תמוז תשעב
07/07/2012,יז תמוז תשעב
08/07/2012,יח תמוז תשעב
09/07/2012,יט תמוז תשעב
10/07/2012,כ תמוז תשעב
11/07/2012,כא תמוז תשעב
12/07/2012,כב תמוז תשעב
13/07/2012,כג תמוז תשעב
14/07/2012,כד תמוז תשעב
15/07/2012,כה תמוז תשעב
16/07/2012,כו תמוז תשעב
17/07/2012,כז תמוז תשעב
18/07/2012,כח תמוז תשעב
19/07/2012,כט תמוז תשעב
20/07/2012,א אב תשעב
21/07/2012,ב אב תשעב
22/07/2012,ג אב תשעב
23/07/2012,ד אב תשעב
24/07/2012,ה אב תשעב
25/07/2012,ו אב תשעב
26/07/2012,ז אב תשעב
27/07/2012,ח אב תשעב
28/07/2012,ט אב תשעב
29/07/2012,י אב תשעב
30/07/2012,יא אב תשעב
31/07/2012,יב אב תשעב
01/08/2012,יג אב תשעב
02/08/2012,יד אב תשעב
03/08/2012,טו אב תשעב
04/08/2012,טז אב תשעב
05/08/2012,יז אב תשעב
06/08/2012,יח אב תשעב
07/08/2012,יט אב תשעב
08/08/2012,כ אב תשעב
09/08/2012,כא אב תשעב
10/08/2012,כב אב תשעב
11/08/2012,כג אב תשעב
12/08/2012,כד אב תשעב
13/08/2012,כה אב תשעב
14/08/2012,כו אב תשעב
15/08/2012,כז אב תשעב
16/08/2012,כח אב תשעב
17/08/2012,כט אב תשעב
18/08/2012,ל אב תשעב
19/08/2012,א אלול תשעב
20/08/2012,ב אלול תשעב
21/08/2012,ג אלול תשעב
22/08/2012,ד אלול תשעב
23/08/2012,ה אלול תשעב
24/08/2012,ו אלול תשעב
25/08/2012,ז אלול תשעב
26/08/2012,ח אלול תשעב
27/08/2012,ט אלול תשעב
28/08/2012,י אלול תשעב
29/08/2012,יא אלול תשעב
30/08/2012,יב אלול תשעב
31/08/2012,יג אלול תשעב
01/09/2012,יד אלול תשעב
02/09/2012,טו אלול תשעב
03/09/2012,טז אלול תשעב
04/09/2012,יז אלול תשעב
05/09/2012,יח אלול תשעב
06/09/2012,יט אלול תשעב
07/09/2012,כ אלול תשעב
08/09/2012,כא אלול תשעב
09/09/2012,כב אלול תשעב
10/09/2012,כג אלול תשעב
11/09/2012,כד אלול תשעב
12/09/2012,כה אלול תשעב
13/09/2012,כו אלול תשעב
14/09/2012,כז אלול תשעב
15/09/2012,כח אלול תשעב
16/09/2012,כט אלול תשעב
17/09/2012,א תשרי תשעג
18/09/2012,ב תשרי תשעג
19/09/2012,ג תשרי תשעג
20/09/2012,ד תשרי תשעג
21/09/2012,ה תשרי תשעג
22/09/2012,ו תשרי תשעג
23/09/2012,ז תשרי תשעג
24/09/2012,ח תשרי תשעג
25/09/2012,ט תשרי תשעג
26/09/2012,י תשרי תשעג
27/09/2012,יא תשרי תשעג
28/09/2012,יב תשרי תשעג
29/09/2012,יג תשרי תשעג
30/09/2012,יד תשרי תשעג
01/10/2012,טו תשרי תשעג
02/10/2012,טז תשרי תשעג
03/10/2012,יז תשרי תשעג
04/10/2012,יח תשרי תשעג
05/10/2012,יט תשרי תשעג
06/10/2012,כ תשרי תשעג
07/10/2012,כא תשרי תשעג
08/10/2012,כב תשרי תשעג
09/10/2012,כג תשרי תשעג
10/10/2012,כד תשרי תשעג
11/10/2012,כה תשרי תשעג
12/10/2012,כו תשרי תשעג
13/10/2012,כז תשרי תשעג
14/10/2012,כח תשרי תשעג
15/10/2012,כט תשרי תשעג
16/10/2012,ל תשרי תשעג
17/10/2012,א חשון תשעג
18/10/2012,ב חשון תשעג
19/10/2012,ג חשון תשעג
20/10/2012,ד חשון תשעג
21/10/2012,ה חשון תשעג
22/10/2012,ו חשון תשעג
23/10/2012,ז חשון תשעג
24/10/2012,ח חשון תשעג
25/10/2012,ט חשון תשעג
26/10/2012,י חשון תשעג
27/10/2012,יא חשון תשעג
28/10/2012,יב חשון תשעג
29/10/2012,יג חשון תשעג
30/10/2012,יד חשון תשעג
31/10/2012,טו חשון תשעג
01/11/2012,טז חשון תשעג
02/11/2012,יז חשון תשעג
03/11/2012,יח חשון תשעג
04/11/2012,יט חשון תשעג
05/11/2012,כ חשון תשעג
06/11/2012,כא חשון תשעג
07/11/2012,כב חשון תשעג
08/11/2012,כג חשון תשעג
09/11/2012,כד חשון תשעג
10/11/2012,כה חשון תשעג
11/11/2012,כו חשון תשעג
12/11/2012,כז חשון תשעג
13/11/2012,כח חשון תשעג
14/11/2012,כט חשון תשעג
15/11/2012,א כסלו תשעג
16/11/2012,ב כסלו תשעג
17/11/2012,ג כסלו תשעג
18/11/2012,ד כסלו תשעג
19/11/2012,ה כסלו תשעג
20/11/2012,ו כסלו תשעג
21/11/2012,ז כסלו תשעג
22/11/2012,ח כסלו תשעג
23/11/2012,ט כסלו תשעג
24/11/2012,י כסלו תשעג
25/11/2012,יא כסלו תשעג
26/11/2012,יב כסלו תשעג
27/11/2012,יג כסלו תשעג
28/11/2012,יד כסלו תשעג
29/11/2012,טו כסלו תשעג
30/11/2012,טז כסלו תשעג
01/12/2012,יז כסלו תשעג
02/12/2012,יח כסלו תשעג
03/12/2012,יט כסלו תשעג
04/12/2012,כ כסלו תשעג
05/12/2012,כא כסלו תשעג
06/12/2012,כב כסלו תשעג
07/12/2012,כג כסלו תשעג
08/12/2012,כד כסלו תשעג
09/12/2012,כה כסלו תשעג
10/12/2012,כו כסלו תשעג
11/12/2012,כז כסלו תשעג
12/12/2012,כח כסלו תשעג
13/12/2012,כט כסלו תשעג
14/12/2012,א טבת תשעג
15/12/2012,ב טבת תשעג
16/12/2012,ג טבת תשעג
17/12/2012,ד טבת תשעג
18/12/2012,ה טבת תשעג
19/12/2012,ו טבת תשעג
20/12/2012,ז טבת תשעג
21/12/2012,ח טבת תשעג
22/12/2012,ט טבת תשעג
23/12/2012,י טבת תשעג
24/12/2012,יא טבת תשעג
25/12/2012,יב טבת תשעג
26/12/2012,יג טבת תשעג
27/12/2012,יד טבת תשעג
28/12/2012,טו טבת תשעג
29/12/2012,טז טבת תשעג
30/12/2012,יז טבת תשעג
31/12/2012,יח טבת תשעג
01/01/2013,יט טבת תשעג
02/01/2013,כ טבת תשעג
03/01/2013,כא טבת תשעג
04/01/2013,כב טבת תשעג
05/01/2013,כג טבת תשעג
06/01/2013,כד טבת תשעג
07/01/2013,כה טבת תשעג
08/01/2013,כו טבת תשעג
09/01/2013,כז טבת תשעג
10/01/2013,כח טבת תשעג
11/01/2013,כט טבת תשעג
12/01/2013,א שבט תשעג
13/01/2013,ב שבט תשעג
14/01/2013,ג שבט תשעג
15/01/2013,ד שבט תשעג
16/01/2013,ה שבט תשעג
17/01/2013,ו שבט תשעג
18/01/2013,ז שבט תשעג
19/01/2013,ח שבט תשעג
20/01/2013,ט שבט תשעג
21/01/2013,י שבט תשעג
22/01/2013,יא שבט תשעג
23/01/2013,יב שבט תשעג
24/01/2013,יג שבט תשעג
25/01/2013,יד שבט תשעג
26/01/2013,טו שבט תשעג
27/01/2013,טז שבט תשעג
28/01/2013,יז שבט תשעג
29/01/2013,יח שבט תשעג
30/01/2013,יט שבט תשעג
31/01/2013,כ שבט תשעג
01/02/2013,כא שבט תשעג
02/02/2013,כב שבט תשעג
03/02/2013,כג שבט תשעג
04/02/2013,כד שבט תשעג
05/02/2013,כה שבט תשעג
06/02/2013,כו שבט תשעג
07/02/2013,כז שבט תשעג
08/02/2013,כח שבט תשעג
09/02/2013,כט שבט תשעג
10/02/2013,ל שבט תשעג
11/02/2013,א אדר תשעג
12/02/2013,ב אדר תשעג
13/02/2013,ג אדר תשעג
14/02/2013,ד אדר תשעג
15/02/2013,ה אדר תשעג
16/02/2013,ו אדר תשעג
17/02/2013,ז אדר תשעג
18/02/2013,ח אדר תשעג
19/02/2013,ט אדר תשעג
20/02/2013,י אדר תשעג
21/02/2013,יא אדר תשעג
22/02/2013,יב אדר תשעג
23/02/2013,יג אדר תשעג
24/02/2013,יד אדר תשעג
25/02/2013,טו אדר תשעג
26/02/2013,טז אדר תשעג
27/02/2013,יז אדר תשעג
28/02/2013,יח אדר תשעג
01/03/2013,יט אדר תשעג
02/03/2013,כ אדר תשעג
03/03/2013,כא אדר תשעג
04/03/2013,כב אדר תשעג
05/03/2013,כג אדר תשעג
06/03/2013,כד אדר תשעג
07/03/2013,כה אדר תשעג
08/03/2013,כו אדר תשעג
09/03/2013,כז אדר תשעג
10/03/2013,כח אדר תשעג
11/03/2013,כט אדר תשעג
12/03/2013,א ניסן תשעג
13/03/2013,ב ניסן תשעג
14/03/2013,ג ניסן תשעג
15/03/2013,ד ניסן תשעג
16/03/2013,ה ניסן תשעג
17/03/2013,ו ניסן תשעג
18/03/2013,ז ניסן תשעג
19/03/2013,ח ניסן תשעג
20/03/2013,ט ניסן תשעג
21/03/2013,י ניסן תשעג
22/03/2013,יא ניסן תשעג
23/03/2013,יב ניסן תשעג
24/03/2013,יג ניסן תשעג
25/03/2013,יד ניסן תשעג
26/03/2013,טו ניסן תשעג
27/03/2013,טז ניסן תשעג
28/03/2013,יז ניסן תשעג
29/03/2013,יח ניסן תשעג
30/03/2013,יט ניסן תשעג
31/03/2013,כ ניסן תשעג
01/04/2013,כא ניסן תשעג
02/04/2013,כב ניסן תשעג
03/04/2013,כג ניסן תשעג
04/04/2013,כד ניסן תשעג
05/04/2013,כה ניסן תשעג
06/04/2013,כו ניסן תשעג
07/04/2013,כז ניסן תשעג
08/04/2013,כח ניסן תשעג
09/04/2013,כט ניסן תשעג
10/04/2013,ל ניסן תשעג
11/04/2013,א אייר תשעג
12/04/2013,ב אייר תשעג
13/04/2013,ג אייר תשעג
14/04/2013,ד אייר תשעג
15/04/2013,ה אייר תשעג
16/04/2013,ו אייר תשעג
17/04/2013,ז אייר תשעג
18/04/2013,ח אייר תשעג
19/04/2013,ט אייר תשעג
20/04/2013,י אייר תשעג
21/04/2013,יא אייר תשעג
22/04/2013,יב אייר תשעג
23/04/2013,יג אייר תשעג
24/04/2013,יד אייר תשעג
25/04/2013,טו אייר תשעג
26/04/2013,טז אייר תשעג
27/04/2013,יז אייר תשעג
28/04/2013,יח אייר תשעג
29/04/2013,יט אייר תשעג
30/04/2013,כ אייר תשעג
01/05/2013,כא אייר תשעג
02/05/2013,כב אייר תשעג
03/05/2013,כג אייר תשעג
04/05/2013,כד אייר תשעג
05/05/2013,כה אייר תשעג
06/05/2013,כו אייר תשעג
07/05/2013,כז אייר תשעג
08/05/2013,כח אייר תשעג
09/05/2013,כט אייר תשעג
10/05/2013,א סיון תשעג
11/05/2013,ב סיון תשעג
12/05/2013,ג סיון תשעג
13/05/2013,ד סיון תשעג
14/05/2013,ה סיון תשעג
15/05/2013,ו סיון תשעג
16/05/2013,ז סיון תשעג
17/05/2013,ח סיון תשעג
18/05/2013,ט סיון תשעג
19/05/2013,י סיון תשעג
20/05/2013,יא סיון תשעג
21/05/2013,יב סיון תשעג
22/05/2013,יג סיון תשעג
23/05/2013,יד סיון תשעג
24/05/2013,טו סיון תשעג
25/05/2013,טז סיון תשעג
26/05/2013,יז סיון תשעג
27/05/2013,יח סיון תשעג
28/05/2013,יט סיון תשעג
29/05/2013,כ סיון תשעג
30/05/2013,כא סיון תשעג
31/05/2013,כב סיון תשעג
01/06/2013,כג סיון תשעג
02/06/2013,כד סיון תשעג
03/06/2013,כה סיון תשעג
04/06/2013,כו סיון תשעג
05/06/2013,כז סיון תשעג
06/06/2013,כח סיון תשעג
07/06/2013,כט סיון תשעג
08/06/2013,ל סיון תשעג
09/06/2013,א תמוז תשעג
10/06/2013,ב תמוז תשעג
11/06/2013,ג תמוז תשעג
12/06/2013,ד תמוז תשעג
13/06/2013,ה תמוז תשעג
14/06/2013,ו תמוז תשעג
15/06/2013,ז תמוז תשעג
16/06/2013,ח תמוז תשעג
17/06/2013,ט תמוז תשעג
18/06/2013,י תמוז תשעג
19/06/2013,יא תמוז תשעג
20/06/2013,יב תמוז תשעג
21/06/2013,יג תמוז תשעג
22/06/2013,יד תמוז תשעג
23/06/2013,טו תמוז תשעג
24/06/2013,טז תמוז תשעג
25/06/2013,יז תמוז תשעג
26/06/2013,יח תמוז תשעג
27/06/2013,יט תמוז תשעג
28/06/2013,כ תמוז תשעג
29/06/2013,כא תמוז תשעג
30/06/2013,כב תמוז תשעג
01/07/2013,כג תמוז תשעג
02/07/2013,כד תמוז תשעג
03/07/2013,כה תמוז תשעג
04/07/2013,כו תמוז תשעג
05/07/2013,כז תמוז תשעג
06/07/2013,כח תמוז תשעג
07/07/2013,כט תמוז תשעג
08/07/2013,א אב תשעג
09/07/2013,ב אב תשעג
10/07/2013,ג אב תשעג
11/07/2013,ד אב תשעג
12/07/2013,ה אב תשעג
13/07/2013,ו אב תשעג
14/07/2013,ז אב תשעג
15/07/2013,ח אב תשעג
16/07/2013,ט אב תשעג
17/07/2013,י אב תשעג
18/07/2013,יא אב תשעג
19/07/2013,יב אב תשעג
20/07/2013,יג אב תשעג
21/07/2013,יד אב תשעג
22/07/2013,טו אב תשעג
23/07/2013,טז אב תשעג
24/07/2013,יז אב תשעג
25/07/2013,יח אב תשעג
26/07/2013,יט אב תשעג
27/07/2013,כ אב תשעג
28/07/2013,כא אב תשעג
29/07/2013,כב אב תשעג
30/07/2013,כג אב תשעג
31/07/2013,כד אב תשעג
01/08/2013,כה אב תשעג
02/08/2013,כו אב תשעג
03/08/2013,כז אב תשעג
04/08/2013,כח אב תשעג
05/08/2013,כט אב תשעג
06/08/2013,ל אב תשעג
07/08/2013,א אלול תשעג
08/08/2013,ב אלול תשעג
09/08/2013,ג אלול תשעג
10/08/2013,ד אלול תשעג
11/08/2013,ה אלול תשעג
12/08/2013,ו אלול תשעג
13/08/2013,ז אלול תשעג
14/08/2013,ח אלול תשעג
15/08/2013,ט אלול תשעג
16/08/2013,י אלול תשעג
17/08/2013,יא אלול תשעג
18/08/2013,יב אלול תשעג
19/08/2013,יג אלול תשעג
20/08/2013,יד אלול תשעג
21/08/2013,טו אלול תשעג
22/08/2013,טז אלול תשעג
23/08/2013,יז אלול תשעג
24/08/2013,יח אלול תשעג
25/08/2013,יט אלול תשעג
26/08/2013,כ אלול תשעג
27/08/2013,כא אלול תשעג
28/08/2013,כב אלול תשעג
29/08/2013,כג אלול תשעג
30/08/2013,כד אלול תשעג
31/08/2013,כה אלול תשעג
01/09/2013,כו אלול תשעג
02/09/2013,כז אלול תשעג
03/09/2013,כח אלול תשעג
04/09/2013,כט אלול תשעג
05/09/2013,א תשרי תשעד
06/09/2013,ב תשרי תשעד
07/09/2013,ג תשרי תשעד
08/09/2013,ד תשרי תשעד
09/09/2013,ה תשרי תשעד
10/09/2013,ו תשרי תשעד
11/09/2013,ז תשרי תשעד
12/09/2013,ח תשרי תשעד
13/09/2013,ט תשרי תשעד
14/09/2013,י תשרי תשעד
15/09/2013,יא תשרי תשעד
16/09/2013,יב תשרי תשעד
17/09/2013,יג תשרי תשעד
18/09/2013,יד תשרי תשעד
19/09/2013,טו תשרי תשעד
20/09/2013,טז תשרי תשעד
21/09/2013,יז תשרי תשעד
22/09/2013,יח תשרי תשעד
23/09/2013,יט תשרי תשעד
24/09/2013,כ תשרי תשעד
25/09/2013,כא תשרי תשעד
26/09/2013,כב תשרי תשעד
27/09/2013,כג תשרי תשעד
28/09/2013,כד תשרי תשעד
29/09/2013,כה תשרי תשעד
30/09/2013,כו תשרי תשעד
01/10/2013,כז תשרי תשעד
02/10/2013,כח תשרי תשעד
03/10/2013,כט תשרי תשעד
04/10/2013,ל תשרי תשעד
05/10/2013,א חשון תשעד
06/10/2013,ב חשון תשעד
07/10/2013,ג חשון תשעד
08/10/2013,ד חשון תשעד
09/10/2013,ה חשון תשעד
10/10/2013,ו חשון תשעד
11/10/2013,ז חשון תשעד
12/10/2013,ח חשון תשעד
13/10/2013,ט חשון תשעד
14/10/2013,י חשון תשעד
15/10/2013,יא חשון תשעד
16/10/2013,יב חשון תשעד
17/10/2013,יג חשון תשעד
18/10/2013,יד חשון תשעד
19/10/2013,טו חשון תשעד
20/10/2013,טז חשון תשעד
21/10/2013,יז חשון תשעד
22/10/2013,יח חשון תשעד
23/10/2013,יט חשון תשעד
24/10/2013,כ חשון תשעד
25/10/2013,כא חשון תשעד
26/10/2013,כב חשון תשעד
27/10/2013,כג חשון תשעד
28/10/2013,כד חשון תשעד
29/10/2013,כה חשון תשעד
30/10/2013,כו חשון תשעד
31/10/2013,כז חשון תשעד
01/11/2013,כח חשון תשעד
02/11/2013,כט חשון תשעד
03/11/2013,ל חשון תשעד
04/11/2013,א כסלו תשעד
05/11/2013,ב כסלו תשעד
06/11/2013,ג כסלו תשעד
07/11/2013,ד כסלו תשעד
08/11/2013,ה כסלו תשעד
09/11/2013,ו כסלו תשעד
10/11/2013,ז כסלו תשעד
11/11/2013,ח כסלו תשעד
12/11/2013,ט כסלו תשעד
13/11/2013,י כסלו תשעד
14/11/2013,יא כסלו תשעד
15/11/2013,יב כסלו תשעד
16/11/2013,יג כסלו תשעד
17/11/2013,יד כסלו תשעד
18/11/2013,טו כסלו תשעד
19/11/2013,טז כסלו תשעד
20/11/2013,יז כסלו תשעד
21/11/2013,יח כסלו תשעד
22/11/2013,יט כסלו תשעד
23/11/2013,כ כסלו תשעד
24/11/2013,כא כסלו תשעד
25/11/2013,כב כסלו תשעד
26/11/2013,כג כסלו תשעד
27/11/2013,כד כסלו תשעד
28/11/2013,כה כסלו תשעד
29/11/2013,כו כסלו תשעד
30/11/2013,כז כסלו תשעד
01/12/2013,כח כסלו תשעד
02/12/2013,כט כסלו תשעד
03/12/2013,ל כסלו תשעד
04/12/2013,א טבת תשעד
05/12/2013,ב טבת תשעד
06/12/2013,ג טבת תשעד
07/12/2013,ד טבת תשעד
08/12/2013,ה טבת תשעד
09/12/2013,ו טבת תשעד
10/12/2013,ז טבת תשעד
11/12/2013,ח טבת תשעד
12/12/2013,ט טבת תשעד
13/12/2013,י טבת תשעד
14/12/2013,יא טבת תשעד
15/12/2013,יב טבת תשעד
16/12/2013,יג טבת תשעד
17/12/2013,יד טבת תשעד
18/12/2013,טו טבת תשעד
19/12/2013,טז טבת תשעד
20/12/2013,יז טבת תשעד
21/12/2013,יח טבת תשעד
22/12/2013,יט טבת תשעד
23/12/2013,כ טבת תשעד
24/12/2013,כא טבת תשעד
25/12/2013,כב טבת תשעד
26/12/2013,כג טבת תשעד
27/12/2013,כד טבת תשעד
28/12/2013,כה טבת תשעד
29/12/2013,כו טבת תשעד
30/12/2013,כז טבת תשעד
31/12/2013,כח טבת תשעד
01/01/2014,כט טבת תשעד
02/01/2014,א שבט תשעד
03/01/2014,ב שבט תשעד
04/01/2014,ג שבט תשעד
05/01/2014,ד שבט תשעד
06/01/2014,ה שבט תשעד
07/01/2014,ו שבט תשעד
08/01/2014,ז שבט תשעד
09/01/2014,ח שבט תשעד
10/01/2014,ט שבט תשעד
11/01/2014,י שבט תשעד
12/01/2014,יא שבט תשעד
13/01/2014,יב שבט תשעד
14/01/2014,יג שבט תשעד
15/01/2014,יד שבט תשעד
16/01/2014,טו שבט תשעד
17/01/2014,טז שבט תשעד
18/01/2014,יז שבט תשעד
19/01/2014,יח שבט תשעד
20/01/2014,יט שבט תשעד
21/01/2014,כ שבט תשעד
22/01/2014,כא שבט תשעד
23/01/2014,כב שבט תשעד
24/01/2014,כג שבט תשעד
25/01/2014,כד שבט תשעד
26/01/2014,כה שבט תשעד
27/01/2014,כו שבט תשעד
28/01/2014,כז שבט תשעד
29/01/2014,כח שבט תשעד
30/01/2014,כט שבט תשעד
31/01/2014,ל שבט תשעד
01/02/2014,א אדר-א תשעד
02/02/2014,ב אדר-א תשעד
03/02/2014,ג אדר-א תשעד
04/02/2014,ד אדר-א תשעד
05/02/2014,ה אדר-א תשעד
06/02/2014,ו אדר-א תשעד
07/02/2014,ז אדר-א תשעד
08/02/2014,ח אדר-א תשעד
09/02/2014,ט אדר-א תשעד
10/02/2014,י אדר-א תשעד
11/02/2014,יא אדר-א תשעד
12/02/2014,יב אדר-א תשעד
13/02/2014,יג אדר-א תשעד
14/02/2014,יד אדר-א תשעד
15/02/2014,טו אדר-א תשעד
16/02/2014,טז אדר-א תשעד
17/02/2014,יז אדר-א תשעד
18/02/2014,יח אדר-א תשעד
19/02/2014,יט אדר-א תשעד
20/02/2014,כ אדר-א תשעד
21/02/2014,כא אדר-א תשעד
22/02/2014,כב אדר-א תשעד
23/02/2014,כג אדר-א תשעד
24/02/2014,כד אדר-א תשעד
25/02/2014,כה אדר-א תשעד
26/02/2014,כו אדר-א תשעד
27/02/2014,כז אדר-א תשעד
28/02/2014,כח אדר-א תשעד
01/03/2014,כט אדר-א תשעד
02/03/2014,ל אדר-א תשעד
03/03/2014,א אדר-ב תשעד
04/03/2014,ב אדר-ב תשעד
05/03/2014,ג אדר-ב תשעד
06/03/2014,ד אדר-ב תשעד
07/03/2014,ה אדר-ב תשעד
08/03/2014,ו אדר-ב תשעד
09/03/2014,ז אדר-ב תשעד
10/03/2014,ח אדר-ב תשעד
11/03/2014,ט אדר-ב תשעד
12/03/2014,י אדר-ב תשעד
13/03/2014,יא אדר-ב תשעד
14/03/2014,יב אדר-ב תשעד
15/03/2014,יג אדר-ב תשעד
16/03/2014,יד אדר-ב תשעד
17/03/2014,טו אדר-ב תשעד
18/03/2014,טז אדר-ב תשעד
19/03/2014,יז אדר-ב תשעד
20/03/2014,יח אדר-ב תשעד
21/03/2014,יט אדר-ב תשעד
22/03/2014,כ אדר-ב תשעד
23/03/2014,כא אדר-ב תשעד
24/03/2014,כב אדר-ב תשעד
25/03/2014,כג אדר-ב תשעד
26/03/2014,כד אדר-ב תשעד
27/03/2014,כה אדר-ב תשעד
28/03/2014,כו אדר-ב תשעד
29/03/2014,כז אדר-ב תשעד
30/03/2014,כח אדר-ב תשעד
31/03/2014,כט אדר-ב תשעד
01/04/2014,א ניסן תשעד
02/04/2014,ב ניסן תשעד
03/04/2014,ג ניסן תשעד
04/04/2014,ד ניסן תשעד
05/04/2014,ה ניסן תשעד
06/04/2014,ו ניסן תשעד
07/04/2014,ז ניסן תשעד
08/04/2014,ח ניסן תשעד
09/04/2014,ט ניסן תשעד
10/04/2014,י ניסן תשעד
11/04/2014,יא ניסן תשעד
12/04/2014,יב ניסן תשעד
13/04/2014,יג ניסן תשעד
14/04/2014,יד ניסן תשעד
15/04/2014,טו ניסן תשעד
16/04/2014,טז ניסן תשעד
17/04/2014,יז ניסן תשעד
18/04/2014,יח ניסן תשעד
19/04/2014,יט ניסן תשעד
20/04/2014,כ ניסן תשעד
21/04/2014,כא ניסן תשעד
22/04/2014,כב ניסן תשעד
23/04/2014,כג ניסן תשעד
24/04/2014,כד ניסן תשעד
25/04/2014,כה ניסן תשעד
26/04/2014,כו ניסן תשעד
27/04/2014,כז ניסן תשעד
28/04/2014,כח ניסן תשעד
29/04/2014,כט ניסן תשעד
30/04/2014,ל ניסן תשעד
01/05/2014,א אייר תשעד
02/05/2014,ב אייר תשעד
03/05/2014,ג אייר תשעד
04/05/2014,ד אייר תשעד
05/05/2014,ה אייר תשעד
06/05/2014,ו אייר תשעד
07/05/2014,ז אייר תשעד
08/05/2014,ח אייר תשעד
09/05/2014,ט אייר תשעד
10/05/2014,י אייר תשעד
11/05/2014,יא אייר תשעד
12/05/2014,יב אייר תשעד
13/05/2014,יג אייר תשעד
14/05/2014,יד אייר תשעד
15/05/2014,טו אייר תשעד
16/05/2014,טז אייר תשעד
17/05/2014,יז אייר תשעד
18/05/2014,יח אייר תשעד
19/05/2014,יט אייר תשעד
20/05/2014,כ אייר תשעד
21/05/2014,כא אייר תשעד
22/05/2014,כב אייר תשעד
23/05/2014,כג אייר תשעד
24/05/2014,כד אייר תשעד
25/05/2014,כה אייר תשעד
26/05/2014,כו אייר תשעד
27/05/2014,כז אייר תשעד
28/05/2014,כח אייר תשעד
29/05/2014,כט אייר תשעד
30/05/2014,א סיון תשעד
31/05/2014,ב סיון תשעד
01/06/2014,ג סיון תשעד
02/06/2014,ד סיון תשעד
03/06/2014,ה סיון תשעד
04/06/2014,ו סיון תשעד
05/06/2014,ז סיון תשעד
06/06/2014,ח סיון תשעד
07/06/2014,ט סיון תשעד
08/06/2014,י סיון תשעד
09/06/2014,יא סיון תשעד
10/06/2014,יב סיון תשעד
11/06/2014,יג סיון תשעד
12/06/2014,יד סיון תשעד
13/06/2014,טו סיון תשעד
14/06/2014,טז סיון תשעד
15/06/2014,יז סיון תשעד
16/06/2014,יח סיון תשעד
17/06/2014,יט סיון תשעד
18/06/2014,כ סיון תשעד
19/06/2014,כא סיון תשעד
20/06/2014,כב סיון תשעד
21/06/2014,כג סיון תשעד
22/06/2014,כד סיון תשעד
23/06/2014,כה סיון תשעד
24/06/2014,כו סיון תשעד
25/06/2014,כז סיון תשעד
26/06/2014,כח סיון תשעד
27/06/2014,כט סיון תשעד
28/06/2014,ל סיון תשעד
29/06/2014,א תמוז תשעד
30/06/2014,ב תמוז תשעד
01/07/2014,ג תמוז תשעד
02/07/2014,ד תמוז תשעד
03/07/2014,ה תמוז תשעד
04/07/2014,ו תמוז תשעד
05/07/2014,ז תמוז תשעד
06/07/2014,ח תמוז תשעד
07/07/2014,ט תמוז תשעד
08/07/2014,י תמוז תשעד
09/07/2014,יא תמוז תשעד
10/07/2014,יב תמוז תשעד
11/07/2014,יג תמוז תשעד
12/07/2014,יד תמוז תשעד
13/07/2014,טו תמוז תשעד
14/07/2014,טז תמוז תשעד
15/07/2014,יז תמוז תשעד
16/07/2014,יח תמוז תשעד
17/07/2014,יט תמוז תשעד
18/07/2014,כ תמוז תשעד
19/07/2014,כא תמוז תשעד
20/07/2014,כב תמוז תשעד
21/07/2014,כג תמוז תשעד
22/07/2014,כד תמוז תשעד
23/07/2014,כה תמוז תשעד
24/07/2014,כו תמוז תשעד
25/07/2014,כז תמוז תשעד
26/07/2014,כח תמוז תשעד
27/07/2014,כט תמוז תשעד
28/07/2014,א אב תשעד
29/07/2014,ב אב תשעד
30/07/2014,ג אב תשעד
31/07/2014,ד אב תשעד
01/08/2014,ה אב תשעד
02/08/2014,ו אב תשעד
03/08/2014,ז אב תשעד
04/08/2014,ח אב תשעד
05/08/2014,ט אב תשעד
06/08/2014,י אב תשעד
07/08/2014,יא אב תשעד
08/08/2014,יב אב תשעד
09/08/2014,יג אב תשעד
10/08/2014,יד אב תשעד
11/08/2014,טו אב תשעד
12/08/2014,טז אב תשעד
13/08/2014,יז אב תשעד
14/08/2014,יח אב תשעד
15/08/2014,יט אב תשעד
16/08/2014,כ אב תשעד
17/08/2014,כא אב תשעד
18/08/2014,כב אב תשעד
19/08/2014,כג אב תשעד
20/08/2014,כד אב תשעד
21/08/2014,כה אב תשעד
22/08/2014,כו אב תשעד
23/08/2014,כז אב תשעד
24/08/2014,כח אב תשעד
25/08/2014,כט אב תשעד
26/08/2014,ל אב תשעד
27/08/2014,א אלול תשעד
28/08/2014,ב אלול תשעד
29/08/2014,ג אלול תשעד
30/08/2014,ד אלול תשעד
31/08/2014,ה אלול תשעד
01/09/2014,ו אלול תשעד
02/09/2014,ז אלול תשעד
03/09/2014,ח אלול תשעד
04/09/2014,ט אלול תשעד
05/09/2014,י אלול תשעד
06/09/2014,יא אלול תשעד
07/09/2014,יב אלול תשעד
08/09/2014,יג אלול תשעד
09/09/2014,יד אלול תשעד
10/09/2014,טו אלול תשעד
11/09/2014,טז אלול תשעד
12/09/2014,יז אלול תשעד
13/09/2014,יח אלול תשעד
14/09/2014,יט אלול תשעד
15/09/2014,כ אלול תשעד
16/09/2014,כא אלול תשעד
17/09/2014,כב אלול תשעד
18/09/2014,כג אלול תשעד
19/09/2014,כד אלול תשעד
20/09/2014,כה אלול תשעד
21/09/2014,כו אלול תשעד
22/09/2014,כז אלול תשעד
23/09/2014,כח אלול תשעד
24/09/2014,כט אלול תשעד
25/09/2014,א תשרי תשעה
26/09/2014,ב תשרי תשעה
27/09/2014,ג תשרי תשעה
28/09/2014,ד תשרי תשעה
29/09/2014,ה תשרי תשעה
30/09/2014,ו תשרי תשעה
01/10/2014,ז תשרי תשעה
02/10/2014,ח תשרי תשעה
03/10/2014,ט תשרי תשעה
04/10/2014,י תשרי תשעה
05/10/2014,יא תשרי תשעה
06/10/2014,יב תשרי תשעה
07/10/2014,יג תשרי תשעה
08/10/2014,יד תשרי תשעה
09/10/2014,טו תשרי תשעה
10/10/2014,טז תשרי תשעה
11/10/2014,יז תשרי תשעה
12/10/2014,יח תשרי תשעה
13/10/2014,יט תשרי תשעה
14/10/2014,כ תשרי תשעה
15/10/2014,כא תשרי תשעה
16/10/2014,כב תשרי תשעה
17/10/2014,כג תשרי תשעה
18/10/2014,כד תשרי תשעה
19/10/2014,כה תשרי תשעה
20/10/2014,כו תשרי תשעה
21/10/2014,כז תשרי תשעה
22/10/2014,כח תשרי תשעה
23/10/2014,כט תשרי תשעה
24/10/2014,ל תשרי תשעה
25/10/2014,א חשון תשעה
26/10/2014,ב חשון תשעה
27/10/2014,ג חשון תשעה
28/10/2014,ד חשון תשעה
29/10/2014,ה חשון תשעה
30/10/2014,ו חשון תשעה
31/10/2014,ז חשון תשעה
01/11/2014,ח חשון תשעה
02/11/2014,ט חשון תשעה
03/11/2014,י חשון תשעה
04/11/2014,יא חשון תשעה
05/11/2014,יב חשון תשעה
06/11/2014,יג חשון תשעה
07/11/2014,יד חשון תשעה
08/11/2014,טו חשון תשעה
09/11/2014,טז חשון תשעה
10/11/2014,יז חשון תשעה
11/11/2014,יח חשון תשעה
12/11/2014,יט חשון תשעה
13/11/2014,כ חשון תשעה
14/11/2014,כא חשון תשעה
15/11/2014,כב חשון תשעה
16/11/2014,כג חשון תשעה
17/11/2014,כד חשון תשעה
18/11/2014,כה חשון תשעה
19/11/2014,כו חשון תשעה
20/11/2014,כז חשון תשעה
21/11/2014,כח חשון תשעה
22/11/2014,כט חשון תשעה
23/11/2014,א כסלו תשעה
24/11/2014,ב כסלו תשעה
25/11/2014,ג כסלו תשעה
26/11/2014,ד כסלו תשעה
27/11/2014,ה כסלו תשעה
28/11/2014,ו כסלו תשעה
29/11/2014,ז כסלו תשעה
30/11/2014,ח כסלו תשעה
01/12/2014,ט כסלו תשעה
02/12/2014,י כסלו תשעה
03/12/2014,יא כסלו תשעה
04/12/2014,יב כסלו תשעה
05/12/2014,יג כסלו תשעה
06/12/2014,יד כסלו תשעה
07/12/2014,טו כסלו תשעה
08/12/2014,טז כסלו תשעה
09/12/2014,יז כסלו תשעה
10/12/2014,יח כסלו תשעה
11/12/2014,יט כסלו תשעה
12/12/2014,כ כסלו תשעה
13/12/2014,כא כסלו תשעה
14/12/2014,כב כסלו תשעה
15/12/2014,כג כסלו תשעה
16/12/2014,כד כסלו תשעה
17/12/2014,כה כסלו תשעה
18/12/2014,כו כסלו תשעה
19/12/2014,כז כסלו תשעה
20/12/2014,כח כסלו תשעה
21/12/2014,כט כסלו תשעה
22/12/2014,ל כסלו תשעה
23/12/2014,א טבת תשעה
24/12/2014,ב טבת תשעה
25/12/2014,ג טבת תשעה
26/12/2014,ד טבת תשעה
27/12/2014,ה טבת תשעה
28/12/2014,ו טבת תשעה
29/12/2014,ז טבת תשעה
30/12/2014,ח טבת תשעה
31/12/2014,ט טבת תשעה
01/01/2015,י טבת תשעה
02/01/2015,יא טבת תשעה
03/01/2015,יב טבת תשעה
04/01/2015,יג טבת תשעה
05/01/2015,יד טבת תשעה
06/01/2015,טו טבת תשעה
07/01/2015,טז טבת תשעה
08/01/2015,יז טבת תשעה
09/01/2015,יח טבת תשעה
10/01/2015,יט טבת תשעה
11/01/2015,כ טבת תשעה
12/01/2015,כא טבת תשעה
13/01/2015,כב טבת תשעה
14/01/2015,כג טבת תשעה
15/01/2015,כד טבת תשעה
16/01/2015,כה טבת תשעה
17/01/2015,כו טבת תשעה
18/01/2015,כז טבת תשעה
19/01/2015,כח טבת תשעה
20/01/2015,כט טבת תשעה
21/01/2015,א שבט תשעה
22/01/2015,ב שבט תשעה
23/01/2015,ג שבט תשעה
24/01/2015,ד שבט תשעה
25/01/2015,ה שבט תשעה
26/01/2015,ו שבט תשעה
27/01/2015,ז שבט תשעה
28/01/2015,ח שבט תשעה
29/01/2015,ט שבט תשעה
30/01/2015,י שבט תשעה
31/01/2015,יא שבט תשעה
01/02/2015,יב שבט תשעה
02/02/2015,יג שבט תשעה
03/02/2015,יד שבט תשעה
04/02/2015,טו שבט תשעה
05/02/2015,טז שבט תשעה
06/02/2015,יז שבט תשעה
07/02/2015,יח שבט תשעה
08/02/2015,יט שבט תשעה
09/02/2015,כ שבט תשעה
10/02/2015,כא שבט תשעה
11/02/2015,כב שבט תשעה
12/02/2015,כג שבט תשעה
13/02/2015,כד שבט תשעה
14/02/2015,כה שבט תשעה
15/02/2015,כו שבט תשעה
16/02/2015,כז שבט תשעה
17/02/2015,כח שבט תשעה
18/02/2015,כט שבט תשעה
19/02/2015,ל שבט תשעה
20/02/2015,א אדר תשעה
21/02/2015,ב אדר תשעה
22/02/2015,ג אדר תשעה
23/02/2015,ד אדר תשעה
24/02/2015,ה אדר תשעה
25/02/2015,ו אדר תשעה
26/02/2015,ז אדר תשעה
27/02/2015,ח אדר תשעה
28/02/2015,ט אדר תשעה
01/03/2015,י אדר תשעה
02/03/2015,יא אדר תשעה
03/03/2015,יב אדר תשעה
04/03/2015,יג אדר תשעה
05/03/2015,יד אדר תשעה
06/03/2015,טו אדר תשעה
07/03/2015,טז אדר תשעה
08/03/2015,יז אדר תשעה
09/03/2015,יח אדר תשעה
10/03/2015,יט אדר תשעה
11/03/2015,כ אדר תשעה
12/03/2015,כא אדר תשעה
13/03/2015,כב אדר תשעה
14/03/2015,כג אדר תשעה
15/03/2015,כד אדר תשעה
16/03/2015,כה אדר תשעה
17/03/2015,כו אדר תשעה
18/03/2015,כז אדר תשעה
19/03/2015,כח אדר תשעה
20/03/2015,כט אדר תשעה
21/03/2015,א ניסן תשעה
22/03/2015,ב ניסן תשעה
23/03/2015,ג ניסן תשעה
24/03/2015,ד ניסן תשעה
25/03/2015,ה ניסן תשעה
26/03/2015,ו ניסן תשעה
27/03/2015,ז ניסן תשעה
28/03/2015,ח ניסן תשעה
29/03/2015,ט ניסן תשעה
30/03/2015,י ניסן תשעה
31/03/2015,יא ניסן תשעה
01/04/2015,יב ניסן תשעה
02/04/2015,יג ניסן תשעה
03/04/2015,יד ניסן תשעה
04/04/2015,טו ניסן תשעה
05/04/2015,טז ניסן תשעה
06/04/2015,יז ניסן תשעה
07/04/2015,יח ניסן תשעה
08/04/2015,יט ניסן תשעה
09/04/2015,כ ניסן תשעה
10/04/2015,כא ניסן תשעה
11/04/2015,כב ניסן תשעה
12/04/2015,כג ניסן תשעה
13/04/2015,כד ניסן תשעה
14/04/2015,כה ניסן תשעה
15/04/2015,כו ניסן תשעה
16/04/2015,כז ניסן תשעה
17/04/2015,כח ניסן תשעה
18/04/2015,כט ניסן תשעה
19/04/2015,ל ניסן תשעה
20/04/2015,א אייר תשעה
21/04/2015,ב אייר תשעה
22/04/2015,ג אייר תשעה
23/04/2015,ד אייר תשעה
24/04/2015,ה אייר תשעה
25/04/2015,ו אייר תשעה
26/04/2015,ז אייר תשעה
27/04/2015,ח אייר תשעה
28/04/2015,ט אייר תשעה
29/04/2015,י אייר תשעה
30/04/2015,יא אייר תשעה
01/05/2015,יב אייר תשעה
02/05/2015,יג אייר תשעה
03/05/2015,יד אייר תשעה
04/05/2015,טו אייר תשעה
05/05/2015,טז אייר תשעה
06/05/2015,יז אייר תשעה
07/05/2015,יח אייר תשעה
08/05/2015,יט אייר תשעה
09/05/2015,כ אייר תשעה
10/05/2015,כא אייר תשעה
11/05/2015,כב אייר תשעה
12/05/2015,כג אייר תשעה
13/05/2015,כד אייר תשעה
14/05/2015,כה אייר תשעה
15/05/2015,כו אייר תשעה
16/05/2015,כז אייר תשעה
17/05/2015,כח אייר תשעה
18/05/2015,כט אייר תשעה
19/05/2015,א סיון תשעה
20/05/2015,ב סיון תשעה
21/05/2015,ג סיון תשעה
22/05/2015,ד סיון תשעה
23/05/2015,ה סיון תשעה
24/05/2015,ו סיון תשעה
25/05/2015,ז סיון תשעה
26/05/2015,ח סיון תשעה
27/05/2015,ט סיון תשעה
28/05/2015,י סיון תשעה
29/05/2015,יא סיון תשעה
30/05/2015,יב סיון תשעה
31/05/2015,יג סיון תשעה
01/06/2015,יד סיון תשעה
02/06/2015,טו סיון תשעה
03/06/2015,טז סיון תשעה
04/06/2015,יז סיון תשעה
05/06/2015,יח סיון תשעה
06/06/2015,יט סיון תשעה
07/06/2015,כ סיון תשעה
08/06/2015,כא סיון תשעה
09/06/2015,כב סיון תשעה
10/06/2015,כג סיון תשעה
11/06/2015,כד סיון תשעה
12/06/2015,כה סיון תשעה
13/06/2015,כו סיון תשעה
14/06/2015,כז סיון תשעה
15/06/2015,כח סיון תשעה
16/06/2015,כט סיון תשעה
17/06/2015,ל סיון תשעה
18/06/2015,א תמוז תשעה
19/06/2015,ב תמוז תשעה
20/06/2015,ג תמוז תשעה
21/06/2015,ד תמוז תשעה
22/06/2015,ה תמוז תשעה
23/06/2015,ו תמוז תשעה
24/06/2015,ז תמוז תשעה
25/06/2015,ח תמוז תשעה
26/06/2015,ט תמוז תשעה
27/06/2015,י תמוז תשעה
28/06/2015,יא תמוז תשעה
29/06/2015,יב תמוז תשעה
30/06/2015,יג תמוז תשעה
01/07/2015,יד תמוז תשעה
02/07/2015,טו תמוז תשעה
03/07/2015,טז תמוז תשעה
04/07/2015,יז תמוז תשעה
05/07/2015,יח תמוז תשעה
06/07/2015,יט תמוז תשעה
07/07/2015,כ תמוז תשעה
08/07/2015,כא תמוז תשעה
09/07/2015,כב תמוז תשעה
10/07/2015,כג תמוז תשעה
11/07/2015,כד תמוז תשעה
12/07/2015,כה תמוז תשעה
13/07/2015,כו תמוז תשעה
14/07/2015,כז תמוז תשעה
15/07/2015,כח תמוז תשעה
16/07/2015,כט תמוז תשעה
17/07/2015,א אב תשעה
18/07/2015,ב אב תשעה
19/07/2015,ג אב תשעה
20/07/2015,ד אב תשעה
21/07/2015,ה אב תשעה
22/07/2015,ו אב תשעה
23/07/2015,ז אב תשעה
24/07/2015,ח אב תשעה
25/07/2015,ט אב תשעה
26/07/2015,י אב תשעה
27/07/2015,יא אב תשעה
28/07/2015,יב אב תשעה
29/07/2015,יג אב תשעה
30/07/2015,יד אב תשעה
31/07/2015,טו אב תשעה
01/08/2015,טז אב תשעה
02/08/2015,יז אב תשעה
03/08/2015,יח אב תשעה
04/08/2015,יט אב תשעה
05/08/2015,כ אב תשעה
06/08/2015,כא אב תשעה
07/08/2015,כב אב תשעה
08/08/2015,כג אב תשעה
09/08/2015,כד אב תשעה
10/08/2015,כה אב תשעה
11/08/2015,כו אב תשעה
12/08/2015,כז אב תשעה
13/08/2015,כח אב תשעה
14/08/2015,כט אב תשעה
15/08/2015,ל אב תשעה
16/08/2015,א אלול תשעה
17/08/2015,ב אלול תשעה
18/08/2015,ג אלול תשעה
19/08/2015,ד אלול תשעה
20/08/2015,ה אלול תשעה
21/08/2015,ו אלול תשעה
22/08/2015,ז אלול תשעה
23/08/2015,ח אלול תשעה
24/08/2015,ט אלול תשעה
25/08/2015,י אלול תשעה
26/08/2015,יא אלול תשעה
27/08/2015,יב אלול תשעה
28/08/2015,יג אלול תשעה
29/08/2015,יד אלול תשעה
30/08/2015,טו אלול תשעה
31/08/2015,טז אלול תשעה
01/09/2015,יז אלול תשעה
02/09/2015,יח אלול תשעה
03/09/2015,יט אלול תשעה
04/09/2015,כ אלול תשעה
05/09/2015,כא אלול תשעה
06/09/2015,כב אלול תשעה
07/09/2015,כג אלול תשעה
08/09/2015,כד אלול תשעה
09/09/2015,כה אלול תשעה
10/09/2015,כו אלול תשעה
11/09/2015,כז אלול תשעה
12/09/2015,כח אלול תשעה
13/09/2015,כט אלול תשעה
14/09/2015,א תשרי תשעו
15/09/2015,ב תשרי תשעו
16/09/2015,ג תשרי תשעו
17/09/2015,ד תשרי תשעו
18/09/2015,ה תשרי תשעו
19/09/2015,ו תשרי תשעו
20/09/2015,ז תשרי תשעו
21/09/2015,ח תשרי תשעו
22/09/2015,ט תשרי תשעו
23/09/2015,י תשרי תשעו
24/09/2015,יא תשרי תשעו
25/09/2015,יב תשרי תשעו
26/09/2015,יג תשרי תשעו
27/09/2015,יד תשרי תשעו
28/09/2015,טו תשרי תשעו
29/09/2015,טז תשרי תשעו
30/09/2015,יז תשרי תשעו
01/10/2015,יח תשרי תשעו
02/10/2015,יט תשרי תשעו
03/10/2015,כ תשרי תשעו
04/10/2015,כא תשרי תשעו
05/10/2015,כב תשרי תשעו
06/10/2015,כג תשרי תשעו
07/10/2015,כד תשרי תשעו
08/10/2015,כה תשרי תשעו
09/10/2015,כו תשרי תשעו
10/10/2015,כז תשרי תשעו
11/10/2015,כח תשרי תשעו
12/10/2015,כט תשרי תשעו
13/10/2015,ל תשרי תשעו
14/10/2015,א חשון תשעו
15/10/2015,ב חשון תשעו
16/10/2015,ג חשון תשעו
17/10/2015,ד חשון תשעו
18/10/2015,ה חשון תשעו
19/10/2015,ו חשון תשעו
20/10/2015,ז חשון תשעו
21/10/2015,ח חשון תשעו
22/10/2015,ט חשון תשעו
23/10/2015,י חשון תשעו
24/10/2015,יא חשון תשעו
25/10/2015,יב חשון תשעו
26/10/2015,יג חשון תשעו
27/10/2015,יד חשון תשעו
28/10/2015,טו חשון תשעו
29/10/2015,טז חשון תשעו
30/10/2015,יז חשון תשעו
31/10/2015,יח חשון תשעו
01/11/2015,יט חשון תשעו
02/11/2015,כ חשון תשעו
03/11/2015,כא חשון תשעו
04/11/2015,כב חשון תשעו
05/11/2015,כג חשון תשעו
06/11/2015,כד חשון תשעו
07/11/2015,כה חשון תשעו
08/11/2015,כו חשון תשעו
09/11/2015,כז חשון תשעו
10/11/2015,כח חשון תשעו
11/11/2015,כט חשון תשעו
12/11/2015,ל חשון תשעו
13/11/2015,א כסלו תשעו
14/11/2015,ב כסלו תשעו
15/11/2015,ג כסלו תשעו
16/11/2015,ד כסלו תשעו
17/11/2015,ה כסלו תשעו
18/11/2015,ו כסלו תשעו
19/11/2015,ז כסלו תשעו
20/11/2015,ח כסלו תשעו
21/11/2015,ט כסלו תשעו
22/11/2015,י כסלו תשעו
23/11/2015,יא כסלו תשעו
24/11/2015,יב כסלו תשעו
25/11/2015,יג כסלו תשעו
26/11/2015,יד כסלו תשעו
27/11/2015,טו כסלו תשעו
28/11/2015,טז כסלו תשעו
29/11/2015,יז כסלו תשעו
30/11/2015,יח כסלו תשעו
01/12/2015,יט כסלו תשעו
02/12/2015,כ כסלו תשעו
03/12/2015,כא כסלו תשעו
04/12/2015,כב כסלו תשעו
05/12/2015,כג כסלו תשעו
06/12/2015,כד כסלו תשעו
07/12/2015,כה כסלו תשעו
08/12/2015,כו כסלו תשעו
09/12/2015,כז כסלו תשעו
10/12/2015,כח כסלו תשעו
11/12/2015,כט כסלו תשעו
12/12/2015,ל כסלו תשעו
13/12/2015,א טבת תשעו
14/12/2015,ב טבת תשעו
15/12/2015,ג טבת תשעו
16/12/2015,ד טבת תשעו
17/12/2015,ה טבת תשעו
18/12/2015,ו טבת תשעו
19/12/2015,ז טבת תשעו
20/12/2015,ח טבת תשעו
21/12/2015,ט טבת תשעו
22/12/2015,י טבת תשעו
23/12/2015,יא טבת תשעו
24/12/2015,יב טבת תשעו
25/12/2015,יג טבת תשעו
26/12/2015,יד טבת תשעו
27/12/2015,טו טבת תשעו
28/12/2015,טז טבת תשעו
29/12/2015,יז טבת תשעו
30/12/2015,יח טבת תשעו
31/12/2015,יט טבת תשעו
01/01/2016,כ טבת תשעו
02/01/2016,כא טבת תשעו
03/01/2016,כב טבת תשעו
04/01/2016,כג טבת תשעו
05/01/2016,כד טבת תשעו
06/01/2016,כה טבת תשעו
07/01/2016,כו טבת תשעו
08/01/2016,כז טבת תשעו
09/01/2016,כח טבת תשעו
10/01/2016,כט טבת תשעו
11/01/2016,א שבט תשעו
12/01/2016,ב שבט תשעו
13/01/2016,ג שבט תשעו
14/01/2016,ד שבט תשעו
15/01/2016,ה שבט תשעו
16/01/2016,ו שבט תשעו
17/01/2016,ז שבט תשעו
18/01/2016,ח שבט תשעו
19/01/2016,ט שבט תשעו
20/01/2016,י שבט תשעו
21/01/2016,יא שבט תשעו
22/01/2016,יב שבט תשעו
23/01/2016,יג שבט תשעו
24/01/2016,יד שבט תשעו
25/01/2016,טו שבט תשעו
26/01/2016,טז שבט תשעו
27/01/2016,יז שבט תשעו
28/01/2016,יח שבט תשעו
29/01/2016,יט שבט תשעו
30/01/2016,כ שבט תשעו
31/01/2016,כא שבט תשעו
01/02/2016,כב שבט תשעו
02/02/2016,כג שבט תשעו
03/02/2016,כד שבט תשעו
04/02/2016,כה שבט תשעו
05/02/2016,כו שבט תשעו
06/02/2016,כז שבט תשעו
07/02/2016,כח שבט תשעו
08/02/2016,כט שבט תשעו
09/02/2016,ל שבט תשעו
10/02/2016,א אדר-א תשעו
11/02/2016,ב אדר-א תשעו
12/02/2016,ג אדר-א תשעו
13/02/2016,ד אדר-א תשעו
14/02/2016,ה אדר-א תשעו
15/02/2016,ו אדר-א תשעו
16/02/2016,ז אדר-א תשעו
17/02/2016,ח אדר-א תשעו
18/02/2016,ט אדר-א תשעו
19/02/2016,י אדר-א תשעו
20/02/2016,יא אדר-א תשעו
21/02/2016,יב אדר-א תשעו
22/02/2016,יג אדר-א תשעו
23/02/2016,יד אדר-א תשעו
24/02/2016,טו אדר-א תשעו
25/02/2016,טז אדר-א תשעו
26/02/2016,יז אדר-א תשעו
27/02/2016,יח אדר-א תשעו
28/02/2016,יט אדר-א תשעו
29/02/2016,כ אדר-א תשעו
01/03/2016,כא אדר-א תשעו
02/03/2016,כב אדר-א תשעו
03/03/2016,כג אדר-א תשעו
04/03/2016,כד אדר-א תשעו
05/03/2016,כה אדר-א תשעו
06/03/2016,כו אדר-א תשעו
07/03/2016,כז אדר-א תשעו
08/03/2016,כח אדר-א תשעו
09/03/2016,כט אדר-א תשעו
10/03/2016,ל אדר-א תשעו
11/03/2016,א אדר-ב תשעו
12/03/2016,ב אדר-ב תשעו
13/03/2016,ג אדר-ב תשעו
14/03/2016,ד אדר-ב תשעו
15/03/2016,ה אדר-ב תשעו
16/03/2016,ו אדר-ב תשעו
17/03/2016,ז אדר-ב תשעו
18/03/2016,ח אדר-ב תשעו
19/03/2016,ט אדר-ב תשעו
20/03/2016,י אדר-ב תשעו
21/03/2016,יא אדר-ב תשעו
22/03/2016,יב אדר-ב תשעו
23/03/2016,יג אדר-ב תשעו
24/03/2016,יד אדר-ב תשעו
25/03/2016,טו אדר-ב תשעו
26/03/2016,טז אדר-ב תשעו
27/03/2016,יז אדר-ב תשעו
28/03/2016,יח אדר-ב תשעו
29/03/2016,יט אדר-ב תשעו
30/03/2016,כ אדר-ב תשעו
31/03/2016,כא אדר-ב תשעו
01/04/2016,כב אדר-ב תשעו
02/04/2016,כג אדר-ב תשעו
03/04/2016,כד אדר-ב תשעו
04/04/2016,כה אדר-ב תשעו
05/04/2016,כו אדר-ב תשעו
06/04/2016,כז אדר-ב תשעו
07/04/2016,כח אדר-ב תשעו
08/04/2016,כט אדר-ב תשעו
09/04/2016,א ניסן תשעו
10/04/2016,ב ניסן תשעו
11/04/2016,ג ניסן תשעו
12/04/2016,ד ניסן תשעו
13/04/2016,ה ניסן תשעו
14/04/2016,ו ניסן תשעו
15/04/2016,ז ניסן תשעו
16/04/2016,ח ניסן תשעו
17/04/2016,ט ניסן תשעו
18/04/2016,י ניסן תשעו
19/04/2016,יא ניסן תשעו
20/04/2016,יב ניסן תשעו
21/04/2016,יג ניסן תשעו
22/04/2016,יד ניסן תשעו
23/04/2016,טו ניסן תשעו
24/04/2016,טז ניסן תשעו
25/04/2016,יז ניסן תשעו
26/04/2016,יח ניסן תשעו
27/04/2016,יט ניסן תשעו
28/04/2016,כ ניסן תשעו
29/04/2016,כא ניסן תשעו
30/04/2016,כב ניסן תשעו
01/05/2016,כג ניסן תשעו
02/05/2016,כד ניסן תשעו
03/05/2016,כה ניסן תשעו
04/05/2016,כו ניסן תשעו
05/05/2016,כז ניסן תשעו
06/05/2016,כח ניסן תשעו
07/05/2016,כט ניסן תשעו
08/05/2016,ל ניסן תשעו
09/05/2016,א אייר תשעו
10/05/2016,ב אייר תשעו
11/05/2016,ג אייר תשעו
12/05/2016,ד אייר תשעו
13/05/2016,ה אייר תשעו
14/05/2016,ו אייר תשעו
15/05/2016,ז אייר תשעו
16/05/2016,ח אייר תשעו
17/05/2016,ט אייר תשעו
18/05/2016,י אייר תשעו
19/05/2016,יא אייר תשעו
20/05/2016,יב אייר תשעו
21/05/2016,יג אייר תשעו
22/05/2016,יד אייר תשעו
23/05/2016,טו אייר תשעו
24/05/2016,טז אייר תשעו
25/05/2016,יז אייר תשעו
26/05/2016,יח אייר תשעו
27/05/2016,יט אייר תשעו
28/05/2016,כ אייר תשעו
29/05/2016,כא אייר תשעו
30/05/2016,כב אייר תשעו
31/05/2016,כג אייר תשעו
01/06/2016,כד אייר תשעו
02/06/2016,כה אייר תשעו
03/06/2016,כו אייר תשעו
04/06/2016,כז אייר תשעו
05/06/2016,כח אייר תשעו
06/06/2016,כט אייר תשעו
07/06/2016,א סיון תשעו
08/06/2016,ב סיון תשעו
09/06/2016,ג סיון תשעו
10/06/2016,ד סיון תשעו
11/06/2016,ה סיון תשעו
12/06/2016,ו סיון תשעו
13/06/2016,ז סיון תשעו
14/06/2016,ח סיון תשעו
15/06/2016,ט סיון תשעו
16/06/2016,י סיון תשעו
17/06/2016,יא סיון תשעו
18/06/2016,יב סיון תשעו
19/06/2016,יג סיון תשעו
20/06/2016,יד סיון תשעו
21/06/2016,טו סיון תשעו
22/06/2016,טז סיון תשעו
23/06/2016,יז סיון תשעו
24/06/2016,יח סיון תשעו
25/06/2016,יט סיון תשעו
26/06/2016,כ סיון תשעו
27/06/2016,כא סיון תשעו
28/06/2016,כב סיון תשעו
29/06/2016,כג סיון תשעו
30/06/2016,כד סיון תשעו
01/07/2016,כה סיון תשעו
02/07/2016,כו סיון תשעו
03/07/2016,כז סיון תשעו
04/07/2016,כח סיון תשעו
05/07/2016,כט סיון תשעו
06/07/2016,ל סיון תשעו
07/07/2016,א תמוז תשעו
08/07/2016,ב תמוז תשעו
09/07/2016,ג תמוז תשעו
10/07/2016,ד תמוז תשעו
11/07/2016,ה תמוז תשעו
12/07/2016,ו תמוז תשעו
13/07/2016,ז תמוז תשעו
14/07/2016,ח תמוז תשעו
15/07/2016,ט תמוז תשעו
16/07/2016,י תמוז תשעו
17/07/2016,יא תמוז תשעו
18/07/2016,יב תמוז תשעו
19/07/2016,יג תמוז תשעו
20/07/2016,יד תמוז תשעו
21/07/2016,טו תמוז תשעו
22/07/2016,טז תמוז תשעו
23/07/2016,יז תמוז תשעו
24/07/2016,יח תמוז תשעו
25/07/2016,יט תמוז תשעו
26/07/2016,כ תמוז תשעו
27/07/2016,כא תמוז תשעו
28/07/2016,כב תמוז תשעו
29/07/2016,כג תמוז תשעו
30/07/2016,כד תמוז תשעו
31/07/2016,כה תמוז תשעו
01/08/2016,כו תמוז תשעו
02/08/2016,כז תמוז תשעו
03/08/2016,כח תמוז תשעו
04/08/2016,כט תמוז תשעו
05/08/2016,א אב תשעו
06/08/2016,ב אב תשעו
07/08/2016,ג אב תשעו
08/08/2016,ד אב תשעו
09/08/2016,ה אב תשעו
10/08/2016,ו אב תשעו
11/08/2016,ז אב תשעו
12/08/2016,ח אב תשעו
13/08/2016,ט אב תשעו
14/08/2016,י אב תשעו
15/08/2016,יא אב תשעו
16/08/2016,יב אב תשעו
17/08/2016,יג אב תשעו
18/08/2016,יד אב תשעו
19/08/2016,טו אב תשעו
20/08/2016,טז אב תשעו
21/08/2016,יז אב תשעו
22/08/2016,יח אב תשעו
23/08/2016,יט אב תשעו
24/08/2016,כ אב תשעו
25/08/2016,כא אב תשעו
26/08/2016,כב אב תשעו
27/08/2016,כג אב תשעו
28/08/2016,כד אב תשעו
29/08/2016,כה אב תשעו
30/08/2016,כו אב תשעו
31/08/2016,כז אב תשעו
01/09/2016,כח אב תשעו
02/09/2016,כט אב תשעו
03/09/2016,ל אב תשעו
04/09/2016,א אלול תשעו
05/09/2016,ב אלול תשעו
06/09/2016,ג אלול תשעו
07/09/2016,ד אלול תשעו
08/09/2016,ה אלול תשעו
09/09/2016,ו אלול תשעו
10/09/2016,ז אלול תשעו
11/09/2016,ח אלול תשעו
12/09/2016,ט אלול תשעו
13/09/2016,י אלול תשעו
14/09/2016,יא אלול תשעו
15/09/2016,יב אלול תשעו
16/09/2016,יג אלול תשעו
17/09/2016,יד אלול תשעו
18/09/2016,טו אלול תשעו
19/09/2016,טז אלול תשעו
20/09/2016,יז אלול תשעו
21/09/2016,יח אלול תשעו
22/09/2016,יט אלול תשעו
23/09/2016,כ אלול תשעו
24/09/2016,כא אלול תשעו
25/09/2016,כב אלול תשעו
26/09/2016,כג אלול תשעו
27/09/2016,כד אלול תשעו
28/09/2016,כה אלול תשעו
29/09/2016,כו אלול תשעו
30/09/2016,כז אלול תשעו
01/10/2016,כח אלול תשעו
02/10/2016,כט אלול תשעו
03/10/2016,א תשרי תשעז
04/10/2016,ב תשרי תשעז
05/10/2016,ג תשרי תשעז
06/10/2016,ד תשרי תשעז
07/10/2016,ה תשרי תשעז
08/10/2016,ו תשרי תשעז
09/10/2016,ז תשרי תשעז
10/10/2016,ח תשרי תשעז
11/10/2016,ט תשרי תשעז
12/10/2016,י תשרי תשעז
13/10/2016,יא תשרי תשעז
14/10/2016,יב תשרי תשעז
15/10/2016,יג תשרי תשעז
16/10/2016,יד תשרי תשעז
17/10/2016,טו תשרי תשעז
18/10/2016,טז תשרי תשעז
19/10/2016,יז תשרי תשעז
20/10/2016,יח תשרי תשעז
21/10/2016,יט תשרי תשעז
22/10/2016,כ תשרי תשעז
23/10/2016,כא תשרי תשעז
24/10/2016,כב תשרי תשעז
25/10/2016,כג תשרי תשעז
26/10/2016,כד תשרי תשעז
27/10/2016,כה תשרי תשעז
28/10/2016,כו תשרי תשעז
29/10/2016,כז תשרי תשעז
30/10/2016,כח תשרי תשעז
31/10/2016,כט תשרי תשעז
01/11/2016,ל תשרי תשעז
02/11/2016,א חשון תשעז
03/11/2016,ב חשון תשעז
04/11/2016,ג חשון תשעז
05/11/2016,ד חשון תשעז
06/11/2016,ה חשון תשעז
07/11/2016,ו חשון תשעז
08/11/2016,ז חשון תשעז
09/11/2016,ח חשון תשעז
10/11/2016,ט חשון תשעז
11/11/2016,י חשון תשעז
12/11/2016,יא חשון תשעז
13/11/2016,יב חשון תשעז
14/11/2016,יג חשון תשעז
15/11/2016,יד חשון תשעז
16/11/2016,טו חשון תשעז
17/11/2016,טז חשון תשעז
18/11/2016,יז חשון תשעז
19/11/2016,יח חשון תשעז
20/11/2016,יט חשון תשעז
21/11/2016,כ חשון תשעז
22/11/2016,כא חשון תשעז
23/11/2016,כב חשון תשעז
24/11/2016,כג חשון תשעז
25/11/2016,כד חשון תשעז
26/11/2016,כה חשון תשעז
27/11/2016,כו חשון תשעז
28/11/2016,כז חשון תשעז
29/11/2016,כח חשון תשעז
30/11/2016,כט חשון תשעז
01/12/2016,א כסלו תשעז
02/12/2016,ב כסלו תשעז
03/12/2016,ג כסלו תשעז
04/12/2016,ד כסלו תשעז
05/12/2016,ה כסלו תשעז
06/12/2016,ו כסלו תשעז
07/12/2016,ז כסלו תשעז
08/12/2016,ח כסלו תשעז
09/12/2016,ט כסלו תשעז
10/12/2016,י כסלו תשעז
11/12/2016,יא כסלו תשעז
12/12/2016,יב כסלו תשעז
13/12/2016,יג כסלו תשעז
14/12/2016,יד כסלו תשעז
15/12/2016,טו כסלו תשעז
16/12/2016,טז כסלו תשעז
17/12/2016,יז כסלו תשעז
18/12/2016,יח כסלו תשעז
19/12/2016,יט כסלו תשעז
20/12/2016,כ כסלו תשעז
21/12/2016,כא כסלו תשעז
22/12/2016,כב כסלו תשעז
23/12/2016,כג כסלו תשעז
24/12/2016,כד כסלו תשעז
25/12/2016,כה כסלו תשעז
26/12/2016,כו כסלו תשעז
27/12/2016,כז כסלו תשעז
28/12/2016,כח כסלו תשעז
29/12/2016,כט כסלו תשעז
30/12/2016,א טבת תשעז
31/12/2016,ב טבת תשעז
01/01/2017,ג טבת תשעז
02/01/2017,ד טבת תשעז
03/01/2017,ה טבת תשעז
04/01/2017,ו טבת תשעז
05/01/2017,ז טבת תשעז
06/01/2017,ח טבת תשעז
07/01/2017,ט טבת תשעז
08/01/2017,י טבת תשעז
09/01/2017,יא טבת תשעז
10/01/2017,יב טבת תשעז
11/01/2017,יג טבת תשעז
12/01/2017,יד טבת תשעז
13/01/2017,טו טבת תשעז
14/01/2017,טז טבת תשעז
15/01/2017,יז טבת תשעז
16/01/2017,יח טבת תשעז
17/01/2017,יט טבת תשעז
18/01/2017,כ טבת תשעז
19/01/2017,כא טבת תשעז
20/01/2017,כב טבת תשעז
21/01/2017,כג טבת תשעז
22/01/2017,כד טבת תשעז
23/01/2017,כה טבת תשעז
24/01/2017,כו טבת תשעז
25/01/2017,כז טבת תשעז
26/01/2017,כח טבת תשעז
27/01/2017,כט טבת תשעז
28/01/2017,א שבט תשעז
29/01/2017,ב שבט תשעז
30/01/2017,ג שבט תשעז
31/01/2017,ד שבט תשעז
01/02/2017,ה שבט תשעז
02/02/2017,ו שבט תשעז
03/02/2017,ז שבט תשעז
04/02/2017,ח שבט תשעז
05/02/2017,ט שבט תשעז
06/02/2017,י שבט תשעז
07/02/2017,יא שבט תשעז
08/02/2017,יב שבט תשעז
09/02/2017,יג שבט תשעז
10/02/2017,יד שבט תשעז
11/02/2017,טו שבט תשעז
12/02/2017,טז שבט תשעז
13/02/2017,יז שבט תשעז
14/02/2017,יח שבט תשעז
15/02/2017,יט שבט תשעז
16/02/2017,כ שבט תשעז
17/02/2017,כא שבט תשעז
18/02/2017,כב שבט תשעז
19/02/2017,כג שבט תשעז
20/02/2017,כד שבט תשעז
21/02/2017,כה שבט תשעז
22/02/2017,כו שבט תשעז
23/02/2017,כז שבט תשעז
24/02/2017,כח שבט תשעז
25/02/2017,כט שבט תשעז
26/02/2017,ל שבט תשעז
27/02/2017,א אדר תשעז
28/02/2017,ב אדר תשעז
01/03/2017,ג אדר תשעז
02/03/2017,ד אדר תשעז
03/03/2017,ה אדר תשעז
04/03/2017,ו אדר תשעז
05/03/2017,ז אדר תשעז
06/03/2017,ח אדר תשעז
07/03/2017,ט אדר תשעז
08/03/2017,י אדר תשעז
09/03/2017,יא אדר תשעז
10/03/2017,יב אדר תשעז
11/03/2017,יג אדר תשעז
12/03/2017,יד אדר תשעז
13/03/2017,טו אדר תשעז
14/03/2017,טז אדר תשעז
15/03/2017,יז אדר תשעז
16/03/2017,יח אדר תשעז
17/03/2017,יט אדר תשעז
18/03/2017,כ אדר תשעז
19/03/2017,כא אדר תשעז
20/03/2017,כב אדר תשעז
21/03/2017,כג אדר תשעז
22/03/2017,כד אדר תשעז
23/03/2017,כה אדר תשעז
24/03/2017,כו אדר תשעז
25/03/2017,כז אדר תשעז
26/03/2017,כח אדר תשעז
27/03/2017,כט אדר תשעז
28/03/2017,א ניסן תשעז
29/03/2017,ב ניסן תשעז
30/03/2017,ג ניסן תשעז
31/03/2017,ד ניסן תשעז
01/04/2017,ה ניסן תשעז
02/04/2017,ו ניסן תשעז
03/04/2017,ז ניסן תשעז
04/04/2017,ח ניסן תשעז
05/04/2017,ט ניסן תשעז
06/04/2017,י ניסן תשעז
07/04/2017,יא ניסן תשעז
08/04/2017,יב ניסן תשעז
09/04/2017,יג ניסן תשעז
10/04/2017,יד ניסן תשעז
11/04/2017,טו ניסן תשעז
12/04/2017,טז ניסן תשעז
13/04/2017,יז ניסן תשעז
14/04/2017,יח ניסן תשעז
15/04/2017,יט ניסן תשעז
16/04/2017,כ ניסן תשעז
17/04/2017,כא ניסן תשעז
18/04/2017,כב ניסן תשעז
19/04/2017,כג ניסן תשעז
20/04/2017,כד ניסן תשעז
21/04/2017,כה ניסן תשעז
22/04/2017,כו ניסן תשעז
23/04/2017,כז ניסן תשעז
24/04/2017,כח ניסן תשעז
25/04/2017,כט ניסן תשעז
26/04/2017,ל ניסן תשעז
27/04/2017,א אייר תשעז
28/04/2017,ב אייר תשעז
29/04/2017,ג אייר תשעז
30/04/2017,ד אייר תשעז
01/05/2017,ה אייר תשעז
02/05/2017,ו אייר תשעז
03/05/2017,ז אייר תשעז
04/05/2017,ח אייר תשעז
05/05/2017,ט אייר תשעז
06/05/2017,י אייר תשעז
07/05/2017,יא אייר תשעז
08/05/2017,יב אייר תשעז
09/05/2017,יג אייר תשעז
10/05/2017,יד אייר תשעז
11/05/2017,טו אייר תשעז
12/05/2017,טז אייר תשעז
13/05/2017,יז אייר תשעז
14/05/2017,יח אייר תשעז
15/05/2017,יט אייר תשעז
16/05/2017,כ אייר תשעז
17/05/2017,כא אייר תשעז
18/05/2017,כב אייר תשעז
19/05/2017,כג אייר תשעז
20/05/2017,כד אייר תשעז
21/05/2017,כה אייר תשעז
22/05/2017,כו אייר תשעז
23/05/2017,כז אייר תשעז
24/05/2017,כח אייר תשעז
25/05/2017,כט אייר תשעז
26/05/2017,א סיון תשעז
27/05/2017,ב סיון תשעז
28/05/2017,ג סיון תשעז
29/05/2017,ד סיון תשעז
30/05/2017,ה סיון תשעז
31/05/2017,ו סיון תשעז
01/06/2017,ז סיון תשעז
02/06/2017,ח סיון תשעז
03/06/2017,ט סיון תשעז
04/06/2017,י סיון תשעז
05/06/2017,יא סיון תשעז
06/06/2017,יב סיון תשעז
07/06/2017,יג סיון תשעז
08/06/2017,יד סיון תשעז
09/06/2017,טו סיון תשעז
10/06/2017,טז סיון תשעז
11/06/2017,יז סיון תשעז
12/06/2017,יח סיון תשעז
13/06/2017,יט סיון תשעז
14/06/2017,כ סיון תשעז
15/06/2017,כא סיון תשעז
16/06/2017,כב סיון תשעז
17/06/2017,כג סיון תשעז
18/06/2017,כד סיון תשעז
19/06/2017,כה סיון תשעז
20/06/2017,כו סיון תשעז
21/06/2017,כז סיון תשעז
22/06/2017,כח סיון תשעז
23/06/2017,כט סיון תשעז
24/06/2017,ל סיון תשעז
25/06/2017,א תמוז תשעז
26/06/2017,ב תמוז תשעז
27/06/2017,ג תמוז תשעז
28/06/2017,ד תמוז תשעז
29/06/2017,ה תמוז תשעז
30/06/2017,ו תמוז תשעז
01/07/2017,ז תמוז תשעז
02/07/2017,ח תמוז תשעז
03/07/2017,ט תמוז תשעז
04/07/2017,י תמוז תשעז
05/07/2017,יא תמוז תשעז
06/07/2017,יב תמוז תשעז
07/07/2017,יג תמוז תשעז
08/07/2017,יד תמוז תשעז
09/07/2017,טו תמוז תשעז
10/07/2017,טז תמוז תשעז
11/07/2017,יז תמוז תשעז
12/07/2017,יח תמוז תשעז
13/07/2017,יט תמוז תשעז
14/07/2017,כ תמוז תשעז
15/07/2017,כא תמוז תשעז
16/07/2017,כב תמוז תשעז
17/07/2017,כג תמוז תשעז
18/07/2017,כד תמוז תשעז
19/07/2017,כה תמוז תשעז
20/07/2017,כו תמוז תשעז
21/07/2017,כז תמוז תשעז
22/07/2017,כח תמוז תשעז
23/07/2017,כט תמוז תשעז
24/07/2017,א אב תשעז
25/07/2017,ב אב תשעז
26/07/2017,ג אב תשעז
27/07/2017,ד אב תשעז
28/07/2017,ה אב תשעז
29/07/2017,ו אב תשעז
30/07/2017,ז אב תשעז
31/07/2017,ח אב תשעז
01/08/2017,ט אב תשעז
02/08/2017,י אב תשעז
03/08/2017,יא אב תשעז
04/08/2017,יב אב תשעז
05/08/2017,יג אב תשעז
06/08/2017,יד אב תשעז
07/08/2017,טו אב תשעז
08/08/2017,טז אב תשעז
09/08/2017,יז אב תשעז
10/08/2017,יח אב תשעז
11/08/2017,יט אב תשעז
12/08/2017,כ אב תשעז
13/08/2017,כא אב תשעז
14/08/2017,כב אב תשעז
15/08/2017,כג אב תשעז
16/08/2017,כד אב תשעז
17/08/2017,כה אב תשעז
18/08/2017,כו אב תשעז
19/08/2017,כז אב תשעז
20/08/2017,כח אב תשעז
21/08/2017,כט אב תשעז
22/08/2017,ל אב תשעז
23/08/2017,א אלול תשעז
24/08/2017,ב אלול תשעז
25/08/2017,ג אלול תשעז
26/08/2017,ד אלול תשעז
27/08/2017,ה אלול תשעז
28/08/2017,ו אלול תשעז
29/08/2017,ז אלול תשעז
30/08/2017,ח אלול תשעז
31/08/2017,ט אלול תשעז
01/09/2017,י אלול תשעז
02/09/2017,יא אלול תשעז
03/09/2017,יב אלול תשעז
04/09/2017,יג אלול תשעז
05/09/2017,יד אלול תשעז
06/09/2017,טו אלול תשעז
07/09/2017,טז אלול תשעז
08/09/2017,יז אלול תשעז
09/09/2017,יח אלול תשעז
10/09/2017,יט אלול תשעז
11/09/2017,כ אלול תשעז
12/09/2017,כא אלול תשעז
13/09/2017,כב אלול תשעז
14/09/2017,כג אלול תשעז
15/09/2017,כד אלול תשעז
16/09/2017,כה אלול תשעז
17/09/2017,כו אלול תשעז
18/09/2017,כז אלול תשעז
19/09/2017,כח אלול תשעז
20/09/2017,כט אלול תשעז
21/09/2017,א תשרי תשעח
22/09/2017,ב תשרי תשעח
23/09/2017,ג תשרי תשעח
24/09/2017,ד תשרי תשעח
25/09/2017,ה תשרי תשעח
26/09/2017,ו תשרי תשעח
27/09/2017,ז תשרי תשעח
28/09/2017,ח תשרי תשעח
29/09/2017,ט תשרי תשעח
30/09/2017,י תשרי תשעח
01/10/2017,יא תשרי תשעח
02/10/2017,יב תשרי תשעח
03/10/2017,יג תשרי תשעח
04/10/2017,יד תשרי תשעח
05/10/2017,טו תשרי תשעח
06/10/2017,טז תשרי תשעח
07/10/2017,יז תשרי תשעח
08/10/2017,יח תשרי תשעח
09/10/2017,יט תשרי תשעח
10/10/2017,כ תשרי תשעח
11/10/2017,כא תשרי תשעח
12/10/2017,כב תשרי תשעח
13/10/2017,כג תשרי תשעח
14/10/2017,כד תשרי תשעח
15/10/2017,כה תשרי תשעח
16/10/2017,כו תשרי תשעח
17/10/2017,כז תשרי תשעח
18/10/2017,כח תשרי תשעח
19/10/2017,כט תשרי תשעח
20/10/2017,ל תשרי תשעח
21/10/2017,א חשון תשעח
22/10/2017,ב חשון תשעח
23/10/2017,ג חשון תשעח
24/10/2017,ד חשון תשעח
25/10/2017,ה חשון תשעח
26/10/2017,ו חשון תשעח
27/10/2017,ז חשון תשעח
28/10/2017,ח חשון תשעח
29/10/2017,ט חשון תשעח
30/10/2017,י חשון תשעח
31/10/2017,יא חשון תשעח
01/11/2017,יב חשון תשעח
02/11/2017,יג חשון תשעח
03/11/2017,יד חשון תשעח
04/11/2017,טו חשון תשעח
05/11/2017,טז חשון תשעח
06/11/2017,יז חשון תשעח
07/11/2017,יח חשון תשעח
08/11/2017,יט חשון תשעח
09/11/2017,כ חשון תשעח
10/11/2017,כא חשון תשעח
11/11/2017,כב חשון תשעח
12/11/2017,כג חשון תשעח
13/11/2017,כד חשון תשעח
14/11/2017,כה חשון תשעח
15/11/2017,כו חשון תשעח
16/11/2017,כז חשון תשעח
17/11/2017,כח חשון תשעח
18/11/2017,כט חשון תשעח
19/11/2017,א כסלו תשעח
20/11/2017,ב כסלו תשעח
21/11/2017,ג כסלו תשעח
22/11/2017,ד כסלו תשעח
23/11/2017,ה כסלו תשעח
24/11/2017,ו כסלו תשעח
25/11/2017,ז כסלו תשעח
26/11/2017,ח כסלו תשעח
27/11/2017,ט כסלו תשעח
28/11/2017,י כסלו תשעח
29/11/2017,יא כסלו תשעח
30/11/2017,יב כסלו תשעח
01/12/2017,יג כסלו תשעח
02/12/2017,יד כסלו תשעח
03/12/2017,טו כסלו תשעח
04/12/2017,טז כסלו תשעח
05/12/2017,יז כסלו תשעח
06/12/2017,יח כסלו תשעח
07/12/2017,יט כסלו תשעח
08/12/2017,כ כסלו תשעח
09/12/2017,כא כסלו תשעח
10/12/2017,כב כסלו תשעח
11/12/2017,כג כסלו תשעח
12/12/2017,כד כסלו תשעח
13/12/2017,כה כסלו תשעח
14/12/2017,כו כסלו תשעח
15/12/2017,כז כסלו תשעח
16/12/2017,כח כסלו תשעח
17/12/2017,כט כסלו תשעח
18/12/2017,ל כסלו תשעח
19/12/2017,א טבת תשעח
20/12/2017,ב טבת תשעח
21/12/2017,ג טבת תשעח
22/12/2017,ד טבת תשעח
23/12/2017,ה טבת תשעח
24/12/2017,ו טבת תשעח
25/12/2017,ז טבת תשעח
26/12/2017,ח טבת תשעח
27/12/2017,ט טבת תשעח
28/12/2017,י טבת תשעח
29/12/2017,יא טבת תשעח
30/12/2017,יב טבת תשעח
31/12/2017,יג טבת תשעח
01/01/2018,יד טבת תשעח
02/01/2018,טו טבת תשעח
03/01/2018,טז טבת תשעח
04/01/2018,יז טבת תשעח
05/01/2018,יח טבת תשעח
06/01/2018,יט טבת תשעח
07/01/2018,כ טבת תשעח
08/01/2018,כא טבת תשעח
09/01/2018,כב טבת תשעח
10/01/2018,כג טבת תשעח
11/01/2018,כד טבת תשעח
12/01/2018,כה טבת תשעח
13/01/2018,כו טבת תשעח
14/01/2018,כז טבת תשעח
15/01/2018,כח טבת תשעח
16/01/2018,כט טבת תשעח
17/01/2018,א שבט תשעח
18/01/2018,ב שבט תשעח
19/01/2018,ג שבט תשעח
20/01/2018,ד שבט תשעח
21/01/2018,ה שבט תשעח
22/01/2018,ו שבט תשעח
23/01/2018,ז שבט תשעח
24/01/2018,ח שבט תשעח
25/01/2018,ט שבט תשעח
26/01/2018,י שבט תשעח
27/01/2018,יא שבט תשעח
28/01/2018,יב שבט תשעח
29/01/2018,יג שבט תשעח
30/01/2018,יד שבט תשעח
31/01/2018,טו שבט תשעח
01/02/2018,טז שבט תשעח
02/02/2018,יז שבט תשעח
03/02/2018,יח שבט תשעח
04/02/2018,יט שבט תשעח
05/02/2018,כ שבט תשעח
06/02/2018,כא שבט תשעח
07/02/2018,כב שבט תשעח
08/02/2018,כג שבט תשעח
09/02/2018,כד שבט תשעח
10/02/2018,כה שבט תשעח
11/02/2018,כו שבט תשעח
12/02/2018,כז שבט תשעח
13/02/2018,כח שבט תשעח
14/02/2018,כט שבט תשעח
15/02/2018,ל שבט תשעח
16/02/2018,א אדר תשעח
17/02/2018,ב אדר תשעח
18/02/2018,ג אדר תשעח
19/02/2018,ד אדר תשעח
20/02/2018,ה אדר תשעח
21/02/2018,ו אדר תשעח
22/02/2018,ז אדר תשעח
23/02/2018,ח אדר תשעח
24/02/2018,ט אדר תשעח
25/02/2018,י אדר תשעח
26/02/2018,יא אדר תשעח
27/02/2018,יב אדר תשעח
28/02/2018,יג אדר תשעח
01/03/2018,יד אדר תשעח
02/03/2018,טו אדר תשעח
03/03/2018,טז אדר תשעח
04/03/2018,יז אדר תשעח
05/03/2018,יח אדר תשעח
06/03/2018,יט אדר תשעח
07/03/2018,כ אדר תשעח
08/03/2018,כא אדר תשעח
09/03/2018,כב אדר תשעח
10/03/2018,כג אדר תשעח
11/03/2018,כד אדר תשעח
12/03/2018,כה אדר תשעח
13/03/2018,כו אדר תשעח
14/03/2018,כז אדר תשעח
15/03/2018,כח אדר תשעח
16/03/2018,כט אדר תשעח
17/03/2018,א ניסן תשעח
18/03/2018,ב ניסן תשעח
19/03/2018,ג ניסן תשעח
20/03/2018,ד ניסן תשעח
21/03/2018,ה ניסן תשעח
22/03/2018,ו ניסן תשעח
23/03/2018,ז ניסן תשעח
24/03/2018,ח ניסן תשעח
25/03/2018,ט ניסן תשעח
26/03/2018,י ניסן תשעח
27/03/2018,יא ניסן תשעח
28/03/2018,יב ניסן תשעח
29/03/2018,יג ניסן תשעח
30/03/2018,יד ניסן תשעח
31/03/2018,טו ניסן תשעח
01/04/2018,טז ניסן תשעח
02/04/2018,יז ניסן תשעח
03/04/2018,יח ניסן תשעח
04/04/2018,יט ניסן תשעח
05/04/2018,כ ניסן תשעח
06/04/2018,כא ניסן תשעח
07/04/2018,כב ניסן תשעח
08/04/2018,כג ניסן תשעח
09/04/2018,כד ניסן תשעח
10/04/2018,כה ניסן תשעח
11/04/2018,כו ניסן תשעח
12/04/2018,כז ניסן תשעח
13/04/2018,כח ניסן תשעח
14/04/2018,כט ניסן תשעח
15/04/2018,ל ניסן תשעח
16/04/2018,א אייר תשעח
17/04/2018,ב אייר תשעח
18/04/2018,ג אייר תשעח
19/04/2018,ד אייר תשעח
20/04/2018,ה אייר תשעח
21/04/2018,ו אייר תשעח
22/04/2018,ז אייר תשעח
23/04/2018,ח אייר תשעח
24/04/2018,ט אייר תשעח
25/04/2018,י אייר תשעח
26/04/2018,יא אייר תשעח
27/04/2018,יב אייר תשעח
28/04/2018,יג אייר תשעח
29/04/2018,יד אייר תשעח
30/04/2018,טו אייר תשעח
01/05/2018,טז אייר תשעח
02/05/2018,יז אייר תשעח
03/05/2018,יח אייר תשעח
04/05/2018,יט אייר תשעח
05/05/2018,כ אייר תשעח
06/05/2018,כא אייר תשעח
07/05/2018,כב אייר תשעח
08/05/2018,כג אייר תשעח
09/05/2018,כד אייר תשעח
10/05/2018,כה אייר תשעח
11/05/2018,כו אייר תשעח
12/05/2018,כז אייר תשעח
13/05/2018,כח אייר תשעח
14/05/2018,כט אייר תשעח
15/05/2018,א סיון תשעח
16/05/2018,ב סיון תשעח
17/05/2018,ג סיון תשעח
18/05/2018,ד סיון תשעח
19/05/2018,ה סיון תשעח
20/05/2018,ו סיון תשעח
21/05/2018,ז סיון תשעח
22/05/2018,ח סיון תשעח
23/05/2018,ט סיון תשעח
24/05/2018,י סיון תשעח
25/05/2018,יא סיון תשעח
26/05/2018,יב סיון תשעח
27/05/2018,יג סיון תשעח
28/05/2018,יד סיון תשעח
29/05/2018,טו סיון תשעח
30/05/2018,טז סיון תשעח
31/05/2018,יז סיון תשעח
01/06/2018,יח סיון תשעח
02/06/2018,יט סיון תשעח
03/06/2018,כ סיון תשעח
04/06/2018,כא סיון תשעח
05/06/2018,כב סיון תשעח
06/06/2018,כג סיון תשעח
07/06/2018,כד סיון תשעח
08/06/2018,כה סיון תשעח
09/06/2018,כו סיון תשעח
10/06/2018,כז סיון תשעח
11/06/2018,כח סיון תשעח
12/06/2018,כט סיון תשעח
13/06/2018,ל סיון תשעח
14/06/2018,א תמוז תשעח
15/06/2018,ב תמוז תשעח
16/06/2018,ג תמוז תשעח
17/06/2018,ד תמוז תשעח
18/06/2018,ה תמוז תשעח
19/06/2018,ו תמוז תשעח
20/06/2018,ז תמוז תשעח
21/06/2018,ח תמוז תשעח
22/06/2018,ט תמוז תשעח
23/06/2018,י תמוז תשעח
24/06/2018,יא תמוז תשעח
25/06/2018,יב תמוז תשעח
26/06/2018,יג תמוז תשעח
27/06/2018,יד תמוז תשעח
28/06/2018,טו תמוז תשעח
29/06/2018,טז תמוז תשעח
30/06/2018,יז תמוז תשעח
01/07/2018,יח תמוז תשעח
02/07/2018,יט תמוז תשעח
03/07/2018,כ תמוז תשעח
04/07/2018,כא תמוז תשעח
05/07/2018,כב תמוז תשעח
06/07/2018,כג תמוז תשעח
07/07/2018,כד תמוז תשעח
08/07/2018,כה תמוז תשעח
09/07/2018,כו תמוז תשעח
10/07/2018,כז תמוז תשעח
11/07/2018,כח תמוז תשעח
12/07/2018,כט תמוז תשעח
13/07/2018,א אב תשעח
14/07/2018,ב אב תשעח
15/07/2018,ג אב תשעח
16/07/2018,ד אב תשעח
17/07/2018,ה אב תשעח
18/07/2018,ו אב תשעח
19/07/2018,ז אב תשעח
20/07/2018,ח אב תשעח
21/07/2018,ט אב תשעח
22/07/2018,י אב תשעח
23/07/2018,יא אב תשעח
24/07/2018,יב אב תשעח
25/07/2018,יג אב תשעח
26/07/2018,יד אב תשעח
27/07/2018,טו אב תשעח
28/07/2018,טז אב תשעח
29/07/2018,יז אב תשעח
30/07/2018,יח אב תשעח
31/07/2018,יט אב תשעח
01/08/2018,כ אב תשעח
02/08/2018,כא אב תשעח
03/08/2018,כב אב תשעח
04/08/2018,כג אב תשעח
05/08/2018,כד אב תשעח
06/08/2018,כה אב תשעח
07/08/2018,כו אב תשעח
08/08/2018,כז אב תשעח
09/08/2018,כח אב תשעח
10/08/2018,כט אב תשעח
11/08/2018,ל אב תשעח
12/08/2018,א אלול תשעח
13/08/2018,ב אלול תשעח
14/08/2018,ג אלול תשעח
15/08/2018,ד אלול תשעח
16/08/2018,ה אלול תשעח
17/08/2018,ו אלול תשעח
18/08/2018,ז אלול תשעח
19/08/2018,ח אלול תשעח
20/08/2018,ט אלול תשעח
21/08/2018,י אלול תשעח
22/08/2018,יא אלול תשעח
23/08/2018,יב אלול תשעח
24/08/2018,יג אלול תשעח
25/08/2018,יד אלול תשעח
26/08/2018,טו אלול תשעח
27/08/2018,טז אלול תשעח
28/08/2018,יז אלול תשעח
29/08/2018,יח אלול תשעח
30/08/2018,יט אלול תשעח
31/08/2018,כ אלול תשעח
01/09/2018,כא אלול תשעח
02/09/2018,כב אלול תשעח
03/09/2018,כג אלול תשעח
04/09/2018,כד אלול תשעח
05/09/2018,כה אלול תשעח
06/09/2018,כו אלול תשעח
07/09/2018,כז אלול תשעח
08/09/2018,כח אלול תשעח
09/09/2018,כט אלול תשעח
10/09/2018,א תשרי תשעט
11/09/2018,ב תשרי תשעט
12/09/2018,ג תשרי תשעט
13/09/2018,ד תשרי תשעט
14/09/2018,ה תשרי תשעט
15/09/2018,ו תשרי תשעט
16/09/2018,ז תשרי תשעט
17/09/2018,ח תשרי תשעט
18/09/2018,ט תשרי תשעט
19/09/2018,י תשרי תשעט
20/09/2018,יא תשרי תשעט
21/09/2018,יב תשרי תשעט
22/09/2018,יג תשרי תשעט
23/09/2018,יד תשרי תשעט
24/09/2018,טו תשרי תשעט
25/09/2018,טז תשרי תשעט
26/09/2018,יז תשרי תשעט
27/09/2018,יח תשרי תשעט
28/09/2018,יט תשרי תשעט
29/09/2018,כ תשרי תשעט
30/09/2018,כא תשרי תשעט
01/10/2018,כב תשרי תשעט
02/10/2018,כג תשרי תשעט
03/10/2018,כד תשרי תשעט
04/10/2018,כה תשרי תשעט
05/10/2018,כו תשרי תשעט
06/10/2018,כז תשרי תשעט
07/10/2018,כח תשרי תשעט
08/10/2018,כט תשרי תשעט
09/10/2018,ל תשרי תשעט
10/10/2018,א חשון תשעט
11/10/2018,ב חשון תשעט
12/10/2018,ג חשון תשעט
13/10/2018,ד חשון תשעט
14/10/2018,ה חשון תשעט
15/10/2018,ו חשון תשעט
16/10/2018,ז חשון תשעט
17/10/2018,ח חשון תשעט
18/10/2018,ט חשון תשעט
19/10/2018,י חשון תשעט
20/10/2018,יא חשון תשעט
21/10/2018,יב חשון תשעט
22/10/2018,יג חשון תשעט
23/10/2018,יד חשון תשעט
24/10/2018,טו חשון תשעט
25/10/2018,טז חשון תשעט
26/10/2018,יז חשון תשעט
27/10/2018,יח חשון תשעט
28/10/2018,יט חשון תשעט
29/10/2018,כ חשון תשעט
30/10/2018,כא חשון תשעט
31/10/2018,כב חשון תשעט
01/11/2018,כג חשון תשעט
02/11/2018,כד חשון תשעט
03/11/2018,כה חשון תשעט
04/11/2018,כו חשון תשעט
05/11/2018,כז חשון תשעט
06/11/2018,כח חשון תשעט
07/11/2018,כט חשון תשעט
08/11/2018,ל חשון תשעט
09/11/2018,א כסלו תשעט
10/11/2018,ב כסלו תשעט
11/11/2018,ג כסלו תשעט
12/11/2018,ד כסלו תשעט
13/11/2018,ה כסלו תשעט
14/11/2018,ו כסלו תשעט
15/11/2018,ז כסלו תשעט
16/11/2018,ח כסלו תשעט
17/11/2018,ט כסלו תשעט
18/11/2018,י כסלו תשעט
19/11/2018,יא כסלו תשעט
20/11/2018,יב כסלו תשעט
21/11/2018,יג כסלו תשעט
22/11/2018,יד כסלו תשעט
23/11/2018,טו כסלו תשעט
24/11/2018,טז כסלו תשעט
25/11/2018,יז כסלו תשעט
26/11/2018,יח כסלו תשעט
27/11/2018,יט כסלו תשעט
28/11/2018,כ כסלו תשעט
29/11/2018,כא כסלו תשעט
30/11/2018,כב כסלו תשעט
01/12/2018,כג כסלו תשעט
02/12/2018,כד כסלו תשעט
03/12/2018,כה כסלו תשעט
04/12/2018,כו כסלו תשעט
05/12/2018,כז כסלו תשעט
06/12/2018,כח כסלו תשעט
07/12/2018,כט כסלו תשעט
08/12/2018,ל כסלו תשעט
09/12/2018,א טבת תשעט
10/12/2018,ב טבת תשעט
11/12/2018,ג טבת תשעט
12/12/2018,ד טבת תשעט
13/12/2018,ה טבת תשעט
14/12/2018,ו טבת תשעט
15/12/2018,ז טבת תשעט
16/12/2018,ח טבת תשעט
17/12/2018,ט טבת תשעט
18/12/2018,י טבת תשעט
19/12/2018,יא טבת תשעט
20/12/2018,יב טבת תשעט
21/12/2018,יג טבת תשעט
22/12/2018,יד טבת תשעט
23/12/2018,טו טבת תשעט
24/12/2018,טז טבת תשעט
25/12/2018,יז טבת תשעט
26/12/2018,יח טבת תשעט
27/12/2018,יט טבת תשעט
28/12/2018,כ טבת תשעט
29/12/2018,כא טבת תשעט
30/12/2018,כב טבת תשעט
31/12/2018,כג טבת תשעט
01/01/2019,כד טבת תשעט
02/01/2019,כה טבת תשעט
03/01/2019,כו טבת תשעט
04/01/2019,כז טבת תשעט
05/01/2019,כח טבת תשעט
06/01/2019,כט טבת תשעט
07/01/2019,א שבט תשעט
08/01/2019,ב שבט תשעט
09/01/2019,ג שבט תשעט
10/01/2019,ד שבט תשעט
11/01/2019,ה שבט תשעט
12/01/2019,ו שבט תשעט
13/01/2019,ז שבט תשעט
14/01/2019,ח שבט תשעט
15/01/2019,ט שבט תשעט
16/01/2019,י שבט תשעט
17/01/2019,יא שבט תשעט
18/01/2019,יב שבט תשעט
19/01/2019,יג שבט תשעט
20/01/2019,יד שבט תשעט
21/01/2019,טו שבט תשעט
22/01/2019,טז שבט תשעט
23/01/2019,יז שבט תשעט
24/01/2019,יח שבט תשעט
25/01/2019,יט שבט תשעט
26/01/2019,כ שבט תשעט
27/01/2019,כא שבט תשעט
28/01/2019,כב שבט תשעט
29/01/2019,כג שבט תשעט
30/01/2019,כד שבט תשעט
31/01/2019,כה שבט תשעט
01/02/2019,כו שבט תשעט
02/02/2019,כז שבט תשעט
03/02/2019,כח שבט תשעט
04/02/2019,כט שבט תשעט
05/02/2019,ל שבט תשעט
06/02/2019,א אדר-א תשעט
07/02/2019,ב אדר-א תשעט
08/02/2019,ג אדר-א תשעט
09/02/2019,ד אדר-א תשעט
10/02/2019,ה אדר-א תשעט
11/02/2019,ו אדר-א תשעט
12/02/2019,ז אדר-א תשעט
13/02/2019,ח אדר-א תשעט
14/02/2019,ט אדר-א תשעט
15/02/2019,י אדר-א תשעט
16/02/2019,יא אדר-א תשעט
17/02/2019,יב אדר-א תשעט
18/02/2019,יג אדר-א תשעט
19/02/2019,יד אדר-א תשעט
20/02/2019,טו אדר-א תשעט
21/02/2019,טז אדר-א תשעט
22/02/2019,יז אדר-א תשעט
23/02/2019,יח אדר-א תשעט
24/02/2019,יט אדר-א תשעט
25/02/2019,כ אדר-א תשעט
26/02/2019,כא אדר-א תשעט
27/02/2019,כב אדר-א תשעט
28/02/2019,כג אדר-א תשעט
01/03/2019,כד אדר-א תשעט
02/03/2019,כה אדר-א תשעט
03/03/2019,כו אדר-א תשעט
04/03/2019,כז אדר-א תשעט
05/03/2019,כח אדר-א תשעט
06/03/2019,כט אדר-א תשעט
07/03/2019,ל אדר-א תשעט
08/03/2019,א אדר-ב תשעט
09/03/2019,ב אדר-ב תשעט
10/03/2019,ג אדר-ב תשעט
11/03/2019,ד אדר-ב תשעט
12/03/2019,ה אדר-ב תשעט
13/03/2019,ו אדר-ב תשעט
14/03/2019,ז אדר-ב תשעט
15/03/2019,ח אדר-ב תשעט
16/03/2019,ט אדר-ב תשעט
17/03/2019,י אדר-ב תשעט
18/03/2019,יא אדר-ב תשעט
19/03/2019,יב אדר-ב תשעט
20/03/2019,יג אדר-ב תשעט
21/03/2019,יד אדר-ב תשעט
22/03/2019,טו אדר-ב תשעט
23/03/2019,טז אדר-ב תשעט
24/03/2019,יז אדר-ב תשעט
25/03/2019,יח אדר-ב תשעט
26/03/2019,יט אדר-ב תשעט
27/03/2019,כ אדר-ב תשעט
28/03/2019,כא אדר-ב תשעט
29/03/2019,כב אדר-ב תשעט
30/03/2019,כג אדר-ב תשעט
31/03/2019,כד אדר-ב תשעט
01/04/2019,כה אדר-ב תשעט
02/04/2019,כו אדר-ב תשעט
03/04/2019,כז אדר-ב תשעט
04/04/2019,כח אדר-ב תשעט
05/04/2019,כט אדר-ב תשעט
06/04/2019,א ניסן תשעט
07/04/2019,ב ניסן תשעט
08/04/2019,ג ניסן תשעט
09/04/2019,ד ניסן תשעט
10/04/2019,ה ניסן תשעט
11/04/2019,ו ניסן תשעט
12/04/2019,ז ניסן תשעט
13/04/2019,ח ניסן תשעט
14/04/2019,ט ניסן תשעט
15/04/2019,י ניסן תשעט
16/04/2019,יא ניסן תשעט
17/04/2019,יב ניסן תשעט
18/04/2019,יג ניסן תשעט
19/04/2019,יד ניסן תשעט
20/04/2019,טו ניסן תשעט
21/04/2019,טז ניסן תשעט
22/04/2019,יז ניסן תשעט
23/04/2019,יח ניסן תשעט
24/04/2019,יט ניסן תשעט
25/04/2019,כ ניסן תשעט
26/04/2019,כא ניסן תשעט
27/04/2019,כב ניסן תשעט
28/04/2019,כג ניסן תשעט
29/04/2019,כד ניסן תשעט
30/04/2019,כה ניסן תשעט
01/05/2019,כו ניסן תשעט
02/05/2019,כז ניסן תשעט
03/05/2019,כח ניסן תשעט
04/05/2019,כט ניסן תשעט
05/05/2019,ל ניסן תשעט
06/05/2019,א אייר תשעט
07/05/2019,ב אייר תשעט
08/05/2019,ג אייר תשעט
09/05/2019,ד אייר תשעט
10/05/2019,ה אייר תשעט
11/05/2019,ו אייר תשעט
12/05/2019,ז אייר תשעט
13/05/2019,ח אייר תשעט
14/05/2019,ט אייר תשעט
15/05/2019,י אייר תשעט
16/05/2019,יא אייר תשעט
17/05/2019,יב אייר תשעט
18/05/2019,יג אייר תשעט
19/05/2019,יד אייר תשעט
20/05/2019,טו אייר תשעט
21/05/2019,טז אייר תשעט
22/05/2019,יז אייר תשעט
23/05/2019,יח אייר תשעט
24/05/2019,יט אייר תשעט
25/05/2019,כ אייר תשעט
26/05/2019,כא אייר תשעט
27/05/2019,כב אייר תשעט
28/05/2019,כג אייר תשעט
29/05/2019,כד אייר תשעט
30/05/2019,כה אייר תשעט
31/05/2019,כו אייר תשעט
01/06/2019,כז אייר תשעט
02/06/2019,כח אייר תשעט
03/06/2019,כט אייר תשעט
04/06/2019,א סיון תשעט
05/06/2019,ב סיון תשעט
06/06/2019,ג סיון תשעט
07/06/2019,ד סיון תשעט
08/06/2019,ה סיון תשעט
09/06/2019,ו סיון תשעט
10/06/2019,ז סיון תשעט
11/06/2019,ח סיון תשעט
12/06/2019,ט סיון תשעט
13/06/2019,י סיון תשעט
14/06/2019,יא סיון תשעט
15/06/2019,יב סיון תשעט
16/06/2019,יג סיון תשעט
17/06/2019,יד סיון תשעט
18/06/2019,טו סיון תשעט
19/06/2019,טז סיון תשעט
20/06/2019,יז סיון תשעט
21/06/2019,יח סיון תשעט
22/06/2019,יט סיון תשעט
23/06/2019,כ סיון תשעט
24/06/2019,כא סיון תשעט
25/06/2019,כב סיון תשעט
26/06/2019,כג סיון תשעט
27/06/2019,כד סיון תשעט
28/06/2019,כה סיון תשעט
29/06/2019,כו סיון תשעט
30/06/2019,כז סיון תשעט
01/07/2019,כח סיון תשעט
02/07/2019,כט סיון תשעט
03/07/2019,ל סיון תשעט
04/07/2019,א תמוז תשעט
05/07/2019,ב תמוז תשעט
06/07/2019,ג תמוז תשעט
07/07/2019,ד תמוז תשעט
08/07/2019,ה תמוז תשעט
09/07/2019,ו תמוז תשעט
10/07/2019,ז תמוז תשעט
11/07/2019,ח תמוז תשעט
12/07/2019,ט תמוז תשעט
13/07/2019,י תמוז תשעט
14/07/2019,יא תמוז תשעט
15/07/2019,יב תמוז תשעט
16/07/2019,יג תמוז תשעט
17/07/2019,יד תמוז תשעט
18/07/2019,טו תמוז תשעט
19/07/2019,טז תמוז תשעט
20/07/2019,יז תמוז תשעט
21/07/2019,יח תמוז תשעט
22/07/2019,יט תמוז תשעט
23/07/2019,כ תמוז תשעט
24/07/2019,כא תמוז תשעט
25/07/2019,כב תמוז תשעט
26/07/2019,כג תמוז תשעט
27/07/2019,כד תמוז תשעט
28/07/2019,כה תמוז תשעט
29/07/2019,כו תמוז תשעט
30/07/2019,כז תמוז תשעט
31/07/2019,כח תמוז תשעט
01/08/2019,כט תמוז תשעט
02/08/2019,א אב תשעט
03/08/2019,ב אב תשעט
04/08/2019,ג אב תשעט
05/08/2019,ד אב תשעט
06/08/2019,ה אב תשעט
07/08/2019,ו אב תשעט
08/08/2019,ז אב תשעט
09/08/2019,ח אב תשעט
10/08/2019,ט אב תשעט
11/08/2019,י אב תשעט
12/08/2019,יא אב תשעט
13/08/2019,יב אב תשעט
14/08/2019,יג אב תשעט
15/08/2019,יד אב תשעט
16/08/2019,טו אב תשעט
17/08/2019,טז אב תשעט
18/08/2019,יז אב תשעט
19/08/2019,יח אב תשעט
20/08/2019,יט אב תשעט
21/08/2019,כ אב תשעט
22/08/2019,כא אב תשעט
23/08/2019,כב אב תשעט
24/08/2019,כג אב תשעט
25/08/2019,כד אב תשעט
26/08/2019,כה אב תשעט
27/08/2019,כו אב תשעט
28/08/2019,כז אב תשעט
29/08/2019,כח אב תשעט
30/08/2019,כט אב תשעט
31/08/2019,ל אב תשעט
01/09/2019,א אלול תשעט
02/09/2019,ב אלול תשעט
03/09/2019,ג אלול תשעט
04/09/2019,ד אלול תשעט
05/09/2019,ה אלול תשעט
06/09/2019,ו אלול תשעט
07/09/2019,ז אלול תשעט
08/09/2019,ח אלול תשעט
09/09/2019,ט אלול תשעט
10/09/2019,י אלול תשעט
11/09/2019,יא אלול תשעט
12/09/2019,יב אלול תשעט
13/09/2019,יג אלול תשעט
14/09/2019,יד אלול תשעט
15/09/2019,טו אלול תשעט
16/09/2019,טז אלול תשעט
17/09/2019,יז אלול תשעט
18/09/2019,יח אלול תשעט
19/09/2019,יט אלול תשעט
20/09/2019,כ אלול תשעט
21/09/2019,כא אלול תשעט
22/09/2019,כב אלול תשעט
23/09/2019,כג אלול תשעט
24/09/2019,כד אלול תשעט
25/09/2019,כה אלול תשעט
26/09/2019,כו אלול תשעט
27/09/2019,כז אלול תשעט
28/09/2019,כח אלול תשעט
29/09/2019,כט אלול תשעט
30/09/2019,א תשרי תשפ
01/10/2019,ב תשרי תשפ
02/10/2019,ג תשרי תשפ
03/10/2019,ד תשרי תשפ
04/10/2019,ה תשרי תשפ
05/10/2019,ו תשרי תשפ
06/10/2019,ז תשרי תשפ
07/10/2019,ח תשרי תשפ
08/10/2019,ט תשרי תשפ
09/10/2019,י תשרי תשפ
10/10/2019,יא תשרי תשפ
11/10/2019,יב תשרי תשפ
12/10/2019,יג תשרי תשפ
13/10/2019,יד תשרי תשפ
14/10/2019,טו תשרי תשפ
15/10/2019,טז תשרי תשפ
16/10/2019,יז תשרי תשפ
17/10/2019,יח תשרי תשפ
18/10/2019,יט תשרי תשפ
19/10/2019,כ תשרי תשפ
20/10/2019,כא תשרי תשפ
21/10/2019,כב תשרי תשפ
22/10/2019,כג תשרי תשפ
23/10/2019,כד תשרי תשפ
24/10/2019,כה תשרי תשפ
25/10/2019,כו תשרי תשפ
26/10/2019,כז תשרי תשפ
27/10/2019,כח תשרי תשפ
28/10/2019,כט תשרי תשפ
29/10/2019,ל תשרי תשפ
30/10/2019,א חשון תשפ
31/10/2019,ב חשון תשפ
01/11/2019,ג חשון תשפ
02/11/2019,ד חשון תשפ
03/11/2019,ה חשון תשפ
04/11/2019,ו חשון תשפ
05/11/2019,ז חשון תשפ
06/11/2019,ח חשון תשפ
07/11/2019,ט חשון תשפ
08/11/2019,י חשון תשפ
09/11/2019,יא חשון תשפ
10/11/2019,יב חשון תשפ
11/11/2019,יג חשון תשפ
12/11/2019,יד חשון תשפ
13/11/2019,טו חשון תשפ
14/11/2019,טז חשון תשפ
15/11/2019,יז חשון תשפ
16/11/2019,יח חשון תשפ
17/11/2019,יט חשון תשפ
18/11/2019,כ חשון תשפ
19/11/2019,כא חשון תשפ
20/11/2019,כב חשון תשפ
21/11/2019,כג חשון תשפ
22/11/2019,כד חשון תשפ
23/11/2019,כה חשון תשפ
24/11/2019,כו חשון תשפ
25/11/2019,כז חשון תשפ
26/11/2019,כח חשון תשפ
27/11/2019,כט חשון תשפ
28/11/2019,ל חשון תשפ
29/11/2019,א כסלו תשפ
30/11/2019,ב כסלו תשפ
01/12/2019,ג כסלו תשפ
02/12/2019,ד כסלו תשפ
03/12/2019,ה כסלו תשפ
04/12/2019,ו כסלו תשפ
05/12/2019,ז כסלו תשפ
06/12/2019,ח כסלו תשפ
07/12/2019,ט כסלו תשפ
08/12/2019,י כסלו תשפ
09/12/2019,יא כסלו תשפ
10/12/2019,יב כסלו תשפ
11/12/2019,יג כסלו תשפ
12/12/2019,יד כסלו תשפ
13/12/2019,טו כסלו תשפ
14/12/2019,טז כסלו תשפ
15/12/2019,יז כסלו תשפ
16/12/2019,יח כסלו תשפ
17/12/2019,יט כסלו תשפ
18/12/2019,כ כסלו תשפ
19/12/2019,כא כסלו תשפ
20/12/2019,כב כסלו תשפ
21/12/2019,כג כסלו תשפ
22/12/2019,כד כסלו תשפ
23/12/2019,כה כסלו תשפ
24/12/2019,כו כסלו תשפ
25/12/2019,כז כסלו תשפ
26/12/2019,כח כסלו תשפ
27/12/2019,כט כסלו תשפ
28/12/2019,ל כסלו תשפ
29/12/2019,א טבת תשפ
30/12/2019,ב טבת תשפ
31/12/2019,ג טבת תשפ
01/01/2020,ד טבת תשפ
02/01/2020,ה טבת תשפ
03/01/2020,ו טבת תשפ
04/01/2020,ז טבת תשפ
05/01/2020,ח טבת תשפ
06/01/2020,ט טבת תשפ
07/01/2020,י טבת תשפ
08/01/2020,יא טבת תשפ
09/01/2020,יב טבת תשפ
10/01/2020,יג טבת תשפ
11/01/2020,יד טבת תשפ
12/01/2020,טו טבת תשפ
13/01/2020,טז טבת תשפ
14/01/2020,יז טבת תשפ
15/01/2020,יח טבת תשפ
16/01/2020,יט טבת תשפ
17/01/2020,כ טבת תשפ
18/01/2020,כא טבת תשפ
19/01/2020,כב טבת תשפ
20/01/2020,כג טבת תשפ
21/01/2020,כד טבת תשפ
22/01/2020,כה טבת תשפ
23/01/2020,כו טבת תשפ
24/01/2020,כז טבת תשפ
25/01/2020,כח טבת תשפ
26/01/2020,כט טבת תשפ
27/01/2020,א שבט תשפ
28/01/2020,ב שבט תשפ
29/01/2020,ג שבט תשפ
30/01/2020,ד שבט תשפ
31/01/2020,ה שבט תשפ
01/02/2020,ו שבט תשפ
02/02/2020,ז שבט תשפ
03/02/2020,ח שבט תשפ
04/02/2020,ט שבט תשפ
05/02/2020,י שבט תשפ
06/02/2020,יא שבט תשפ
07/02/2020,יב שבט תשפ
08/02/2020,יג שבט תשפ
09/02/2020,יד שבט תשפ
10/02/2020,טו שבט תשפ
11/02/2020,טז שבט תשפ
12/02/2020,יז שבט תשפ
13/02/2020,יח שבט תשפ
14/02/2020,יט שבט תשפ
15/02/2020,כ שבט תשפ
16/02/2020,כא שבט תשפ
17/02/2020,כב שבט תשפ
18/02/2020,כג שבט תשפ
19/02/2020,כד שבט תשפ
20/02/2020,כה שבט תשפ
21/02/2020,כו שבט תשפ
22/02/2020,כז שבט תשפ
23/02/2020,כח שבט תשפ
24/02/2020,כט שבט תשפ
25/02/2020,ל שבט תשפ
26/02/2020,א אדר תשפ
27/02/2020,ב אדר תשפ
28/02/2020,ג אדר תשפ
29/02/2020,ד אדר תשפ
01/03/2020,ה אדר תשפ
02/03/2020,ו אדר תשפ
03/03/2020,ז אדר תשפ
04/03/2020,ח אדר תשפ
05/03/2020,ט אדר תשפ
06/03/2020,י אדר תשפ
07/03/2020,יא אדר תשפ
08/03/2020,יב אדר תשפ
09/03/2020,יג אדר תשפ
10/03/2020,יד אדר תשפ
11/03/2020,טו אדר תשפ
12/03/2020,טז אדר תשפ
13/03/2020,יז אדר תשפ
14/03/2020,יח אדר תשפ
15/03/2020,יט אדר תשפ
16/03/2020,כ אדר תשפ
17/03/2020,כא אדר תשפ
18/03/2020,כב אדר תשפ
19/03/2020,כג אדר תשפ
20/03/2020,כד אדר תשפ
21/03/2020,כה אדר תשפ
22/03/2020,כו אדר תשפ
23/03/2020,כז אדר תשפ
24/03/2020,כח אדר תשפ
25/03/2020,כט אדר תשפ
26/03/2020,א ניסן תשפ
27/03/2020,ב ניסן תשפ
28/03/2020,ג ניסן תשפ
29/03/2020,ד ניסן תשפ
30/03/2020,ה ניסן תשפ
31/03/2020,ו ניסן תשפ
01/04/2020,ז ניסן תשפ
02/04/2020,ח ניסן תשפ
03/04/2020,ט ניסן תשפ
04/04/2020,י ניסן תשפ
05/04/2020,יא ניסן תשפ
06/04/2020,יב ניסן תשפ
07/04/2020,יג ניסן תשפ
08/04/2020,יד ניסן תשפ
09/04/2020,טו ניסן תשפ
10/04/2020,טז ניסן תשפ
11/04/2020,יז ניסן תשפ
12/04/2020,יח ניסן תשפ
13/04/2020,יט ניסן תשפ
14/04/2020,כ ניסן תשפ
15/04/2020,כא ניסן תשפ
16/04/2020,כב ניסן תשפ
17/04/2020,כג ניסן תשפ
18/04/2020,כד ניסן תשפ
19/04/2020,כה ניסן תשפ
20/04/2020,כו ניסן תשפ
21/04/2020,כז ניסן תשפ
22/04/2020,כח ניסן תשפ
23/04/2020,כט ניסן תשפ
24/04/2020,ל ניסן תשפ
25/04/2020,א אייר תשפ
26/04/2020,ב אייר תשפ
27/04/2020,ג אייר תשפ
28/04/2020,ד אייר תשפ
29/04/2020,ה אייר תשפ
30/04/2020,ו אייר תשפ
01/05/2020,ז אייר תשפ
02/05/2020,ח אייר תשפ
03/05/2020,ט אייר תשפ
04/05/2020,י אייר תשפ
05/05/2020,יא אייר תשפ
06/05/2020,יב אייר תשפ
07/05/2020,יג אייר תשפ
08/05/2020,יד אייר תשפ
09/05/2020,טו אייר תשפ
10/05/2020,טז אייר תשפ
11/05/2020,יז אייר תשפ
12/05/2020,יח אייר תשפ
13/05/2020,יט אייר תשפ
14/05/2020,כ אייר תשפ
15/05/2020,כא אייר תשפ
16/05/2020,כב אייר תשפ
17/05/2020,כג אייר תשפ
18/05/2020,כד אייר תשפ
19/05/2020,כה אייר תשפ
20/05/2020,כו אייר תשפ
21/05/2020,כז אייר תשפ
22/05/2020,כח אייר תשפ
23/05/2020,כט אייר תשפ
24/05/2020,א סיון תשפ
25/05/2020,ב סיון תשפ
26/05/2020,ג סיון תשפ
27/05/2020,ד סיון תשפ
28/05/2020,ה סיון תשפ
29/05/2020,ו סיון תשפ
30/05/2020,ז סיון תשפ
31/05/2020,ח סיון תשפ
01/06/2020,ט סיון תשפ
02/06/2020,י סיון תשפ
03/06/2020,יא סיון תשפ
04/06/2020,יב סיון תשפ
05/06/2020,יג סיון תשפ
06/06/2020,יד סיון תשפ
07/06/2020,טו סיון תשפ
08/06/2020,טז סיון תשפ
09/06/2020,יז סיון תשפ
10/06/2020,יח סיון תשפ
11/06/2020,יט סיון תשפ
12/06/2020,כ סיון תשפ
13/06/2020,כא סיון תשפ
14/06/2020,כב סיון תשפ
15/06/2020,כג סיון תשפ
16/06/2020,כד סיון תשפ
17/06/2020,כה סיון תשפ
18/06/2020,כו סיון תשפ
19/06/2020,כז סיון תשפ
20/06/2020,כח סיון תשפ
21/06/2020,כט סיון תשפ
22/06/2020,ל סיון תשפ
23/06/2020,א תמוז תשפ
24/06/2020,ב תמוז תשפ
25/06/2020,ג תמוז תשפ
26/06/2020,ד תמוז תשפ
27/06/2020,ה תמוז תשפ
28/06/2020,ו תמוז תשפ
29/06/2020,ז תמוז תשפ
30/06/2020,ח תמוז תשפ
01/07/2020,ט תמוז תשפ
02/07/2020,י תמוז תשפ
03/07/2020,יא תמוז תשפ
04/07/2020,יב תמוז תשפ
05/07/2020,יג תמוז תשפ
06/07/2020,יד תמוז תשפ
07/07/2020,טו תמוז תשפ
08/07/2020,טז תמוז תשפ
09/07/2020,יז תמוז תשפ
10/07/2020,יח תמוז תשפ
11/07/2020,יט תמוז תשפ
12/07/2020,כ תמוז תשפ
13/07/2020,כא תמוז תשפ
14/07/2020,כב תמוז תשפ
15/07/2020,כג תמוז תשפ
16/07/2020,כד תמוז תשפ
17/07/2020,כה תמוז תשפ
18/07/2020,כו תמוז תשפ
19/07/2020,כז תמוז תשפ
20/07/2020,כח תמוז תשפ
21/07/2020,כט תמוז תשפ
22/07/2020,א אב תשפ
23/07/2020,ב אב תשפ
24/07/2020,ג אב תשפ
25/07/2020,ד אב תשפ
26/07/2020,ה אב תשפ
27/07/2020,ו אב תשפ
28/07/2020,ז אב תשפ
29/07/2020,ח אב תשפ
30/07/2020,ט אב תשפ
31/07/2020,י אב תשפ
01/08/2020,יא אב תשפ
02/08/2020,יב אב תשפ
03/08/2020,יג אב תשפ
04/08/2020,יד אב תשפ
05/08/2020,טו אב תשפ
06/08/2020,טז אב תשפ
07/08/2020,יז אב תשפ
08/08/2020,יח אב תשפ
09/08/2020,יט אב תשפ
10/08/2020,כ אב תשפ
11/08/2020,כא אב תשפ
12/08/2020,כב אב תשפ
13/08/2020,כג אב תשפ
14/08/2020,כד אב תשפ
15/08/2020,כה אב תשפ
16/08/2020,כו אב תשפ
17/08/2020,כז אב תשפ
18/08/2020,כח אב תשפ
19/08/2020,כט אב תשפ
20/08/2020,ל אב תשפ
21/08/2020,א אלול תשפ
22/08/2020,ב אלול תשפ
23/08/2020,ג אלול תשפ
24/08/2020,ד אלול תשפ
25/08/2020,ה אלול תשפ
26/08/2020,ו אלול תשפ
27/08/2020,ז אלול תשפ
28/08/2020,ח אלול תשפ
29/08/2020,ט אלול תשפ
30/08/2020,י אלול תשפ
31/08/2020,יא אלול תשפ
01/09/2020,יב אלול תשפ
02/09/2020,יג אלול תשפ
03/09/2020,יד אלול תשפ
04/09/2020,טו אלול תשפ
05/09/2020,טז אלול תשפ
06/09/2020,יז אלול תשפ
07/09/2020,יח אלול תשפ
08/09/2020,יט אלול תשפ
09/09/2020,כ אלול תשפ
10/09/2020,כא אלול תשפ
11/09/2020,כב אלול תשפ
12/09/2020,כג אלול תשפ
13/09/2020,כד אלול תשפ
14/09/2020,כה אלול תשפ
15/09/2020,כו אלול תשפ
16/09/2020,כז אלול תשפ
17/09/2020,כח אלול תשפ
18/09/2020,כט אלול תשפ
19/09/2020,א תשרי תשפא
20/09/2020,ב תשרי תשפא
21/09/2020,ג תשרי תשפא
22/09/2020,ד תשרי תשפא
23/09/2020,ה תשרי תשפא
24/09/2020,ו תשרי תשפא
25/09/2020,ז תשרי תשפא
26/09/2020,ח תשרי תשפא
27/09/2020,ט תשרי תשפא
28/09/2020,י תשרי תשפא
29/09/2020,יא תשרי תשפא
30/09/2020,יב תשרי תשפא
01/10/2020,יג תשרי תשפא
02/10/2020,יד תשרי תשפא
03/10/2020,טו תשרי תשפא
04/10/2020,טז תשרי תשפא
05/10/2020,יז תשרי תשפא
06/10/2020,יח תשרי תשפא
07/10/2020,יט תשרי תשפא
08/10/2020,כ תשרי תשפא
09/10/2020,כא תשרי תשפא
10/10/2020,כב תשרי תשפא
11/10/2020,כג תשרי תשפא
12/10/2020,כד תשרי תשפא
13/10/2020,כה תשרי תשפא
14/10/2020,כו תשרי תשפא
15/10/2020,כז תשרי תשפא
16/10/2020,כח תשרי תשפא
17/10/2020,כט תשרי תשפא
18/10/2020,ל תשרי תשפא
19/10/2020,א חשון תשפא
20/10/2020,ב חשון תשפא
21/10/2020,ג חשון תשפא
22/10/2020,ד חשון תשפא
23/10/2020,ה חשון תשפא
24/10/2020,ו חשון תשפא
25/10/2020,ז חשון תשפא
26/10/2020,ח חשון תשפא
27/10/2020,ט חשון תשפא
28/10/2020,י חשון תשפא
29/10/2020,יא חשון תשפא
30/10/2020,יב חשון תשפא
31/10/2020,יג חשון תשפא
01/11/2020,יד חשון תשפא
02/11/2020,טו חשון תשפא
03/11/2020,טז חשון תשפא
04/11/2020,יז חשון תשפא
05/11/2020,יח חשון תשפא
06/11/2020,יט חשון תשפא
07/11/2020,כ חשון תשפא
08/11/2020,כא חשון תשפא
09/11/2020,כב חשון תשפא
10/11/2020,כג חשון תשפא
11/11/2020,כד חשון תשפא
12/11/2020,כה חשון תשפא
13/11/2020,כו חשון תשפא
14/11/2020,כז חשון תשפא
15/11/2020,כח חשון תשפא
16/11/2020,כט חשון תשפא
17/11/2020,א כסלו תשפא
18/11/2020,ב כסלו תשפא
19/11/2020,ג כסלו תשפא
20/11/2020,ד כסלו תשפא
21/11/2020,ה כסלו תשפא
22/11/2020,ו כסלו תשפא
23/11/2020,ז כסלו תשפא
24/11/2020,ח כסלו תשפא
25/11/2020,ט כסלו תשפא
26/11/2020,י כסלו תשפא
27/11/2020,יא כסלו תשפא
28/11/2020,יב כסלו תשפא
29/11/2020,יג כסלו תשפא
30/11/2020,יד כסלו תשפא
01/12/2020,טו כסלו תשפא
02/12/2020,טז כסלו תשפא
03/12/2020,יז כסלו תשפא
04/12/2020,יח כסלו תשפא
05/12/2020,יט כסלו תשפא
06/12/2020,כ כסלו תשפא
07/12/2020,כא כסלו תשפא
08/12/2020,כב כסלו תשפא
09/12/2020,כג כסלו תשפא
10/12/2020,כד כסלו תשפא
11/12/2020,כה כסלו תשפא
12/12/2020,כו כסלו תשפא
13/12/2020,כז כסלו תשפא
14/12/2020,כח כסלו תשפא
15/12/2020,כט כסלו תשפא
16/12/2020,א טבת תשפא
17/12/2020,ב טבת תשפא
18/12/2020,ג טבת תשפא
19/12/2020,ד טבת תשפא
20/12/2020,ה טבת תשפא
21/12/2020,ו טבת תשפא
22/12/2020,ז טבת תשפא
23/12/2020,ח טבת תשפא
24/12/2020,ט טבת תשפא
25/12/2020,י טבת תשפא
26/12/2020,יא טבת תשפא
27/12/2020,יב טבת תשפא
28/12/2020,יג טבת תשפא
29/12/2020,יד טבת תשפא
30/12/2020,טו טבת תשפא
31/12/2020,טז טבת תשפא
01/01/2021,יז טבת תשפא
02/01/2021,יח טבת תשפא
03/01/2021,יט טבת תשפא
04/01/2021,כ טבת תשפא
05/01/2021,כא טבת תשפא
06/01/2021,כב טבת תשפא
07/01/2021,כג טבת תשפא
08/01/2021,כד טבת תשפא
09/01/2021,כה טבת תשפא
10/01/2021,כו טבת תשפא
11/01/2021,כז טבת תשפא
12/01/2021,כח טבת תשפא
13/01/2021,כט טבת תשפא
14/01/2021,א שבט תשפא
15/01/2021,ב שבט תשפא
16/01/2021,ג שבט תשפא
17/01/2021,ד שבט תשפא
18/01/2021,ה שבט תשפא
19/01/2021,ו שבט תשפא
20/01/2021,ז שבט תשפא
21/01/2021,ח שבט תשפא
22/01/2021,ט שבט תשפא
23/01/2021,י שבט תשפא
24/01/2021,יא שבט תשפא
25/01/2021,יב שבט תשפא
26/01/2021,יג שבט תשפא
27/01/2021,יד שבט תשפא
28/01/2021,טו שבט תשפא
29/01/2021,טז שבט תשפא
30/01/2021,יז שבט תשפא
31/01/2021,יח שבט תשפא
01/02/2021,יט שבט תשפא
02/02/2021,כ שבט תשפא
03/02/2021,כא שבט תשפא
04/02/2021,כב שבט תשפא
05/02/2021,כג שבט תשפא
06/02/2021,כד שבט תשפא
07/02/2021,כה שבט תשפא
08/02/2021,כו שבט תשפא
09/02/2021,כז שבט תשפא
10/02/2021,כח שבט תשפא
11/02/2021,כט שבט תשפא
12/02/2021,ל שבט תשפא
13/02/2021,א אדר תשפא
14/02/2021,ב אדר תשפא
15/02/2021,ג אדר תשפא
16/02/2021,ד אדר תשפא
17/02/2021,ה אדר תשפא
18/02/2021,ו אדר תשפא
19/02/2021,ז אדר תשפא
20/02/2021,ח אדר תשפא
21/02/2021,ט אדר תשפא
22/02/2021,י אדר תשפא
23/02/2021,יא אדר תשפא
24/02/2021,יב אדר תשפא
25/02/2021,יג אדר תשפא
26/02/2021,יד אדר תשפא
27/02/2021,טו אדר תשפא
28/02/2021,טז אדר תשפא
01/03/2021,יז אדר תשפא
02/03/2021,יח אדר תשפא
03/03/2021,יט אדר תשפא
04/03/2021,כ אדר תשפא
05/03/2021,כא אדר תשפא
06/03/2021,כב אדר תשפא
07/03/2021,כג אדר תשפא
08/03/2021,כד אדר תשפא
09/03/2021,כה אדר תשפא
10/03/2021,כו אדר תשפא
11/03/2021,כז אדר תשפא
12/03/2021,כח אדר תשפא
13/03/2021,כט אדר תשפא
14/03/2021,א ניסן תשפא
15/03/2021,ב ניסן תשפא
16/03/2021,ג ניסן תשפא
17/03/2021,ד ניסן תשפא
18/03/2021,ה ניסן תשפא
19/03/2021,ו ניסן תשפא
20/03/2021,ז ניסן תשפא
21/03/2021,ח ניסן תשפא
22/03/2021,ט ניסן תשפא
23/03/2021,י ניסן תשפא
24/03/2021,יא ניסן תשפא
25/03/2021,יב ניסן תשפא
26/03/2021,יג ניסן תשפא
27/03/2021,יד ניסן תשפא
28/03/2021,טו ניסן תשפא
29/03/2021,טז ניסן תשפא
30/03/2021,יז ניסן תשפא
31/03/2021,יח ניסן תשפא
01/04/2021,יט ניסן תשפא
02/04/2021,כ ניסן תשפא
03/04/2021,כא ניסן תשפא
04/04/2021,כב ניסן תשפא
05/04/2021,כג ניסן תשפא
06/04/2021,כד ניסן תשפא
07/04/2021,כה ניסן תשפא
08/04/2021,כו ניסן תשפא
09/04/2021,כז ניסן תשפא
10/04/2021,כח ניסן תשפא
11/04/2021,כט ניסן תשפא
12/04/2021,ל ניסן תשפא
13/04/2021,א אייר תשפא
14/04/2021,ב אייר תשפא
15/04/2021,ג אייר תשפא
16/04/2021,ד אייר תשפא
17/04/2021,ה אייר תשפא
18/04/2021,ו אייר תשפא
19/04/2021,ז אייר תשפא
20/04/2021,ח אייר תשפא
21/04/2021,ט אייר תשפא
22/04/2021,י אייר תשפא
23/04/2021,יא אייר תשפא
24/04/2021,יב אייר תשפא
25/04/2021,יג אייר תשפא
26/04/2021,יד אייר תשפא
27/04/2021,טו אייר תשפא
28/04/2021,טז אייר תשפא
29/04/2021,יז אייר תשפא
30/04/2021,יח אייר תשפא
01/05/2021,יט אייר תשפא
02/05/2021,כ אייר תשפא
03/05/2021,כא אייר תשפא
04/05/2021,כב אייר תשפא
05/05/2021,כג אייר תשפא
06/05/2021,כד אייר תשפא
07/05/2021,כה אייר תשפא
08/05/2021,כו אייר תשפא
09/05/2021,כז אייר תשפא
10/05/2021,כח אייר תשפא
11/05/2021,כט אייר תשפא
12/05/2021,א סיון תשפא
13/05/2021,ב סיון תשפא
14/05/2021,ג סיון תשפא
15/05/2021,ד סיון תשפא
16/05/2021,ה סיון תשפא
17/05/2021,ו סיון תשפא
18/05/2021,ז סיון תשפא
19/05/2021,ח סיון תשפא
20/05/2021,ט סיון תשפא
21/05/2021,י סיון תשפא
22/05/2021,יא סיון תשפא
23/05/2021,יב סיון תשפא
24/05/2021,יג סיון תשפא
25/05/2021,יד סיון תשפא
26/05/2021,טו סיון תשפא
27/05/2021,טז סיון תשפא
28/05/2021,יז סיון תשפא
29/05/2021,יח סיון תשפא
30/05/2021,יט סיון תשפא
31/05/2021,כ סיון תשפא
01/06/2021,כא סיון תשפא
02/06/2021,כב סיון תשפא
03/06/2021,כג סיון תשפא
04/06/2021,כד סיון תשפא
05/06/2021,כה סיון תשפא
06/06/2021,כו סיון תשפא
07/06/2021,כז סיון תשפא
08/06/2021,כח סיון תשפא
09/06/2021,כט סיון תשפא
10/06/2021,ל סיון תשפא
11/06/2021,א תמוז תשפא
12/06/2021,ב תמוז תשפא
13/06/2021,ג תמוז תשפא
14/06/2021,ד תמוז תשפא
15/06/2021,ה תמוז תשפא
16/06/2021,ו תמוז תשפא
17/06/2021,ז תמוז תשפא
18/06/2021,ח תמוז תשפא
19/06/2021,ט תמוז תשפא
20/06/2021,י תמוז תשפא
21/06/2021,יא תמוז תשפא
22/06/2021,יב תמוז תשפא
23/06/2021,יג תמוז תשפא
24/06/2021,יד תמוז תשפא
25/06/2021,טו תמוז תשפא
26/06/2021,טז תמוז תשפא
27/06/2021,יז תמוז תשפא
28/06/2021,יח תמוז תשפא
29/06/2021,יט תמוז תשפא
30/06/2021,כ תמוז תשפא
01/07/2021,כא תמוז תשפא
02/07/2021,כב תמוז תשפא
03/07/2021,כג תמוז תשפא
04/07/2021,כד תמוז תשפא
05/07/2021,כה תמוז תשפא
06/07/2021,כו תמוז תשפא
07/07/2021,כז תמוז תשפא
08/07/2021,כח תמוז תשפא
09/07/2021,כט תמוז תשפא
10/07/2021,א אב תשפא
11/07/2021,ב אב תשפא
12/07/2021,ג אב תשפא
13/07/2021,ד אב תשפא
14/07/2021,ה אב תשפא
15/07/2021,ו אב תשפא
16/07/2021,ז אב תשפא
17/07/2021,ח אב תשפא
18/07/2021,ט אב תשפא
19/07/2021,י אב תשפא
20/07/2021,יא אב תשפא
21/07/2021,יב אב תשפא
22/07/2021,יג אב תשפא
23/07/2021,יד אב תשפא
24/07/2021,טו אב תשפא
25/07/2021,טז אב תשפא
26/07/2021,יז אב תשפא
27/07/2021,יח אב תשפא
28/07/2021,יט אב תשפא
29/07/2021,כ אב תשפא
30/07/2021,כא אב תשפא
31/07/2021,כב אב תשפא
01/08/2021,כג אב תשפא
02/08/2021,כד אב תשפא
03/08/2021,כה אב תשפא
04/08/2021,כו אב תשפא
05/08/2021,כז אב תשפא
06/08/2021,כח אב תשפא
07/08/2021,כט אב תשפא
08/08/2021,ל אב תשפא
09/08/2021,א אלול תשפא
10/08/2021,ב אלול תשפא
11/08/2021,ג אלול תשפא
12/08/2021,ד אלול תשפא
13/08/2021,ה אלול תשפא
14/08/2021,ו אלול תשפא
15/08/2021,ז אלול תשפא
16/08/2021,ח אלול תשפא
17/08/2021,ט אלול תשפא
18/08/2021,י אלול תשפא
19/08/2021,יא אלול תשפא
20/08/2021,יב אלול תשפא
21/08/2021,יג אלול תשפא
22/08/2021,יד אלול תשפא
23/08/2021,טו אלול תשפא
24/08/2021,טז אלול תשפא
25/08/2021,יז אלול תשפא
26/08/2021,יח אלול תשפא
27/08/2021,יט אלול תשפא
28/08/2021,כ אלול תשפא
29/08/2021,כא אלול תשפא
30/08/2021,כב אלול תשפא
31/08/2021,כג אלול תשפא
01/09/2021,כד אלול תשפא
02/09/2021,כה אלול תשפא
03/09/2021,כו אלול תשפא
04/09/2021,כז אלול תשפא
05/09/2021,כח אלול תשפא
06/09/2021,כט אלול תשפא
07/09/2021,א תשרי תשפב
08/09/2021,ב תשרי תשפב
09/09/2021,ג תשרי תשפב
10/09/2021,ד תשרי תשפב
11/09/2021,ה תשרי תשפב
12/09/2021,ו תשרי תשפב
13/09/2021,ז תשרי תשפב
14/09/2021,ח תשרי תשפב
15/09/2021,ט תשרי תשפב
16/09/2021,י תשרי תשפב
17/09/2021,יא תשרי תשפב
18/09/2021,יב תשרי תשפב
19/09/2021,יג תשרי תשפב
20/09/2021,יד תשרי תשפב
21/09/2021,טו תשרי תשפב
22/09/2021,טז תשרי תשפב
23/09/2021,יז תשרי תשפב
24/09/2021,יח תשרי תשפב
25/09/2021,יט תשרי תשפב
26/09/2021,כ תשרי תשפב
27/09/2021,כא תשרי תשפב
28/09/2021,כב תשרי תשפב
29/09/2021,כג תשרי תשפב
30/09/2021,כד תשרי תשפב
01/10/2021,כה תשרי תשפב
02/10/2021,כו תשרי תשפב
03/10/2021,כז תשרי תשפב
04/10/2021,כח תשרי תשפב
05/10/2021,כט תשרי תשפב
06/10/2021,ל תשרי תשפב
07/10/2021,א חשון תשפב
08/10/2021,ב חשון תשפב
09/10/2021,ג חשון תשפב
10/10/2021,ד חשון תשפב
11/10/2021,ה חשון תשפב
12/10/2021,ו חשון תשפב
13/10/2021,ז חשון תשפב
14/10/2021,ח חשון תשפב
15/10/2021,ט חשון תשפב
16/10/2021,י חשון תשפב
17/10/2021,יא חשון תשפב
18/10/2021,יב חשון תשפב
19/10/2021,יג חשון תשפב
20/10/2021,יד חשון תשפב
21/10/2021,טו חשון תשפב
22/10/2021,טז חשון תשפב
23/10/2021,יז חשון תשפב
24/10/2021,יח חשון תשפב
25/10/2021,יט חשון תשפב
26/10/2021,כ חשון תשפב
27/10/2021,כא חשון תשפב
28/10/2021,כב חשון תשפב
29/10/2021,כג חשון תשפב
30/10/2021,כד חשון תשפב
31/10/2021,כה חשון תשפב
01/11/2021,כו חשון תשפב
02/11/2021,כז חשון תשפב
03/11/2021,כח חשון תשפב
04/11/2021,כט חשון תשפב
05/11/2021,א כסלו תשפב
06/11/2021,ב כסלו תשפב
07/11/2021,ג כסלו תשפב
08/11/2021,ד כסלו תשפב
09/11/2021,ה כסלו תשפב
10/11/2021,ו כסלו תשפב
11/11/2021,ז כסלו תשפב
12/11/2021,ח כסלו תשפב
13/11/2021,ט כסלו תשפב
14/11/2021,י כסלו תשפב
15/11/2021,יא כסלו תשפב
16/11/2021,יב כסלו תשפב
17/11/2021,יג כסלו תשפב
18/11/2021,יד כסלו תשפב
19/11/2021,טו כסלו תשפב
20/11/2021,טז כסלו תשפב
21/11/2021,יז כסלו תשפב
22/11/2021,יח כסלו תשפב
23/11/2021,יט כסלו תשפב
24/11/2021,כ כסלו תשפב
25/11/2021,כא כסלו תשפב
26/11/2021,כב כסלו תשפב
27/11/2021,כג כסלו תשפב
28/11/2021,כד כסלו תשפב
29/11/2021,כה כסלו תשפב
30/11/2021,כו כסלו תשפב
01/12/2021,כז כסלו תשפב
02/12/2021,כח כסלו תשפב
03/12/2021,כט כסלו תשפב
04/12/2021,ל כסלו תשפב
05/12/2021,א טבת תשפב
06/12/2021,ב טבת תשפב
07/12/2021,ג טבת תשפב
08/12/2021,ד טבת תשפב
09/12/2021,ה טבת תשפב
10/12/2021,ו טבת תשפב
11/12/2021,ז טבת תשפב
12/12/2021,ח טבת תשפב
13/12/2021,ט טבת תשפב
14/12/2021,י טבת תשפב
15/12/2021,יא טבת תשפב
16/12/2021,יב טבת תשפב
17/12/2021,יג טבת תשפב
18/12/2021,יד טבת תשפב
19/12/2021,טו טבת תשפב
20/12/2021,טז טבת תשפב
21/12/2021,יז טבת תשפב
22/12/2021,יח טבת תשפב
23/12/2021,יט טבת תשפב
24/12/2021,כ טבת תשפב
25/12/2021,כא טבת תשפב
26/12/2021,כב טבת תשפב
27/12/2021,כג טבת תשפב
28/12/2021,כד טבת תשפב
29/12/2021,כה טבת תשפב
30/12/2021,כו טבת תשפב
31/12/2021,כז טבת תשפב
01/01/2022,כח טבת תשפב
02/01/2022,כט טבת תשפב
03/01/2022,א שבט תשפב
04/01/2022,ב שבט תשפב
05/01/2022,ג שבט תשפב
06/01/2022,ד שבט תשפב
07/01/2022,ה שבט תשפב
08/01/2022,ו שבט תשפב
09/01/2022,ז שבט תשפב
10/01/2022,ח שבט תשפב
11/01/2022,ט שבט תשפב
12/01/2022,י שבט תשפב
13/01/2022,יא שבט תשפב
14/01/2022,יב שבט תשפב
15/01/2022,יג שבט תשפב
16/01/2022,יד שבט תשפב
17/01/2022,טו שבט תשפב
18/01/2022,טז שבט תשפב
19/01/2022,יז שבט תשפב
20/01/2022,יח שבט תשפב
21/01/2022,יט שבט תשפב
22/01/2022,כ שבט תשפב
23/01/2022,כא שבט תשפב
24/01/2022,כב שבט תשפב
25/01/2022,כג שבט תשפב
26/01/2022,כד שבט תשפב
27/01/2022,כה שבט תשפב
28/01/2022,כו שבט תשפב
29/01/2022,כז שבט תשפב
30/01/2022,כח שבט תשפב
31/01/2022,כט שבט תשפב
01/02/2022,ל שבט תשפב
02/02/2022,א אדר-א תשפב
03/02/2022,ב אדר-א תשפב
04/02/2022,ג אדר-א תשפב
05/02/2022,ד אדר-א תשפב
06/02/2022,ה אדר-א תשפב
07/02/2022,ו אדר-א תשפב
08/02/2022,ז אדר-א תשפב
09/02/2022,ח אדר-א תשפב
10/02/2022,ט אדר-א תשפב
11/02/2022,י אדר-א תשפב
12/02/2022,יא אדר-א תשפב
13/02/2022,יב אדר-א תשפב
14/02/2022,יג אדר-א תשפב
15/02/2022,יד אדר-א תשפב
16/02/2022,טו אדר-א תשפב
17/02/2022,טז אדר-א תשפב
18/02/2022,יז אדר-א תשפב
19/02/2022,יח אדר-א תשפב
20/02/2022,יט אדר-א תשפב
21/02/2022,כ אדר-א תשפב
22/02/2022,כא אדר-א תשפב
23/02/2022,כב אדר-א תשפב
24/02/2022,כג אדר-א תשפב
25/02/2022,כד אדר-א תשפב
26/02/2022,כה אדר-א תשפב
27/02/2022,כו אדר-א תשפב
28/02/2022,כז אדר-א תשפב
01/03/2022,כח אדר-א תשפב
02/03/2022,כט אדר-א תשפב
03/03/2022,ל אדר-א תשפב
04/03/2022,א אדר-ב תשפב
05/03/2022,ב אדר-ב תשפב
06/03/2022,ג אדר-ב תשפב
07/03/2022,ד אדר-ב תשפב
08/03/2022,ה אדר-ב תשפב
09/03/2022,ו אדר-ב תשפב
10/03/2022,ז אדר-ב תשפב
11/03/2022,ח אדר-ב תשפב
12/03/2022,ט אדר-ב תשפב
13/03/2022,י אדר-ב תשפב
14/03/2022,יא אדר-ב תשפב
15/03/2022,יב אדר-ב תשפב
16/03/2022,יג אדר-ב תשפב
17/03/2022,יד אדר-ב תשפב
18/03/2022,טו אדר-ב תשפב
19/03/2022,טז אדר-ב תשפב
20/03/2022,יז אדר-ב תשפב
21/03/2022,יח אדר-ב תשפב
22/03/2022,יט אדר-ב תשפב
23/03/2022,כ אדר-ב תשפב
24/03/2022,כא אדר-ב תשפב
25/03/2022,כב אדר-ב תשפב
26/03/2022,כג אדר-ב תשפב
27/03/2022,כד אדר-ב תשפב
28/03/2022,כה אדר-ב תשפב
29/03/2022,כו אדר-ב תשפב
30/03/2022,כז אדר-ב תשפב
31/03/2022,כח אדר-ב תשפב
01/04/2022,כט אדר-ב תשפב
02/04/2022,א ניסן תשפב
03/04/2022,ב ניסן תשפב
04/04/2022,ג ניסן תשפב
05/04/2022,ד ניסן תשפב
06/04/2022,ה ניסן תשפב
07/04/2022,ו ניסן תשפב
08/04/2022,ז ניסן תשפב
09/04/2022,ח ניסן תשפב
10/04/2022,ט ניסן תשפב
11/04/2022,י ניסן תשפב
12/04/2022,יא ניסן תשפב
13/04/2022,יב ניסן תשפב
14/04/2022,יג ניסן תשפב
15/04/2022,יד ניסן תשפב
16/04/2022,טו ניסן תשפב
17/04/2022,טז ניסן תשפב
18/04/2022,יז ניסן תשפב
19/04/2022,יח ניסן תשפב
20/04/2022,יט ניסן תשפב
21/04/2022,כ ניסן תשפב
22/04/2022,כא ניסן תשפב
23/04/2022,כב ניסן תשפב
24/04/2022,כג ניסן תשפב
25/04/2022,כד ניסן תשפב
26/04/2022,כה ניסן תשפב
27/04/2022,כו ניסן תשפב
28/04/2022,כז ניסן תשפב
29/04/2022,כח ניסן תשפב
30/04/2022,כט ניסן תשפב
01/05/2022,ל ניסן תשפב
02/05/2022,א אייר תשפב
03/05/2022,ב אייר תשפב
04/05/2022,ג אייר תשפב
05/05/2022,ד אייר תשפב
06/05/2022,ה אייר תשפב
07/05/2022,ו אייר תשפב
08/05/2022,ז אייר תשפב
09/05/2022,ח אייר תשפב
10/05/2022,ט אייר תשפב
11/05/2022,י אייר תשפב
12/05/2022,יא אייר תשפב
13/05/2022,יב אייר תשפב
14/05/2022,יג אייר תשפב
15/05/2022,יד אייר תשפב
16/05/2022,טו אייר תשפב
17/05/2022,טז אייר תשפב
18/05/2022,יז אייר תשפב
19/05/2022,יח אייר תשפב
20/05/2022,יט אייר תשפב
21/05/2022,כ אייר תשפב
22/05/2022,כא אייר תשפב
23/05/2022,כב אייר תשפב
24/05/2022,כג אייר תשפב
25/05/2022,כד אייר תשפב
26/05/2022,כה אייר תשפב
27/05/2022,כו אייר תשפב
28/05/2022,כז אייר תשפב
29/05/2022,כח אייר תשפב
30/05/2022,כט אייר תשפב
31/05/2022,א סיון תשפב
01/06/2022,ב סיון תשפב
02/06/2022,ג סיון תשפב
03/06/2022,ד סיון תשפב
04/06/2022,ה סיון תשפב
05/06/2022,ו סיון תשפב
06/06/2022,ז סיון תשפב
07/06/2022,ח סיון תשפב
08/06/2022,ט סיון תשפב
09/06/2022,י סיון תשפב
10/06/2022,יא סיון תשפב
11/06/2022,יב סיון תשפב
12/06/2022,יג סיון תשפב
13/06/2022,יד סיון תשפב
14/06/2022,טו סיון תשפב
15/06/2022,טז סיון תשפב
16/06/2022,יז סיון תשפב
17/06/2022,יח סיון תשפב
18/06/2022,יט סיון תשפב
19/06/2022,כ סיון תשפב
20/06/2022,כא סיון תשפב
21/06/2022,כב סיון תשפב
22/06/2022,כג סיון תשפב
23/06/2022,כד סיון תשפב
24/06/2022,כה סיון תשפב
25/06/2022,כו סיון תשפב
26/06/2022,כז סיון תשפב
27/06/2022,כח סיון תשפב
28/06/2022,כט סיון תשפב
29/06/2022,ל סיון תשפב
30/06/2022,א תמוז תשפב
01/07/2022,ב תמוז תשפב
02/07/2022,ג תמוז תשפב
03/07/2022,ד תמוז תשפב
04/07/2022,ה תמוז תשפב
05/07/2022,ו תמוז תשפב
06/07/2022,ז תמוז תשפב
07/07/2022,ח תמוז תשפב
08/07/2022,ט תמוז תשפב
09/07/2022,י תמוז תשפב
10/07/2022,יא תמוז תשפב
11/07/2022,יב תמוז תשפב
12/07/2022,יג תמוז תשפב
13/07/2022,יד תמוז תשפב
14/07/2022,טו תמוז תשפב
15/07/2022,טז תמוז תשפב
16/07/2022,יז תמוז תשפב
17/07/2022,יח תמוז תשפב
18/07/2022,יט תמוז תשפב
19/07/2022,כ תמוז תשפב
20/07/2022,כא תמוז תשפב
21/07/2022,כב תמוז תשפב
22/07/2022,כג תמוז תשפב
23/07/2022,כד תמוז תשפב
24/07/2022,כה תמוז תשפב
25/07/2022,כו תמוז תשפב
26/07/2022,כז תמוז תשפב
27/07/2022,כח תמוז תשפב
28/07/2022,כט תמוז תשפב
29/07/2022,א אב תשפב
30/07/2022,ב אב תשפב
31/07/2022,ג אב תשפב
01/08/2022,ד אב תשפב
02/08/2022,ה אב תשפב
03/08/2022,ו אב תשפב
04/08/2022,ז אב תשפב
05/08/2022,ח אב תשפב
06/08/2022,ט אב תשפב
07/08/2022,י אב תשפב
08/08/2022,יא אב תשפב
09/08/2022,יב אב תשפב
10/08/2022,יג אב תשפב
11/08/2022,יד אב תשפב
12/08/2022,טו אב תשפב
13/08/2022,טז אב תשפב
14/08/2022,יז אב תשפב
15/08/2022,יח אב תשפב
16/08/2022,יט אב תשפב
17/08/2022,כ אב תשפב
18/08/2022,כא אב תשפב
19/08/2022,כב אב תשפב
20/08/2022,כג אב תשפב
21/08/2022,כד אב תשפב
22/08/2022,כה אב תשפב
23/08/2022,כו אב תשפב
24/08/2022,כז אב תשפב
25/08/2022,כח אב תשפב
26/08/2022,כט אב תשפב
27/08/2022,ל אב תשפב
28/08/2022,א אלול תשפב
29/08/2022,ב אלול תשפב
30/08/2022,ג אלול תשפב
31/08/2022,ד אלול תשפב
01/09/2022,ה אלול תשפב
02/09/2022,ו אלול תשפב
03/09/2022,ז אלול תשפב
04/09/2022,ח אלול תשפב
05/09/2022,ט אלול תשפב
06/09/2022,י אלול תשפב
07/09/2022,יא אלול תשפב
08/09/2022,יב אלול תשפב
09/09/2022,יג אלול תשפב
10/09/2022,יד אלול תשפב
11/09/2022,טו אלול תשפב
12/09/2022,טז אלול תשפב
13/09/2022,יז אלול תשפב
14/09/2022,יח אלול תשפב
15/09/2022,יט אלול תשפב
16/09/2022,כ אלול תשפב
17/09/2022,כא אלול תשפב
18/09/2022,כב אלול תשפב
19/09/2022,כג אלול תשפב
20/09/2022,כד אלול תשפב
21/09/2022,כה אלול תשפב
22/09/2022,כו אלול תשפב
23/09/2022,כז אלול תשפב
24/09/2022,כח אלול תשפב
25/09/2022,כט אלול תשפב
26/09/2022,א תשרי תשפג
27/09/2022,ב תשרי תשפג
28/09/2022,ג תשרי תשפג
29/09/2022,ד תשרי תשפג
30/09/2022,ה תשרי תשפג
01/10/2022,ו תשרי תשפג
02/10/2022,ז תשרי תשפג
03/10/2022,ח תשרי תשפג
04/10/2022,ט תשרי תשפג
05/10/2022,י תשרי תשפג
06/10/2022,יא תשרי תשפג
07/10/2022,יב תשרי תשפג
08/10/2022,יג תשרי תשפג
09/10/2022,יד תשרי תשפג
10/10/2022,טו תשרי תשפג
11/10/2022,טז תשרי תשפג
12/10/2022,יז תשרי תשפג
13/10/2022,יח תשרי תשפג
14/10/2022,יט תשרי תשפג
15/10/2022,כ תשרי תשפג
16/10/2022,כא תשרי תשפג
17/10/2022,כב תשרי תשפג
18/10/2022,כג תשרי תשפג
19/10/2022,כד תשרי תשפג
20/10/2022,כה תשרי תשפג
21/10/2022,כו תשרי תשפג
22/10/2022,כז תשרי תשפג
23/10/2022,כח תשרי תשפג
24/10/2022,כט תשרי תשפג
25/10/2022,ל תשרי תשפג
26/10/2022,א חשון תשפג
27/10/2022,ב חשון תשפג
28/10/2022,ג חשון תשפג
29/10/2022,ד חשון תשפג
30/10/2022,ה חשון תשפג
31/10/2022,ו חשון תשפג
01/11/2022,ז חשון תשפג
02/11/2022,ח חשון תשפג
03/11/2022,ט חשון תשפג
04/11/2022,י חשון תשפג
05/11/2022,יא חשון תשפג
06/11/2022,יב חשון תשפג
07/11/2022,יג חשון תשפג
08/11/2022,יד חשון תשפג
09/11/2022,טו חשון תשפג
10/11/2022,טז חשון תשפג
11/11/2022,יז חשון תשפג
12/11/2022,יח חשון תשפג
13/11/2022,יט חשון תשפג
14/11/2022,כ חשון תשפג
15/11/2022,כא חשון תשפג
16/11/2022,כב חשון תשפג
17/11/2022,כג חשון תשפג
18/11/2022,כד חשון תשפג
19/11/2022,כה חשון תשפג
20/11/2022,כו חשון תשפג
21/11/2022,כז חשון תשפג
22/11/2022,כח חשון תשפג
23/11/2022,כט חשון תשפג
24/11/2022,ל חשון תשפג
25/11/2022,א כסלו תשפג
26/11/2022,ב כסלו תשפג
27/11/2022,ג כסלו תשפג
28/11/2022,ד כסלו תשפג
29/11/2022,ה כסלו תשפג
30/11/2022,ו כסלו תשפג
01/12/2022,ז כסלו תשפג
02/12/2022,ח כסלו תשפג
03/12/2022,ט כסלו תשפג
04/12/2022,י כסלו תשפג
05/12/2022,יא כסלו תשפג
06/12/2022,יב כסלו תשפג
07/12/2022,יג כסלו תשפג
08/12/2022,יד כסלו תשפג
09/12/2022,טו כסלו תשפג
10/12/2022,טז כסלו תשפג
11/12/2022,יז כסלו תשפג
12/12/2022,יח כסלו תשפג
13/12/2022,יט כסלו תשפג
14/12/2022,כ כסלו תשפג
15/12/2022,כא כסלו תשפג
16/12/2022,כב כסלו תשפג
17/12/2022,כג כסלו תשפג
18/12/2022,כד כסלו תשפג
19/12/2022,כה כסלו תשפג
20/12/2022,כו כסלו תשפג
21/12/2022,כז כסלו תשפג
22/12/2022,כח כסלו תשפג
23/12/2022,כט כסלו תשפג
24/12/2022,ל כסלו תשפג
25/12/2022,א טבת תשפג
26/12/2022,ב טבת תשפג
27/12/2022,ג טבת תשפג
28/12/2022,ד טבת תשפג
29/12/2022,ה טבת תשפג
30/12/2022,ו טבת תשפג
31/12/2022,ז טבת תשפג
01/01/2023,ח טבת תשפג
02/01/2023,ט טבת תשפג
03/01/2023,י טבת תשפג
04/01/2023,יא טבת תשפג
05/01/2023,יב טבת תשפג
06/01/2023,יג טבת תשפג
07/01/2023,יד טבת תשפג
08/01/2023,טו טבת תשפג
09/01/2023,טז טבת תשפג
10/01/2023,יז טבת תשפג
11/01/2023,יח טבת תשפג
12/01/2023,יט טבת תשפג
13/01/2023,כ טבת תשפג
14/01/2023,כא טבת תשפג
15/01/2023,כב טבת תשפג
16/01/2023,כג טבת תשפג
17/01/2023,כד טבת תשפג
18/01/2023,כה טבת תשפג
19/01/2023,כו טבת תשפג
20/01/2023,כז טבת תשפג
21/01/2023,כח טבת תשפג
22/01/2023,כט טבת תשפג
23/01/2023,א שבט תשפג
24/01/2023,ב שבט תשפג
25/01/2023,ג שבט תשפג
26/01/2023,ד שבט תשפג
27/01/2023,ה שבט תשפג
28/01/2023,ו שבט תשפג
29/01/2023,ז שבט תשפג
30/01/2023,ח שבט תשפג
31/01/2023,ט שבט תשפג
01/02/2023,י שבט תשפג
02/02/2023,יא שבט תשפג
03/02/2023,יב שבט תשפג
04/02/2023,יג שבט תשפג
05/02/2023,יד שבט תשפג
06/02/2023,טו שבט תשפג
07/02/2023,טז שבט תשפג
08/02/2023,יז שבט תשפג
09/02/2023,יח שבט תשפג
10/02/2023,יט שבט תשפג
11/02/2023,כ שבט תשפג
12/02/2023,כא שבט תשפג
13/02/2023,כב שבט תשפג
14/02/2023,כג שבט תשפג
15/02/2023,כד שבט תשפג
16/02/2023,כה שבט תשפג
17/02/2023,כו שבט תשפג
18/02/2023,כז שבט תשפג
19/02/2023,כח שבט תשפג
20/02/2023,כט שבט תשפג
21/02/2023,ל שבט תשפג
22/02/2023,א אדר תשפג
23/02/2023,ב אדר תשפג
24/02/2023,ג אדר תשפג
25/02/2023,ד אדר תשפג
26/02/2023,ה אדר תשפג
27/02/2023,ו אדר תשפג
28/02/2023,ז אדר תשפג
01/03/2023,ח אדר תשפג
02/03/2023,ט אדר תשפג
03/03/2023,י אדר תשפג
04/03/2023,יא אדר תשפג
05/03/2023,יב אדר תשפג
06/03/2023,יג אדר תשפג
07/03/2023,יד אדר תשפג
08/03/2023,טו אדר תשפג
09/03/2023,טז אדר תשפג
10/03/2023,יז אדר תשפג
11/03/2023,יח אדר תשפג
12/03/2023,יט אדר תשפג
13/03/2023,כ אדר תשפג
14/03/2023,כא אדר תשפג
15/03/2023,כב אדר תשפג
16/03/2023,כג אדר תשפג
17/03/2023,כד אדר תשפג
18/03/2023,כה אדר תשפג
19/03/2023,כו אדר תשפג
20/03/2023,כז אדר תשפג
21/03/2023,כח אדר תשפג
22/03/2023,כט אדר תשפג
23/03/2023,א ניסן תשפג
24/03/2023,ב ניסן תשפג
25/03/2023,ג ניסן תשפג
26/03/2023,ד ניסן תשפג
27/03/2023,ה ניסן תשפג
28/03/2023,ו ניסן תשפג
29/03/2023,ז ניסן תשפג
30/03/2023,ח ניסן תשפג
31/03/2023,ט ניסן תשפג
01/04/2023,י ניסן תשפג
02/04/2023,יא ניסן תשפג
03/04/2023,יב ניסן תשפג
04/04/2023,יג ניסן תשפג
05/04/2023,יד ניסן תשפג
06/04/2023,טו ניסן תשפג
07/04/2023,טז ניסן תשפג
08/04/2023,יז ניסן תשפג
09/04/2023,יח ניסן תשפג
10/04/2023,יט ניסן תשפג
11/04/2023,כ ניסן תשפג
12/04/2023,כא ניסן תשפג
13/04/2023,כב ניסן תשפג
14/04/2023,כג ניסן תשפג
15/04/2023,כד ניסן תשפג
16/04/2023,כה ניסן תשפג
17/04/2023,כו ניסן תשפג
18/04/2023,כז ניסן תשפג
19/04/2023,כח ניסן תשפג
20/04/2023,כט ניסן תשפג
21/04/2023,ל ניסן תשפג
22/04/2023,א אייר תשפג
23/04/2023,ב אייר תשפג
24/04/2023,ג אייר תשפג
25/04/2023,ד אייר תשפג
26/04/2023,ה אייר תשפג
27/04/2023,ו אייר תשפג
28/04/2023,ז אייר תשפג
29/04/2023,ח אייר תשפג
30/04/2023,ט אייר תשפג
01/05/2023,י אייר תשפג
02/05/2023,יא אייר תשפג
03/05/2023,יב אייר תשפג
04/05/2023,יג אייר תשפג
05/05/2023,יד אייר תשפג
06/05/2023,טו אייר תשפג
07/05/2023,טז אייר תשפג
08/05/2023,יז אייר תשפג
09/05/2023,יח אייר תשפג
10/05/2023,יט אייר תשפג
11/05/2023,כ אייר תשפג
12/05/2023,כא אייר תשפג
13/05/2023,כב אייר תשפג
14/05/2023,כג אייר תשפג
15/05/2023,כד אייר תשפג
16/05/2023,כה אייר תשפג
17/05/2023,כו אייר תשפג
18/05/2023,כז אייר תשפג
19/05/2023,כח אייר תשפג
20/05/2023,כט אייר תשפג
21/05/2023,א סיון תשפג
22/05/2023,ב סיון תשפג
23/05/2023,ג סיון תשפג
24/05/2023,ד סיון תשפג
25/05/2023,ה סיון תשפג
26/05/2023,ו סיון תשפג
27/05/2023,ז סיון תשפג
28/05/2023,ח סיון תשפג
29/05/2023,ט סיון תשפג
30/05/2023,י סיון תשפג
31/05/2023,יא סיון תשפג
01/06/2023,יב סיון תשפג
02/06/2023,יג סיון תשפג
03/06/2023,יד סיון תשפג
04/06/2023,טו סיון תשפג
05/06/2023,טז סיון תשפג
06/06/2023,יז סיון תשפג
07/06/2023,יח סיון תשפג
08/06/2023,יט סיון תשפג
09/06/2023,כ סיון תשפג
10/06/2023,כא סיון תשפג
11/06/2023,כב סיון תשפג
12/06/2023,כג סיון תשפג
13/06/2023,כד סיון תשפג
14/06/2023,כה סיון תשפג
15/06/2023,כו סיון תשפג
16/06/2023,כז סיון תשפג
17/06/2023,כח סיון תשפג
18/06/2023,כט סיון תשפג
19/06/2023,ל סיון תשפג
20/06/2023,א תמוז תשפג
21/06/2023,ב תמוז תשפג
22/06/2023,ג תמוז תשפג
23/06/2023,ד תמוז תשפג
24/06/2023,ה תמוז תשפג
25/06/2023,ו תמוז תשפג
26/06/2023,ז תמוז תשפג
27/06/2023,ח תמוז תשפג
28/06/2023,ט תמוז תשפג
29/06/2023,י תמוז תשפג
30/06/2023,יא תמוז תשפג
01/07/2023,יב תמוז תשפג
02/07/2023,יג תמוז תשפג
03/07/2023,יד תמוז תשפג
04/07/2023,טו תמוז תשפג
05/07/2023,טז תמוז תשפג
06/07/2023,יז תמוז תשפג
07/07/2023,יח תמוז תשפג
08/07/2023,יט תמוז תשפג
09/07/2023,כ תמוז תשפג
10/07/2023,כא תמוז תשפג
11/07/2023,כב תמוז תשפג
12/07/2023,כג תמוז תשפג
13/07/2023,כד תמוז תשפג
14/07/2023,כה תמוז תשפג
15/07/2023,כו תמוז תשפג
16/07/2023,כז תמוז תשפג
17/07/2023,כח תמוז תשפג
18/07/2023,כט תמוז תשפג
19/07/2023,א אב תשפג
20/07/2023,ב אב תשפג
21/07/2023,ג אב תשפג
22/07/2023,ד אב תשפג
23/07/2023,ה אב תשפג
24/07/2023,ו אב תשפג
25/07/2023,ז אב תשפג
26/07/2023,ח אב תשפג
27/07/2023,ט אב תשפג
28/07/2023,י אב תשפג
29/07/2023,יא אב תשפג
30/07/2023,יב אב תשפג
31/07/2023,יג אב תשפג
01/08/2023,יד אב תשפג
02/08/2023,טו אב תשפג
03/08/2023,טז אב תשפג
04/08/2023,יז אב תשפג
05/08/2023,יח אב תשפג
06/08/2023,יט אב תשפג
07/08/2023,כ אב תשפג
08/08/2023,כא אב תשפג
09/08/2023,כב אב תשפג
10/08/2023,כג אב תשפג
11/08/2023,כד אב תשפג
12/08/2023,כה אב תשפג
13/08/2023,כו אב תשפג
14/08/2023,כז אב תשפג
15/08/2023,כח אב תשפג
16/08/2023,כט אב תשפג
17/08/2023,ל אב תשפג
18/08/2023,א אלול תשפג
19/08/2023,ב אלול תשפג
20/08/2023,ג אלול תשפג
21/08/2023,ד אלול תשפג
22/08/2023,ה אלול תשפג
23/08/2023,ו אלול תשפג
24/08/2023,ז אלול תשפג
25/08/2023,ח אלול תשפג
26/08/2023,ט אלול תשפג
27/08/2023,י אלול תשפג
28/08/2023,יא אלול תשפג
29/08/2023,יב אלול תשפג
30/08/2023,יג אלול תשפג
31/08/2023,יד אלול תשפג
01/09/2023,טו אלול תשפג
02/09/2023,טז אלול תשפג
03/09/2023,יז אלול תשפג
04/09/2023,יח אלול תשפג
05/09/2023,יט אלול תשפג
06/09/2023,כ אלול תשפג
07/09/2023,כא אלול תשפג
08/09/2023,כב אלול תשפג
09/09/2023,כג אלול תשפג
10/09/2023,כד אלול תשפג
11/09/2023,כה אלול תשפג
12/09/2023,כו אלול תשפג
13/09/2023,כז אלול תשפג
14/09/2023,כח אלול תשפג
15/09/2023,כט אלול תשפג
16/09/2023,א תשרי תשפד
17/09/2023,ב תשרי תשפד
18/09/2023,ג תשרי תשפד
19/09/2023,ד תשרי תשפד
20/09/2023,ה תשרי תשפד
21/09/2023,ו תשרי תשפד
22/09/2023,ז תשרי תשפד
23/09/2023,ח תשרי תשפד
24/09/2023,ט תשרי תשפד
25/09/2023,י תשרי תשפד
26/09/2023,יא תשרי תשפד
27/09/2023,יב תשרי תשפד
28/09/2023,יג תשרי תשפד
29/09/2023,יד תשרי תשפד
30/09/2023,טו תשרי תשפד
01/10/2023,טז תשרי תשפד
02/10/2023,יז תשרי תשפד
03/10/2023,יח תשרי תשפד
04/10/2023,יט תשרי תשפד
05/10/2023,כ תשרי תשפד
06/10/2023,כא תשרי תשפד
07/10/2023,כב תשרי תשפד
08/10/2023,כג תשרי תשפד
09/10/2023,כד תשרי תשפד
10/10/2023,כה תשרי תשפד
11/10/2023,כו תשרי תשפד
12/10/2023,כז תשרי תשפד
13/10/2023,כח תשרי תשפד
14/10/2023,כט תשרי תשפד
15/10/2023,ל תשרי תשפד
16/10/2023,א חשון תשפד
17/10/2023,ב חשון תשפד
18/10/2023,ג חשון תשפד
19/10/2023,ד חשון תשפד
20/10/2023,ה חשון תשפד
21/10/2023,ו חשון תשפד
22/10/2023,ז חשון תשפד
23/10/2023,ח חשון תשפד
24/10/2023,ט חשון תשפד
25/10/2023,י חשון תשפד
26/10/2023,יא חשון תשפד
27/10/2023,יב חשון תשפד
28/10/2023,יג חשון תשפד
29/10/2023,יד חשון תשפד
30/10/2023,טו חשון תשפד
31/10/2023,טז חשון תשפד
01/11/2023,יז חשון תשפד
02/11/2023,יח חשון תשפד
03/11/2023,יט חשון תשפד
04/11/2023,כ חשון תשפד
05/11/2023,כא חשון תשפד
06/11/2023,כב חשון תשפד
07/11/2023,כג חשון תשפד
08/11/2023,כד חשון תשפד
09/11/2023,כה חשון תשפד
10/11/2023,כו חשון תשפד
11/11/2023,כז חשון תשפד
12/11/2023,כח חשון תשפד
13/11/2023,כט חשון תשפד
14/11/2023,א כסלו תשפד
15/11/2023,ב כסלו תשפד
16/11/2023,ג כסלו תשפד
17/11/2023,ד כסלו תשפד
18/11/2023,ה כסלו תשפד
19/11/2023,ו כסלו תשפד
20/11/2023,ז כסלו תשפד
21/11/2023,ח כסלו תשפד
22/11/2023,ט כסלו תשפד
23/11/2023,י כסלו תשפד
24/11/2023,יא כסלו תשפד
25/11/2023,יב כסלו תשפד
26/11/2023,יג כסלו תשפד
27/11/2023,יד כסלו תשפד
28/11/2023,טו כסלו תשפד
29/11/2023,טז כסלו תשפד
30/11/2023,יז כסלו תשפד
01/12/2023,יח כסלו תשפד
02/12/2023,יט כסלו תשפד
03/12/2023,כ כסלו תשפד
04/12/2023,כא כסלו תשפד
05/12/2023,כב כסלו תשפד
06/12/2023,כג כסלו תשפד
07/12/2023,כד כסלו תשפד
08/12/2023,כה כסלו תשפד
09/12/2023,כו כסלו תשפד
10/12/2023,כז כסלו תשפד
11/12/2023,כח כסלו תשפד
12/12/2023,כט כסלו תשפד
13/12/2023,א טבת תשפד
14/12/2023,ב טבת תשפד
15/12/2023,ג טבת תשפד
16/12/2023,ד טבת תשפד
17/12/2023,ה טבת תשפד
18/12/2023,ו טבת תשפד
19/12/2023,ז טבת תשפד
20/12/2023,ח טבת תשפד
21/12/2023,ט טבת תשפד
22/12/2023,י טבת תשפד
23/12/2023,יא טבת תשפד
24/12/2023,יב טבת תשפד
25/12/2023,יג טבת תשפד
26/12/2023,יד טבת תשפד
27/12/2023,טו טבת תשפד
28/12/2023,טז טבת תשפד
29/12/2023,יז טבת תשפד
30/12/2023,יח טבת תשפד
31/12/2023,יט טבת תשפד
01/01/2024,כ טבת תשפד
02/01/2024,כא טבת תשפד
03/01/2024,כב טבת תשפד
04/01/2024,כג טבת תשפד
05/01/2024,כד טבת תשפד
06/01/2024,כה טבת תשפד
07/01/2024,כו טבת תשפד
08/01/2024,כז טבת תשפד
09/01/2024,כח טבת תשפד
10/01/2024,כט טבת תשפד
11/01/2024,א שבט תשפד
12/01/2024,ב שבט תשפד
13/01/2024,ג שבט תשפד
14/01/2024,ד שבט תשפד
15/01/2024,ה שבט תשפד
16/01/2024,ו שבט תשפד
17/01/2024,ז שבט תשפד
18/01/2024,ח שבט תשפד
19/01/2024,ט שבט תשפד
20/01/2024,י שבט תשפד
21/01/2024,יא שבט תשפד
22/01/2024,יב שבט תשפד
23/01/2024,יג שבט תשפד
24/01/2024,יד שבט תשפד
25/01/2024,טו שבט תשפד
26/01/2024,טז שבט תשפד
27/01/2024,יז שבט תשפד
28/01/2024,יח שבט תשפד
29/01/2024,יט שבט תשפד
30/01/2024,כ שבט תשפד
31/01/2024,כא שבט תשפד
01/02/2024,כב שבט תשפד
02/02/2024,כג שבט תשפד
03/02/2024,כד שבט תשפד
04/02/2024,כה שבט תשפד
05/02/2024,כו שבט תשפד
06/02/2024,כז שבט תשפד
07/02/2024,כח שבט תשפד
08/02/2024,כט שבט תשפד
09/02/2024,ל שבט תשפד
10/02/2024,א אדר-א תשפד
11/02/2024,ב אדר-א תשפד
12/02/2024,ג אדר-א תשפד
13/02/2024,ד אדר-א תשפד
14/02/2024,ה אדר-א תשפד
15/02/2024,ו אדר-א תשפד
16/02/2024,ז אדר-א תשפד
17/02/2024,ח אדר-א תשפד
18/02/2024,ט אדר-א תשפד
19/02/2024,י אדר-א תשפד
20/02/2024,יא אדר-א תשפד
21/02/2024,יב אדר-א תשפד
22/02/2024,יג אדר-א תשפד
23/02/2024,יד אדר-א תשפד
24/02/2024,טו אדר-א תשפד
25/02/2024,טז אדר-א תשפד
26/02/2024,יז אדר-א תשפד
27/02/2024,יח אדר-א תשפד
28/02/2024,יט אדר-א תשפד
29/02/2024,כ אדר-א תשפד
01/03/2024,כא אדר-א תשפד
02/03/2024,כב אדר-א תשפד
03/03/2024,כג אדר-א תשפד
04/03/2024,כד אדר-א תשפד
05/03/2024,כה אדר-א תשפד
06/03/2024,כו אדר-א תשפד
07/03/2024,כז אדר-א תשפד
08/03/2024,כח אדר-א תשפד
09/03/2024,כט אדר-א תשפד
10/03/2024,ל אדר-א תשפד
11/03/2024,א אדר-ב תשפד
12/03/2024,ב אדר-ב תשפד
13/03/2024,ג אדר-ב תשפד
14/03/2024,ד אדר-ב תשפד
15/03/2024,ה אדר-ב תשפד
16/03/2024,ו אדר-ב תשפד
17/03/2024,ז אדר-ב תשפד
18/03/2024,ח אדר-ב תשפד
19/03/2024,ט אדר-ב תשפד
20/03/2024,י אדר-ב תשפד
21/03/2024,יא אדר-ב תשפד
22/03/2024,יב אדר-ב תשפד
23/03/2024,יג אדר-ב תשפד
24/03/2024,יד אדר-ב תשפד
25/03/2024,טו אדר-ב תשפד
26/03/2024,טז אדר-ב תשפד
27/03/2024,יז אדר-ב תשפד
28/03/2024,יח אדר-ב תשפד
29/03/2024,יט אדר-ב תשפד
30/03/2024,כ אדר-ב תשפד
31/03/2024,כא אדר-ב תשפד
01/04/2024,כב אדר-ב תשפד
02/04/2024,כג אדר-ב תשפד
03/04/2024,כד אדר-ב תשפד
04/04/2024,כה אדר-ב תשפד
05/04/2024,כו אדר-ב תשפד
06/04/2024,כז אדר-ב תשפד
07/04/2024,כח אדר-ב תשפד
08/04/2024,כט אדר-ב תשפד
09/04/2024,א ניסן תשפד
10/04/2024,ב ניסן תשפד
11/04/2024,ג ניסן תשפד
12/04/2024,ד ניסן תשפד
13/04/2024,ה ניסן תשפד
14/04/2024,ו ניסן תשפד
15/04/2024,ז ניסן תשפד
16/04/2024,ח ניסן תשפד
17/04/2024,ט ניסן תשפד
18/04/2024,י ניסן תשפד
19/04/2024,יא ניסן תשפד
20/04/2024,יב ניסן תשפד
21/04/2024,יג ניסן תשפד
22/04/2024,יד ניסן תשפד
23/04/2024,טו ניסן תשפד
24/04/2024,טז ניסן תשפד
25/04/2024,יז ניסן תשפד
26/04/2024,יח ניסן תשפד
27/04/2024,יט ניסן תשפד
28/04/2024,כ ניסן תשפד
29/04/2024,כא ניסן תשפד
30/04/2024,כב ניסן תשפד
01/05/2024,כג ניסן תשפד
02/05/2024,כד ניסן תשפד
03/05/2024,כה ניסן תשפד
04/05/2024,כו ניסן תשפד
05/05/2024,כז ניסן תשפד
06/05/2024,כח ניסן תשפד
07/05/2024,כט ניסן תשפד
08/05/2024,ל ניסן תשפד
09/05/2024,א אייר תשפד
10/05/2024,ב אייר תשפד
11/05/2024,ג אייר תשפד
12/05/2024,ד אייר תשפד
13/05/2024,ה אייר תשפד
14/05/2024,ו אייר תשפד
15/05/2024,ז אייר תשפד
16/05/2024,ח אייר תשפד
17/05/2024,ט אייר תשפד
18/05/2024,י אייר תשפד
19/05/2024,יא אייר תשפד
20/05/2024,יב אייר תשפד
21/05/2024,יג אייר תשפד
22/05/2024,יד אייר תשפד
23/05/2024,טו אייר תשפד
24/05/2024,טז אייר תשפד
25/05/2024,יז אייר תשפד
26/05/2024,יח אייר תשפד
27/05/2024,יט אייר תשפד
28/05/2024,כ אייר תשפד
29/05/2024,כא אייר תשפד
30/05/2024,כב אייר תשפד
31/05/2024,כג אייר תשפד
01/06/2024,כד אייר תשפד
02/06/2024,כה אייר תשפד
03/06/2024,כו אייר תשפד
04/06/2024,כז אייר תשפד
05/06/2024,כח אייר תשפד
06/06/2024,כט אייר תשפד
07/06/2024,א סיון תשפד
08/06/2024,ב סיון תשפד
09/06/2024,ג סיון תשפד
10/06/2024,ד סיון תשפד
11/06/2024,ה סיון תשפד
12/06/2024,ו סיון תשפד
13/06/2024,ז סיון תשפד
14/06/2024,ח סיון תשפד
15/06/2024,ט סיון תשפד
16/06/2024,י סיון תשפד
17/06/2024,יא סיון תשפד
18/06/2024,יב סיון תשפד
19/06/2024,יג סיון תשפד
20/06/2024,יד סיון תשפד
21/06/2024,טו סיון תשפד
22/06/2024,טז סיון תשפד
23/06/2024,יז סיון תשפד
24/06/2024,יח סיון תשפד
25/06/2024,יט סיון תשפד
26/06/2024,כ סיון תשפד
27/06/2024,כא סיון תשפד
28/06/2024,כב סיון תשפד
29/06/2024,כג סיון תשפד
30/06/2024,כד סיון תשפד
01/07/2024,כה סיון תשפד
02/07/2024,כו סיון תשפד
03/07/2024,כז סיון תשפד
04/07/2024,כח סיון תשפד
05/07/2024,כט סיון תשפד
06/07/2024,ל סיון תשפד
07/07/2024,א תמוז תשפד
08/07/2024,ב תמוז תשפד
09/07/2024,ג תמוז תשפד
10/07/2024,ד תמוז תשפד
11/07/2024,ה תמוז תשפד
12/07/2024,ו תמוז תשפד
13/07/2024,ז תמוז תשפד
14/07/2024,ח תמוז תשפד
15/07/2024,ט תמוז תשפד
16/07/2024,י תמוז תשפד
17/07/2024,יא תמוז תשפד
18/07/2024,יב תמוז תשפד
19/07/2024,יג תמוז תשפד
20/07/2024,יד תמוז תשפד
21/07/2024,טו תמוז תשפד
22/07/2024,טז תמוז תשפד
23/07/2024,יז תמוז תשפד
24/07/2024,יח תמוז תשפד
25/07/2024,יט תמוז תשפד
26/07/2024,כ תמוז תשפד
27/07/2024,כא תמוז תשפד
28/07/2024,כב תמוז תשפד
29/07/2024,כג תמוז תשפד
30/07/2024,כד תמוז תשפד
31/07/2024,כה תמוז תשפד
01/08/2024,כו תמוז תשפד
02/08/2024,כז תמוז תשפד
03/08/2024,כח תמוז תשפד
04/08/2024,כט תמוז תשפד
05/08/2024,א אב תשפד
06/08/2024,ב אב תשפד
07/08/2024,ג אב תשפד
08/08/2024,ד אב תשפד
09/08/2024,ה אב תשפד
10/08/2024,ו אב תשפד
11/08/2024,ז אב תשפד
12/08/2024,ח אב תשפד
13/08/2024,ט אב תשפד
14/08/2024,י אב תשפד
15/08/2024,יא אב תשפד
16/08/2024,יב אב תשפד
17/08/2024,יג אב תשפד
18/08/2024,יד אב תשפד
19/08/2024,טו אב תשפד
20/08/2024,טז אב תשפד
21/08/2024,יז אב תשפד
22/08/2024,יח אב תשפד
23/08/2024,יט אב תשפד
24/08/2024,כ אב תשפד
25/08/2024,כא אב תשפד
26/08/2024,כב אב תשפד
27/08/2024,כג אב תשפד
28/08/2024,כד אב תשפד
29/08/2024,כה אב תשפד
30/08/2024,כו אב תשפד
31/08/2024,כז אב תשפד
01/09/2024,כח אב תשפד
02/09/2024,כט אב תשפד
03/09/2024,ל אב תשפד
04/09/2024,א אלול תשפד
05/09/2024,ב אלול תשפד
06/09/2024,ג אלול תשפד
07/09/2024,ד אלול תשפד
08/09/2024,ה אלול תשפד
09/09/2024,ו אלול תשפד
10/09/2024,ז אלול תשפד
11/09/2024,ח אלול תשפד
12/09/2024,ט אלול תשפד
13/09/2024,י אלול תשפד
14/09/2024,יא אלול תשפד
15/09/2024,יב אלול תשפד
16/09/2024,יג אלול תשפד
17/09/2024,יד אלול תשפד
18/09/2024,טו אלול תשפד
19/09/2024,טז אלול תשפד
20/09/2024,יז אלול תשפד
21/09/2024,יח אלול תשפד
22/09/2024,יט אלול תשפד
23/09/2024,כ אלול תשפד
24/09/2024,כא אלול תשפד
25/09/2024,כב אלול תשפד
26/09/2024,כג אלול תשפד
27/09/2024,כד אלול תשפד
28/09/2024,כה אלול תשפד
29/09/2024,כו אלול תשפד
30/09/2024,כז אלול תשפד
01/10/2024,כח אלול תשפד
02/10/2024,כט אלול תשפד
03/10/2024,א תשרי תשפה
04/10/2024,ב תשרי תשפה
05/10/2024,ג תשרי תשפה
06/10/2024,ד תשרי תשפה
07/10/2024,ה תשרי תשפה
08/10/2024,ו תשרי תשפה
09/10/2024,ז תשרי תשפה
10/10/2024,ח תשרי תשפה
11/10/2024,ט תשרי תשפה
12/10/2024,י תשרי תשפה
13/10/2024,יא תשרי תשפה
14/10/2024,יב תשרי תשפה
15/10/2024,יג תשרי תשפה
16/10/2024,יד תשרי תשפה
17/10/2024,טו תשרי תשפה
18/10/2024,טז תשרי תשפה
19/10/2024,יז תשרי תשפה
20/10/2024,יח תשרי תשפה
21/10/2024,יט תשרי תשפה
22/10/2024,כ תשרי תשפה
23/10/2024,כא תשרי תשפה
24/10/2024,כב תשרי תשפה
25/10/2024,כג תשרי תשפה
26/10/2024,כד תשרי תשפה
27/10/2024,כה תשרי תשפה
28/10/2024,כו תשרי תשפה
29/10/2024,כז תשרי תשפה
30/10/2024,כח תשרי תשפה
31/10/2024,כט תשרי תשפה
01/11/2024,ל תשרי תשפה
02/11/2024,א חשון תשפה
03/11/2024,ב חשון תשפה
04/11/2024,ג חשון תשפה
05/11/2024,ד חשון תשפה
06/11/2024,ה חשון תשפה
07/11/2024,ו חשון תשפה
08/11/2024,ז חשון תשפה
09/11/2024,ח חשון תשפה
10/11/2024,ט חשון תשפה
11/11/2024,י חשון תשפה
12/11/2024,יא חשון תשפה
13/11/2024,יב חשון תשפה
14/11/2024,יג חשון תשפה
15/11/2024,יד חשון תשפה
16/11/2024,טו חשון תשפה
17/11/2024,טז חשון תשפה
18/11/2024,יז חשון תשפה
19/11/2024,יח חשון תשפה
20/11/2024,יט חשון תשפה
21/11/2024,כ חשון תשפה
22/11/2024,כא חשון תשפה
23/11/2024,כב חשון תשפה
24/11/2024,כג חשון תשפה
25/11/2024,כד חשון תשפה
26/11/2024,כה חשון תשפה
27/11/2024,כו חשון תשפה
28/11/2024,כז חשון תשפה
29/11/2024,כח חשון תשפה
30/11/2024,כט חשון תשפה
01/12/2024,ל חשון תשפה
02/12/2024,א כסלו תשפה
03/12/2024,ב כסלו תשפה
04/12/2024,ג כסלו תשפה
05/12/2024,ד כסלו תשפה
06/12/2024,ה כסלו תשפה
07/12/2024,ו כסלו תשפה
08/12/2024,ז כסלו תשפה
09/12/2024,ח כסלו תשפה
10/12/2024,ט כסלו תשפה
11/12/2024,י כסלו תשפה
12/12/2024,יא כסלו תשפה
13/12/2024,יב כסלו תשפה
14/12/2024,יג כסלו תשפה
15/12/2024,יד כסלו תשפה
16/12/2024,טו כסלו תשפה
17/12/2024,טז כסלו תשפה
18/12/2024,יז כסלו תשפה
19/12/2024,יח כסלו תשפה
20/12/2024,יט כסלו תשפה
21/12/2024,כ כסלו תשפה
22/12/2024,כא כסלו תשפה
23/12/2024,כב כסלו תשפה
24/12/2024,כג כסלו תשפה
25/12/2024,כד כסלו תשפה
26/12/2024,כה כסלו תשפה
27/12/2024,כו כסלו תשפה
28/12/2024,כז כסלו תשפה
29/12/2024,כח כסלו תשפה
30/12/2024,כט כסלו תשפה
31/12/2024,ל כסלו תשפה
01/01/2025,א טבת תשפה
02/01/2025,ב טבת תשפה
03/01/2025,ג טבת תשפה
04/01/2025,ד טבת תשפה
05/01/2025,ה טבת תשפה
06/01/2025,ו טבת תשפה
07/01/2025,ז טבת תשפה
08/01/2025,ח טבת תשפה
09/01/2025,ט טבת תשפה
10/01/2025,י טבת תשפה
11/01/2025,יא טבת תשפה
12/01/2025,יב טבת תשפה
13/01/2025,יג טבת תשפה
14/01/2025,יד טבת תשפה
15/01/2025,טו טבת תשפה
16/01/2025,טז טבת תשפה
17/01/2025,יז טבת תשפה
18/01/2025,יח טבת תשפה
19/01/2025,יט טבת תשפה
20/01/2025,כ טבת תשפה
21/01/2025,כא טבת תשפה
22/01/2025,כב טבת תשפה
23/01/2025,כג טבת תשפה
24/01/2025,כד טבת תשפה
25/01/2025,כה טבת תשפה
26/01/2025,כו טבת תשפה
27/01/2025,כז טבת תשפה
28/01/2025,כח טבת תשפה
29/01/2025,כט טבת תשפה
30/01/2025,א שבט תשפה
31/01/2025,ב שבט תשפה
01/02/2025,ג שבט תשפה
02/02/2025,ד שבט תשפה
03/02/2025,ה שבט תשפה
04/02/2025,ו שבט תשפה
05/02/2025,ז שבט תשפה
06/02/2025,ח שבט תשפה
07/02/2025,ט שבט תשפה
08/02/2025,י שבט תשפה
09/02/2025,יא שבט תשפה
10/02/2025,יב שבט תשפה
11/02/2025,יג שבט תשפה
12/02/2025,יד שבט תשפה
13/02/2025,טו שבט תשפה
14/02/2025,טז שבט תשפה
15/02/2025,יז שבט תשפה
16/02/2025,יח שבט תשפה
17/02/2025,יט שבט תשפה
18/02/2025,כ שבט תשפה
19/02/2025,כא שבט תשפה
20/02/2025,כב שבט תשפה
21/02/2025,כג שבט תשפה
22/02/2025,כד שבט תשפה
23/02/2025,כה שבט תשפה
24/02/2025,כו שבט תשפה
25/02/2025,כז שבט תשפה
26/02/2025,כח שבט תשפה
27/02/2025,כט שבט תשפה
28/02/2025,ל שבט תשפה
01/03/2025,א אדר תשפה
02/03/2025,ב אדר תשפה
03/03/2025,ג אדר תשפה
04/03/2025,ד אדר תשפה
05/03/2025,ה אדר תשפה
06/03/2025,ו אדר תשפה
07/03/2025,ז אדר תשפה
08/03/2025,ח אדר תשפה
09/03/2025,ט אדר תשפה
10/03/2025,י אדר תשפה
11/03/2025,יא אדר תשפה
12/03/2025,יב אדר תשפה
13/03/2025,יג אדר תשפה
14/03/2025,יד אדר תשפה
15/03/2025,טו אדר תשפה
16/03/2025,טז אדר תשפה
17/03/2025,יז אדר תשפה
18/03/2025,יח אדר תשפה
19/03/2025,יט אדר תשפה
20/03/2025,כ אדר תשפה
21/03/2025,כא אדר תשפה
22/03/2025,כב אדר תשפה
23/03/2025,כג אדר תשפה
24/03/2025,כד אדר תשפה
25/03/2025,כה אדר תשפה
26/03/2025,כו אדר תשפה
27/03/2025,כז אדר תשפה
28/03/2025,כח אדר תשפה
29/03/2025,כט אדר תשפה
30/03/2025,א ניסן תשפה
31/03/2025,ב ניסן תשפה
01/04/2025,ג ניסן תשפה
02/04/2025,ד ניסן תשפה
03/04/2025,ה ניסן תשפה
04/04/2025,ו ניסן תשפה
05/04/2025,ז ניסן תשפה
06/04/2025,ח ניסן תשפה
07/04/2025,ט ניסן תשפה
08/04/2025,י ניסן תשפה
09/04/2025,יא ניסן תשפה
10/04/2025,יב ניסן תשפה
11/04/2025,יג ניסן תשפה
12/04/2025,יד ניסן תשפה
13/04/2025,טו ניסן תשפה
14/04/2025,טז ניסן תשפה
15/04/2025,יז ניסן תשפה
16/04/2025,יח ניסן תשפה
17/04/2025,יט ניסן תשפה
18/04/2025,כ ניסן תשפה
19/04/2025,כא ניסן תשפה
20/04/2025,כב ניסן תשפה
21/04/2025,כג ניסן תשפה
22/04/2025,כד ניסן תשפה
23/04/2025,כה ניסן תשפה
24/04/2025,כו ניסן תשפה
25/04/2025,כז ניסן תשפה
26/04/2025,כח ניסן תשפה
27/04/2025,כט ניסן תשפה
28/04/2025,ל ניסן תשפה
29/04/2025,א אייר תשפה
30/04/2025,ב אייר תשפה
01/05/2025,ג אייר תשפה
02/05/2025,ד אייר תשפה
03/05/2025,ה אייר תשפה
04/05/2025,ו אייר תשפה
05/05/2025,ז אייר תשפה
06/05/2025,ח אייר תשפה
07/05/2025,ט אייר תשפה
08/05/2025,י אייר תשפה
09/05/2025,יא אייר תשפה
10/05/2025,יב אייר תשפה
11/05/2025,יג אייר תשפה
12/05/2025,יד אייר תשפה
13/05/2025,טו אייר תשפה
14/05/2025,טז אייר תשפה
15/05/2025,יז אייר תשפה
16/05/2025,יח אייר תשפה
17/05/2025,יט אייר תשפה
18/05/2025,כ אייר תשפה
19/05/2025,כא אייר תשפה
20/05/2025,כב אייר תשפה
21/05/2025,כג אייר תשפה
22/05/2025,כד אייר תשפה
23/05/2025,כה אייר תשפה
24/05/2025,כו אייר תשפה
25/05/2025,כז אייר תשפה
26/05/2025,כח אייר תשפה
27/05/2025,כט אייר תשפה
28/05/2025,א סיון תשפה
29/05/2025,ב סיון תשפה
30/05/2025,ג סיון תשפה
31/05/2025,ד סיון תשפה
01/06/2025,ה סיון תשפה
02/06/2025,ו סיון תשפה
03/06/2025,ז סיון תשפה
04/06/2025,ח סיון תשפה
05/06/2025,ט סיון תשפה
06/06/2025,י סיון תשפה
07/06/2025,יא סיון תשפה
08/06/2025,יב סיון תשפה
09/06/2025,יג סיון תשפה
10/06/2025,יד סיון תשפה
11/06/2025,טו סיון תשפה
12/06/2025,טז סיון תשפה
13/06/2025,יז סיון תשפה
14/06/2025,יח סיון תשפה
15/06/2025,יט סיון תשפה
16/06/2025,כ סיון תשפה
17/06/2025,כא סיון תשפה
18/06/2025,כב סיון תשפה
19/06/2025,כג סיון תשפה
20/06/2025,כד סיון תשפה
21/06/2025,כה סיון תשפה
22/06/2025,כו סיון תשפה
23/06/2025,כז סיון תשפה
24/06/2025,כח סיון תשפה
25/06/2025,כט סיון תשפה
26/06/2025,ל סיון תשפה
27/06/2025,א תמוז תשפה
28/06/2025,ב תמוז תשפה
29/06/2025,ג תמוז תשפה
30/06/2025,ד תמוז תשפה
01/07/2025,ה תמוז תשפה
02/07/2025,ו תמוז תשפה
03/07/2025,ז תמוז תשפה
04/07/2025,ח תמוז תשפה
05/07/2025,ט תמוז תשפה
06/07/2025,י תמוז תשפה
07/07/2025,יא תמוז תשפה
08/07/2025,יב תמוז תשפה
09/07/2025,יג תמוז תשפה
10/07/2025,יד תמוז תשפה
11/07/2025,טו תמוז תשפה
12/07/2025,טז תמוז תשפה
13/07/2025,יז תמוז תשפה
14/07/2025,יח תמוז תשפה
15/07/2025,יט תמוז תשפה
16/07/2025,כ תמוז תשפה
17/07/2025,כא תמוז תשפה
18/07/2025,כב תמוז תשפה
19/07/2025,כג תמוז תשפה
20/07/2025,כד תמוז תשפה
21/07/2025,כה תמוז תשפה
22/07/2025,כו תמוז תשפה
23/07/2025,כז תמוז תשפה
24/07/2025,כח תמוז תשפה
25/07/2025,כט תמוז תשפה
26/07/2025,א אב תשפה
27/07/2025,ב אב תשפה
28/07/2025,ג אב תשפה
29/07/2025,ד אב תשפה
30/07/2025,ה אב תשפה
31/07/2025,ו אב תשפה
01/08/2025,ז אב תשפה
02/08/2025,ח אב תשפה
03/08/2025,ט אב תשפה
04/08/2025,י אב תשפה
05/08/2025,יא אב תשפה
06/08/2025,יב אב תשפה
07/08/2025,יג אב תשפה
08/08/2025,יד אב תשפה
09/08/2025,טו אב תשפה
10/08/2025,טז אב תשפה
11/08/2025,יז אב תשפה
12/08/2025,יח אב תשפה
13/08/2025,יט אב תשפה
14/08/2025,כ אב תשפה
15/08/2025,כא אב תשפה
16/08/2025,כב אב תשפה
17/08/2025,כג אב תשפה
18/08/2025,כד אב תשפה
19/08/2025,כה אב תשפה
20/08/2025,כו אב תשפה
21/08/2025,כז אב תשפה
22/08/2025,כח אב תשפה
23/08/2025,כט אב תשפה
24/08/2025,ל אב תשפה
25/08/2025,א אלול תשפה
26/08/2025,ב אלול תשפה
27/08/2025,ג אלול תשפה
28/08/2025,ד אלול תשפה
29/08/2025,ה אלול תשפה
30/08/2025,ו אלול תשפה
31/08/2025,ז אלול תשפה
01/09/2025,ח אלול תשפה
02/09/2025,ט אלול תשפה
03/09/2025,י אלול תשפה
04/09/2025,יא אלול תשפה
05/09/2025,יב אלול תשפה
06/09/2025,יג אלול תשפה
07/09/2025,יד אלול תשפה
08/09/2025,טו אלול תשפה
09/09/2025,טז אלול תשפה
10/09/2025,יז אלול תשפה
11/09/2025,יח אלול תשפה
12/09/2025,יט אלול תשפה
13/09/2025,כ אלול תשפה
14/09/2025,כא אלול תשפה
15/09/2025,כב אלול תשפה
16/09/2025,כג אלול תשפה
17/09/2025,כד אלול תשפה
18/09/2025,כה אלול תשפה
19/09/2025,כו אלול תשפה
20/09/2025,כז אלול תשפה
21/09/2025,כח אלול תשפה
22/09/2025,כט אלול תשפה
23/09/2025,א תשרי תשפו
24/09/2025,ב תשרי תשפו
25/09/2025,ג תשרי תשפו
26/09/2025,ד תשרי תשפו
27/09/2025,ה תשרי תשפו
28/09/2025,ו תשרי תשפו
29/09/2025,ז תשרי תשפו
30/09/2025,ח תשרי תשפו
01/10/2025,ט תשרי תשפו
02/10/2025,י תשרי תשפו
03/10/2025,יא תשרי תשפו
04/10/2025,יב תשרי תשפו
05/10/2025,יג תשרי תשפו
06/10/2025,יד תשרי תשפו
07/10/2025,טו תשרי תשפו
08/10/2025,טז תשרי תשפו
09/10/2025,יז תשרי תשפו
10/10/2025,יח תשרי תשפו
11/10/2025,יט תשרי תשפו
12/10/2025,כ תשרי תשפו
13/10/2025,כא תשרי תשפו
14/10/2025,כב תשרי תשפו
15/10/2025,כג תשרי תשפו
16/10/2025,כד תשרי תשפו
17/10/2025,כה תשרי תשפו
18/10/2025,כו תשרי תשפו
19/10/2025,כז תשרי תשפו
20/10/2025,כח תשרי תשפו
21/10/2025,כט תשרי תשפו
22/10/2025,ל תשרי תשפו
23/10/2025,א חשון תשפו
24/10/2025,ב חשון תשפו
25/10/2025,ג חשון תשפו
26/10/2025,ד חשון תשפו
27/10/2025,ה חשון תשפו
28/10/2025,ו חשון תשפו
29/10/2025,ז חשון תשפו
30/10/2025,ח חשון תשפו
31/10/2025,ט חשון תשפו
01/11/2025,י חשון תשפו
02/11/2025,יא חשון תשפו
03/11/2025,יב חשון תשפו
04/11/2025,יג חשון תשפו
05/11/2025,יד חשון תשפו
06/11/2025,טו חשון תשפו
07/11/2025,טז חשון תשפו
08/11/2025,יז חשון תשפו
09/11/2025,יח חשון תשפו
10/11/2025,יט חשון תשפו
11/11/2025,כ חשון תשפו
12/11/2025,כא חשון תשפו
13/11/2025,כב חשון תשפו
14/11/2025,כג חשון תשפו
15/11/2025,כד חשון תשפו
16/11/2025,כה חשון תשפו
17/11/2025,כו חשון תשפו
18/11/2025,כז חשון תשפו
19/11/2025,כח חשון תשפו
20/11/2025,כט חשון תשפו
21/11/2025,א כסלו תשפו
22/11/2025,ב כסלו תשפו
23/11/2025,ג כסלו תשפו
24/11/2025,ד כסלו תשפו
25/11/2025,ה כסלו תשפו
26/11/2025,ו כסלו תשפו
27/11/2025,ז כסלו תשפו
28/11/2025,ח כסלו תשפו
29/11/2025,ט כסלו תשפו
30/11/2025,י כסלו תשפו
01/12/2025,יא כסלו תשפו
02/12/2025,יב כסלו תשפו
03/12/2025,יג כסלו תשפו
04/12/2025,יד כסלו תשפו
05/12/2025,טו כסלו תשפו
06/12/2025,טז כסלו תשפו
07/12/2025,יז כסלו תשפו
08/12/2025,יח כסלו תשפו
09/12/2025,יט כסלו תשפו
10/12/2025,כ כסלו תשפו
11/12/2025,כא כסלו תשפו
12/12/2025,כב כסלו תשפו
13/12/2025,כג כסלו תשפו
14/12/2025,כד כסלו תשפו
15/12/2025,כה כסלו תשפו
16/12/2025,כו כסלו תשפו
17/12/2025,כז כסלו תשפו
18/12/2025,כח כסלו תשפו
19/12/2025,כט כסלו תשפו
20/12/2025,ל כסלו תשפו
21/12/2025,א טבת תשפו
22/12/2025,ב טבת תשפו
23/12/2025,ג טבת תשפו
24/12/2025,ד טבת תשפו
25/12/2025,ה טבת תשפו
26/12/2025,ו טבת תשפו
27/12/2025,ז טבת תשפו
28/12/2025,ח טבת תשפו
29/12/2025,ט טבת תשפו
30/12/2025,י טבת תשפו
31/12/2025,יא טבת תשפו
01/01/2026,יב טבת תשפו
02/01/2026,יג טבת תשפו
03/01/2026,יד טבת תשפו
04/01/2026,טו טבת תשפו
05/01/2026,טז טבת תשפו
06/01/2026,יז טבת תשפו
07/01/2026,יח טבת תשפו
08/01/2026,יט טבת תשפו
09/01/2026,כ טבת תשפו
10/01/2026,כא טבת תשפו
11/01/2026,כב טבת תשפו
12/01/2026,כג טבת תשפו
13/01/2026,כד טבת תשפו
14/01/2026,כה טבת תשפו
15/01/2026,כו טבת תשפו
16/01/2026,כז טבת תשפו
17/01/2026,כח טבת תשפו
18/01/2026,כט טבת תשפו
19/01/2026,א שבט תשפו
20/01/2026,ב שבט תשפו
21/01/2026,ג שבט תשפו
22/01/2026,ד שבט תשפו
23/01/2026,ה שבט תשפו
24/01/2026,ו שבט תשפו
25/01/2026,ז שבט תשפו
26/01/2026,ח שבט תשפו
27/01/2026,ט שבט תשפו
28/01/2026,י שבט תשפו
29/01/2026,יא שבט תשפו
30/01/2026,יב שבט תשפו
31/01/2026,יג שבט תשפו
01/02/2026,יד שבט תשפו
02/02/2026,טו שבט תשפו
03/02/2026,טז שבט תשפו
04/02/2026,יז שבט תשפו
05/02/2026,יח שבט תשפו
06/02/2026,יט שבט תשפו
07/02/2026,כ שבט תשפו
08/02/2026,כא שבט תשפו
09/02/2026,כב שבט תשפו
10/02/2026,כג שבט תשפו
11/02/2026,כד שבט תשפו
12/02/2026,כה שבט תשפו
13/02/2026,כו שבט תשפו
14/02/2026,כז שבט תשפו
15/02/2026,כח שבט תשפו
16/02/2026,כט שבט תשפו
17/02/2026,ל שבט תשפו
18/02/2026,א אדר תשפו
19/02/2026,ב אדר תשפו
20/02/2026,ג אדר תשפו
21/02/2026,ד אדר תשפו
22/02/2026,ה אדר תשפו
23/02/2026,ו אדר תשפו
24/02/2026,ז אדר תשפו
25/02/2026,ח אדר תשפו
26/02/2026,ט אדר תשפו
27/02/2026,י אדר תשפו
28/02/2026,יא אדר תשפו
01/03/2026,יב אדר תשפו
02/03/2026,יג אדר תשפו
03/03/2026,יד אדר תשפו
04/03/2026,טו אדר תשפו
05/03/2026,טז אדר תשפו
06/03/2026,יז אדר תשפו
07/03/2026,יח אדר תשפו
08/03/2026,יט אדר תשפו
09/03/2026,כ אדר תשפו
10/03/2026,כא אדר תשפו
11/03/2026,כב אדר תשפו
12/03/2026,כג אדר תשפו
13/03/2026,כד אדר תשפו
14/03/2026,כה אדר תשפו
15/03/2026,כו אדר תשפו
16/03/2026,כז אדר תשפו
17/03/2026,כח אדר תשפו
18/03/2026,כט אדר תשפו
19/03/2026,א ניסן תשפו
20/03/2026,ב ניסן תשפו
21/03/2026,ג ניסן תשפו
22/03/2026,ד ניסן תשפו
23/03/2026,ה ניסן תשפו
24/03/2026,ו ניסן תשפו
25/03/2026,ז ניסן תשפו
26/03/2026,ח ניסן תשפו
27/03/2026,ט ניסן תשפו
28/03/2026,י ניסן תשפו
29/03/2026,יא ניסן תשפו
30/03/2026,יב ניסן תשפו
31/03/2026,יג ניסן תשפו
01/04/2026,יד ניסן תשפו
02/04/2026,טו ניסן תשפו
03/04/2026,טז ניסן תשפו
04/04/2026,יז ניסן תשפו
05/04/2026,יח ניסן תשפו
06/04/2026,יט ניסן תשפו
07/04/2026,כ ניסן תשפו
08/04/2026,כא ניסן תשפו
09/04/2026,כב ניסן תשפו
10/04/2026,כג ניסן תשפו
11/04/2026,כד ניסן תשפו
12/04/2026,כה ניסן תשפו
13/04/2026,כו ניסן תשפו
14/04/2026,כז ניסן תשפו
15/04/2026,כח ניסן תשפו
16/04/2026,כט ניסן תשפו
17/04/2026,ל ניסן תשפו
18/04/2026,א אייר תשפו
19/04/2026,ב אייר תשפו
20/04/2026,ג אייר תשפו
21/04/2026,ד אייר תשפו
22/04/2026,ה אייר תשפו
23/04/2026,ו אייר תשפו
24/04/2026,ז אייר תשפו
25/04/2026,ח אייר תשפו
26/04/2026,ט אייר תשפו
27/04/2026,י אייר תשפו
28/04/2026,יא אייר תשפו
29/04/2026,יב אייר תשפו
30/04/2026,יג אייר תשפו
01/05/2026,יד אייר תשפו
02/05/2026,טו אייר תשפו
03/05/2026,טז אייר תשפו
04/05/2026,יז אייר תשפו
05/05/2026,יח אייר תשפו
06/05/2026,יט אייר תשפו
07/05/2026,כ אייר תשפו
08/05/2026,כא אייר תשפו
09/05/2026,כב אייר תשפו
10/05/2026,כג אייר תשפו
11/05/2026,כד אייר תשפו
12/05/2026,כה אייר תשפו
13/05/2026,כו אייר תשפו
14/05/2026,כז אייר תשפו
15/05/2026,כח אייר תשפו
16/05/2026,כט אייר תשפו
17/05/2026,א סיון תשפו
18/05/2026,ב סיון תשפו
19/05/2026,ג סיון תשפו
20/05/2026,ד סיון תשפו
21/05/2026,ה סיון תשפו
22/05/2026,ו סיון תשפו
23/05/2026,ז סיון תשפו
24/05/2026,ח סיון תשפו
25/05/2026,ט סיון תשפו
26/05/2026,י סיון תשפו
27/05/2026,יא סיון תשפו
28/05/2026,יב סיון תשפו
29/05/2026,יג סיון תשפו
30/05/2026,יד סיון תשפו
31/05/2026,טו סיון תשפו
01/06/2026,טז סיון תשפו
02/06/2026,יז סיון תשפו
03/06/2026,יח סיון תשפו
04/06/2026,יט סיון תשפו
05/06/2026,כ סיון תשפו
06/06/2026,כא סיון תשפו
07/06/2026,כב סיון תשפו
08/06/2026,כג סיון תשפו
09/06/2026,כד סיון תשפו
10/06/2026,כה סיון תשפו
11/06/2026,כו סיון תשפו
12/06/2026,כז סיון תשפו
13/06/2026,כח סיון תשפו
14/06/2026,כט סיון תשפו
15/06/2026,ל סיון תשפו
16/06/2026,א תמוז תשפו
17/06/2026,ב תמוז תשפו
18/06/2026,ג תמוז תשפו
19/06/2026,ד תמוז תשפו
20/06/2026,ה תמוז תשפו
21/06/2026,ו תמוז תשפו
22/06/2026,ז תמוז תשפו
23/06/2026,ח תמוז תשפו
24/06/2026,ט תמוז תשפו
25/06/2026,י תמוז תשפו
26/06/2026,יא תמוז תשפו
27/06/2026,יב תמוז תשפו
28/06/2026,יג תמוז תשפו
29/06/2026,יד תמוז תשפו
30/06/2026,טו תמוז תשפו
01/07/2026,טז תמוז תשפו
02/07/2026,יז תמוז תשפו
03/07/2026,יח תמוז תשפו
04/07/2026,יט תמוז תשפו
05/07/2026,כ תמוז תשפו
06/07/2026,כא תמוז תשפו
07/07/2026,כב תמוז תשפו
08/07/2026,כג תמוז תשפו
09/07/2026,כד תמוז תשפו
10/07/2026,כה תמוז תשפו
11/07/2026,כו תמוז תשפו
12/07/2026,כז תמוז תשפו
13/07/2026,כח תמוז תשפו
14/07/2026,כט תמוז תשפו
15/07/2026,א אב תשפו
16/07/2026,ב אב תשפו
17/07/2026,ג אב תשפו
18/07/2026,ד אב תשפו
19/07/2026,ה אב תשפו
20/07/2026,ו אב תשפו
21/07/2026,ז אב תשפו
22/07/2026,ח אב תשפו
23/07/2026,ט אב תשפו
24/07/2026,י אב תשפו
25/07/2026,יא אב תשפו
26/07/2026,יב אב תשפו
27/07/2026,יג אב תשפו
28/07/2026,יד אב תשפו
29/07/2026,טו אב תשפו
30/07/2026,טז אב תשפו
31/07/2026,יז אב תשפו
01/08/2026,יח אב תשפו
02/08/2026,יט אב תשפו
03/08/2026,כ אב תשפו
04/08/2026,כא אב תשפו
05/08/2026,כב אב תשפו
06/08/2026,כג אב תשפו
07/08/2026,כד אב תשפו
08/08/2026,כה אב תשפו
09/08/2026,כו אב תשפו
10/08/2026,כז אב תשפו
11/08/2026,כח אב תשפו
12/08/2026,כט אב תשפו
13/08/2026,ל אב תשפו
14/08/2026,א אלול תשפו
15/08/2026,ב אלול תשפו
16/08/2026,ג אלול תשפו
17/08/2026,ד אלול תשפו
18/08/2026,ה אלול תשפו
19/08/2026,ו אלול תשפו
20/08/2026,ז אלול תשפו
21/08/2026,ח אלול תשפו
22/08/2026,ט אלול תשפו
23/08/2026,י אלול תשפו
24/08/2026,יא אלול תשפו
25/08/2026,יב אלול תשפו
26/08/2026,יג אלול תשפו
27/08/2026,יד אלול תשפו
28/08/2026,טו אלול תשפו
29/08/2026,טז אלול תשפו
30/08/2026,יז אלול תשפו
31/08/2026,יח אלול תשפו
01/09/2026,יט אלול תשפו
02/09/2026,כ אלול תשפו
03/09/2026,כא אלול תשפו
04/09/2026,כב אלול תשפו
05/09/2026,כג אלול תשפו
06/09/2026,כד אלול תשפו
07/09/2026,כה אלול תשפו
08/09/2026,כו אלול תשפו
09/09/2026,כז אלול תשפו
10/09/2026,כח אלול תשפו
11/09/2026,כט אלול תשפו
12/09/2026,א תשרי תשפז
13/09/2026,ב תשרי תשפז
14/09/2026,ג תשרי תשפז
15/09/2026,ד תשרי תשפז
16/09/2026,ה תשרי תשפז
17/09/2026,ו תשרי תשפז
18/09/2026,ז תשרי תשפז
19/09/2026,ח תשרי תשפז
20/09/2026,ט תשרי תשפז
21/09/2026,י תשרי תשפז
22/09/2026,יא תשרי תשפז
23/09/2026,יב תשרי תשפז
24/09/2026,יג תשרי תשפז
25/09/2026,יד תשרי תשפז
26/09/2026,טו תשרי תשפז
27/09/2026,טז תשרי תשפז
28/09/2026,יז תשרי תשפז
29/09/2026,יח תשרי תשפז
30/09/2026,יט תשרי תשפז
01/10/2026,כ תשרי תשפז
02/10/2026,כא תשרי תשפז
03/10/2026,כב תשרי תשפז
04/10/2026,כג תשרי תשפז
05/10/2026,כד תשרי תשפז
06/10/2026,כה תשרי תשפז
07/10/2026,כו תשרי תשפז
08/10/2026,כז תשרי תשפז
09/10/2026,כח תשרי תשפז
10/10/2026,כט תשרי תשפז
11/10/2026,ל תשרי תשפז
12/10/2026,א חשון תשפז
13/10/2026,ב חשון תשפז
14/10/2026,ג חשון תשפז
15/10/2026,ד חשון תשפז
16/10/2026,ה חשון תשפז
17/10/2026,ו חשון תשפז
18/10/2026,ז חשון תשפז
19/10/2026,ח חשון תשפז
20/10/2026,ט חשון תשפז
21/10/2026,י חשון תשפז
22/10/2026,יא חשון תשפז
23/10/2026,יב חשון תשפז
24/10/2026,יג חשון תשפז
25/10/2026,יד חשון תשפז
26/10/2026,טו חשון תשפז
27/10/2026,טז חשון תשפז
28/10/2026,יז חשון תשפז
29/10/2026,יח חשון תשפז
30/10/2026,יט חשון תשפז
31/10/2026,כ חשון תשפז
01/11/2026,כא חשון תשפז
02/11/2026,כב חשון תשפז
03/11/2026,כג חשון תשפז
04/11/2026,כד חשון תשפז
05/11/2026,כה חשון תשפז
06/11/2026,כו חשון תשפז
07/11/2026,כז חשון תשפז
08/11/2026,כח חשון תשפז
09/11/2026,כט חשון תשפז
10/11/2026,ל חשון תשפז
11/11/2026,א כסלו תשפז
12/11/2026,ב כסלו תשפז
13/11/2026,ג כסלו תשפז
14/11/2026,ד כסלו תשפז
15/11/2026,ה כסלו תשפז
16/11/2026,ו כסלו תשפז
17/11/2026,ז כסלו תשפז
18/11/2026,ח כסלו תשפז
19/11/2026,ט כסלו תשפז
20/11/2026,י כסלו תשפז
21/11/2026,יא כסלו תשפז
22/11/2026,יב כסלו תשפז
23/11/2026,יג כסלו תשפז
24/11/2026,יד כסלו תשפז
25/11/2026,טו כסלו תשפז
26/11/2026,טז כסלו תשפז
27/11/2026,יז כסלו תשפז
28/11/2026,יח כסלו תשפז
29/11/2026,יט כסלו תשפז
30/11/2026,כ כסלו תשפז
01/12/2026,כא כסלו תשפז
02/12/2026,כב כסלו תשפז
03/12/2026,כג כסלו תשפז
04/12/2026,כד כסלו תשפז
05/12/2026,כה כסלו תשפז
06/12/2026,כו כסלו תשפז
07/12/2026,כז כסלו תשפז
08/12/2026,כח כסלו תשפז
09/12/2026,כט כסלו תשפז
10/12/2026,ל כסלו תשפז
11/12/2026,א טבת תשפז
12/12/2026,ב טבת תשפז
13/12/2026,ג טבת תשפז
14/12/2026,ד טבת תשפז
15/12/2026,ה טבת תשפז
16/12/2026,ו טבת תשפז
17/12/2026,ז טבת תשפז
18/12/2026,ח טבת תשפז
19/12/2026,ט טבת תשפז
20/12/2026,י טבת תשפז
21/12/2026,יא טבת תשפז
22/12/2026,יב טבת תשפז
23/12/2026,יג טבת תשפז
24/12/2026,יד טבת תשפז
25/12/2026,טו טבת תשפז
26/12/2026,טז טבת תשפז
27/12/2026,יז טבת תשפז
28/12/2026,יח טבת תשפז
29/12/2026,יט טבת תשפז
30/12/2026,כ טבת תשפז
31/12/2026,כא טבת תשפז
01/01/2027,כב טבת תשפז
02/01/2027,כג טבת תשפז
03/01/2027,כד טבת תשפז
04/01/2027,כה טבת תשפז
05/01/2027,כו טבת תשפז
06/01/2027,כז טבת תשפז
07/01/2027,כח טבת תשפז
08/01/2027,כט טבת תשפז
09/01/2027,א שבט תשפז
10/01/2027,ב שבט תשפז
11/01/2027,ג שבט תשפז
12/01/2027,ד שבט תשפז
13/01/2027,ה שבט תשפז
14/01/2027,ו שבט תשפז
15/01/2027,ז שבט תשפז
16/01/2027,ח שבט תשפז
17/01/2027,ט שבט תשפז
18/01/2027,י שבט תשפז
19/01/2027,יא שבט תשפז
20/01/2027,יב שבט תשפז
21/01/2027,יג שבט תשפז
22/01/2027,יד שבט תשפז
23/01/2027,טו שבט תשפז
24/01/2027,טז שבט תשפז
25/01/2027,יז שבט תשפז
26/01/2027,יח שבט תשפז
27/01/2027,יט שבט תשפז
28/01/2027,כ שבט תשפז
29/01/2027,כא שבט תשפז
30/01/2027,כב שבט תשפז
31/01/2027,כג שבט תשפז
01/02/2027,כד שבט תשפז
02/02/2027,כה שבט תשפז
03/02/2027,כו שבט תשפז
04/02/2027,כז שבט תשפז
05/02/2027,כח שבט תשפז
06/02/2027,כט שבט תשפז
07/02/2027,ל שבט תשפז
08/02/2027,א אדר-א תשפז
09/02/2027,ב אדר-א תשפז
10/02/2027,ג אדר-א תשפז
11/02/2027,ד אדר-א תשפז
12/02/2027,ה אדר-א תשפז
13/02/2027,ו אדר-א תשפז
14/02/2027,ז אדר-א תשפז
15/02/2027,ח אדר-א תשפז
16/02/2027,ט אדר-א תשפז
17/02/2027,י אדר-א תשפז
18/02/2027,יא אדר-א תשפז
19/02/2027,יב אדר-א תשפז
20/02/2027,יג אדר-א תשפז
21/02/2027,יד אדר-א תשפז
22/02/2027,טו אדר-א תשפז
23/02/2027,טז אדר-א תשפז
24/02/2027,יז אדר-א תשפז
25/02/2027,יח אדר-א תשפז
26/02/2027,יט אדר-א תשפז
27/02/2027,כ אדר-א תשפז
28/02/2027,כא אדר-א תשפז
01/03/2027,כב אדר-א תשפז
02/03/2027,כג אדר-א תשפז
03/03/2027,כד אדר-א תשפז
04/03/2027,כה אדר-א תשפז
05/03/2027,כו אדר-א תשפז
06/03/2027,כז אדר-א תשפז
07/03/2027,כח אדר-א תשפז
08/03/2027,כט אדר-א תשפז
09/03/2027,ל אדר-א תשפז
10/03/2027,א אדר-ב תשפז
11/03/2027,ב אדר-ב תשפז
12/03/2027,ג אדר-ב תשפז
13/03/2027,ד אדר-ב תשפז
14/03/2027,ה אדר-ב תשפז
15/03/2027,ו אדר-ב תשפז
16/03/2027,ז אדר-ב תשפז
17/03/2027,ח אדר-ב תשפז
18/03/2027,ט אדר-ב תשפז
19/03/2027,י אדר-ב תשפז
20/03/2027,יא אדר-ב תשפז
21/03/2027,יב אדר-ב תשפז
22/03/2027,יג אדר-ב תשפז
23/03/2027,יד אדר-ב תשפז
24/03/2027,טו אדר-ב תשפז
25/03/2027,טז אדר-ב תשפז
26/03/2027,יז אדר-ב תשפז
27/03/2027,יח אדר-ב תשפז
28/03/2027,יט אדר-ב תשפז
29/03/2027,כ אדר-ב תשפז
30/03/2027,כא אדר-ב תשפז
31/03/2027,כב אדר-ב תשפז
01/04/2027,כג אדר-ב תשפז
02/04/2027,כד אדר-ב תשפז
03/04/2027,כה אדר-ב תשפז
04/04/2027,כו אדר-ב תשפז
05/04/2027,כז אדר-ב תשפז
06/04/2027,כח אדר-ב תשפז
07/04/2027,כט אדר-ב תשפז
08/04/2027,א ניסן תשפז
09/04/2027,ב ניסן תשפז
10/04/2027,ג ניסן תשפז
11/04/2027,ד ניסן תשפז
12/04/2027,ה ניסן תשפז
13/04/2027,ו ניסן תשפז
14/04/2027,ז ניסן תשפז
15/04/2027,ח ניסן תשפז
16/04/2027,ט ניסן תשפז
17/04/2027,י ניסן תשפז
18/04/2027,יא ניסן תשפז
19/04/2027,יב ניסן תשפז
20/04/2027,יג ניסן תשפז
21/04/2027,יד ניסן תשפז
22/04/2027,טו ניסן תשפז
23/04/2027,טז ניסן תשפז
24/04/2027,יז ניסן תשפז
25/04/2027,יח ניסן תשפז
26/04/2027,יט ניסן תשפז
27/04/2027,כ ניסן תשפז
28/04/2027,כא ניסן תשפז
29/04/2027,כב ניסן תשפז
30/04/2027,כג ניסן תשפז
01/05/2027,כד ניסן תשפז
02/05/2027,כה ניסן תשפז
03/05/2027,כו ניסן תשפז
04/05/2027,כז ניסן תשפז
05/05/2027,כח ניסן תשפז
06/05/2027,כט ניסן תשפז
07/05/2027,ל ניסן תשפז
08/05/2027,א אייר תשפז
09/05/2027,ב אייר תשפז
10/05/2027,ג אייר תשפז
11/05/2027,ד אייר תשפז
12/05/2027,ה אייר תשפז
13/05/2027,ו אייר תשפז
14/05/2027,ז אייר תשפז
15/05/2027,ח אייר תשפז
16/05/2027,ט אייר תשפז
17/05/2027,י אייר תשפז
18/05/2027,יא אייר תשפז
19/05/2027,יב אייר תשפז
20/05/2027,יג אייר תשפז
21/05/2027,יד אייר תשפז
22/05/2027,טו אייר תשפז
23/05/2027,טז אייר תשפז
24/05/2027,יז אייר תשפז
25/05/2027,יח אייר תשפז
26/05/2027,יט אייר תשפז
27/05/2027,כ אייר תשפז
28/05/2027,כא אייר תשפז
29/05/2027,כב אייר תשפז
30/05/2027,כג אייר תשפז
31/05/2027,כד אייר תשפז
01/06/2027,כה אייר תשפז
02/06/2027,כו אייר תשפז
03/06/2027,כז אייר תשפז
04/06/2027,כח אייר תשפז
05/06/2027,כט אייר תשפז
06/06/2027,א סיון תשפז
07/06/2027,ב סיון תשפז
08/06/2027,ג סיון תשפז
09/06/2027,ד סיון תשפז
10/06/2027,ה סיון תשפז
11/06/2027,ו סיון תשפז
12/06/2027,ז סיון תשפז
13/06/2027,ח סיון תשפז
14/06/2027,ט סיון תשפז
15/06/2027,י סיון תשפז
16/06/2027,יא סיון תשפז
17/06/2027,יב סיון תשפז
18/06/2027,יג סיון תשפז
19/06/2027,יד סיון תשפז
20/06/2027,טו סיון תשפז
21/06/2027,טז סיון תשפז
22/06/2027,יז סיון תשפז
23/06/2027,יח סיון תשפז
24/06/2027,יט סיון תשפז
25/06/2027,כ סיון תשפז
26/06/2027,כא סיון תשפז
27/06/2027,כב סיון תשפז
28/06/2027,כג סיון תשפז
29/06/2027,כד סיון תשפז
30/06/2027,כה סיון תשפז
01/07/2027,כו סיון תשפז
02/07/2027,כז סיון תשפז
03/07/2027,כח סיון תשפז
04/07/2027,כט סיון תשפז
05/07/2027,ל סיון תשפז
06/07/2027,א תמוז תשפז
07/07/2027,ב תמוז תשפז
08/07/2027,ג תמוז תשפז
09/07/2027,ד תמוז תשפז
10/07/2027,ה תמוז תשפז
11/07/2027,ו תמוז תשפז
12/07/2027,ז תמוז תשפז
13/07/2027,ח תמוז תשפז
14/07/2027,ט תמוז תשפז
15/07/2027,י תמוז תשפז
16/07/2027,יא תמוז תשפז
17/07/2027,יב תמוז תשפז
18/07/2027,יג תמוז תשפז
19/07/2027,יד תמוז תשפז
20/07/2027,טו תמוז תשפז
21/07/2027,טז תמוז תשפז
22/07/2027,יז תמוז תשפז
23/07/2027,יח תמוז תשפז
24/07/2027,יט תמוז תשפז
25/07/2027,כ תמוז תשפז
26/07/2027,כא תמוז תשפז
27/07/2027,כב תמוז תשפז
28/07/2027,כג תמוז תשפז
29/07/2027,כד תמוז תשפז
30/07/2027,כה תמוז תשפז
31/07/2027,כו תמוז תשפז
01/08/2027,כז תמוז תשפז
02/08/2027,כח תמוז תשפז
03/08/2027,כט תמוז תשפז
04/08/2027,א אב תשפז
05/08/2027,ב אב תשפז
06/08/2027,ג אב תשפז
07/08/2027,ד אב תשפז
08/08/2027,ה אב תשפז
09/08/2027,ו אב תשפז
10/08/2027,ז אב תשפז
11/08/2027,ח אב תשפז
12/08/2027,ט אב תשפז
13/08/2027,י אב תשפז
14/08/2027,יא אב תשפז
15/08/2027,יב אב תשפז
16/08/2027,יג אב תשפז
17/08/2027,יד אב תשפז
18/08/2027,טו אב תשפז
19/08/2027,טז אב תשפז
20/08/2027,יז אב תשפז
21/08/2027,יח אב תשפז
22/08/2027,יט אב תשפז
23/08/2027,כ אב תשפז
24/08/2027,כא אב תשפז
25/08/2027,כב אב תשפז
26/08/2027,כג אב תשפז
27/08/2027,כד אב תשפז
28/08/2027,כה אב תשפז
29/08/2027,כו אב תשפז
30/08/2027,כז אב תשפז
31/08/2027,כח אב תשפז
01/09/2027,כט אב תשפז
02/09/2027,ל אב תשפז
03/09/2027,א אלול תשפז
04/09/2027,ב אלול תשפז
05/09/2027,ג אלול תשפז
06/09/2027,ד אלול תשפז
07/09/2027,ה אלול תשפז
08/09/2027,ו אלול תשפז
09/09/2027,ז אלול תשפז
10/09/2027,ח אלול תשפז
11/09/2027,ט אלול תשפז
12/09/2027,י אלול תשפז
13/09/2027,יא אלול תשפז
14/09/2027,יב אלול תשפז
15/09/2027,יג אלול תשפז
16/09/2027,יד אלול תשפז
17/09/2027,טו אלול תשפז
18/09/2027,טז אלול תשפז
19/09/2027,יז אלול תשפז
20/09/2027,יח אלול תשפז
21/09/2027,יט אלול תשפז
22/09/2027,כ אלול תשפז
23/09/2027,כא אלול תשפז
24/09/2027,כב אלול תשפז
25/09/2027,כג אלול תשפז
26/09/2027,כד אלול תשפז
27/09/2027,כה אלול תשפז
28/09/2027,כו אלול תשפז
29/09/2027,כז אלול תשפז
30/09/2027,כח אלול תשפז
01/10/2027,כט אלול תשפז
02/10/2027,א תשרי תשפח
03/10/2027,ב תשרי תשפח
04/10/2027,ג תשרי תשפח
05/10/2027,ד תשרי תשפח
06/10/2027,ה תשרי תשפח
07/10/2027,ו תשרי תשפח
08/10/2027,ז תשרי תשפח
09/10/2027,ח תשרי תשפח
10/10/2027,ט תשרי תשפח
11/10/2027,י תשרי תשפח
12/10/2027,יא תשרי תשפח
13/10/2027,יב תשרי תשפח
14/10/2027,יג תשרי תשפח
15/10/2027,יד תשרי תשפח
16/10/2027,טו תשרי תשפח
17/10/2027,טז תשרי תשפח
18/10/2027,יז תשרי תשפח
19/10/2027,יח תשרי תשפח
20/10/2027,יט תשרי תשפח
21/10/2027,כ תשרי תשפח
22/10/2027,כא תשרי תשפח
23/10/2027,כב תשרי תשפח
24/10/2027,כג תשרי תשפח
25/10/2027,כד תשרי תשפח
26/10/2027,כה תשרי תשפח
27/10/2027,כו תשרי תשפח
28/10/2027,כז תשרי תשפח
29/10/2027,כח תשרי תשפח
30/10/2027,כט תשרי תשפח
31/10/2027,ל תשרי תשפח
01/11/2027,א חשון תשפח
02/11/2027,ב חשון תשפח
03/11/2027,ג חשון תשפח
04/11/2027,ד חשון תשפח
05/11/2027,ה חשון תשפח
06/11/2027,ו חשון תשפח
07/11/2027,ז חשון תשפח
08/11/2027,ח חשון תשפח
09/11/2027,ט חשון תשפח
10/11/2027,י חשון תשפח
11/11/2027,יא חשון תשפח
12/11/2027,יב חשון תשפח
13/11/2027,יג חשון תשפח
14/11/2027,יד חשון תשפח
15/11/2027,טו חשון תשפח
16/11/2027,טז חשון תשפח
17/11/2027,יז חשון תשפח
18/11/2027,יח חשון תשפח
19/11/2027,יט חשון תשפח
20/11/2027,כ חשון תשפח
21/11/2027,כא חשון תשפח
22/11/2027,כב חשון תשפח
23/11/2027,כג חשון תשפח
24/11/2027,כד חשון תשפח
25/11/2027,כה חשון תשפח
26/11/2027,כו חשון תשפח
27/11/2027,כז חשון תשפח
28/11/2027,כח חשון תשפח
29/11/2027,כט חשון תשפח
30/11/2027,ל חשון תשפח
01/12/2027,א כסלו תשפח
02/12/2027,ב כסלו תשפח
03/12/2027,ג כסלו תשפח
04/12/2027,ד כסלו תשפח
05/12/2027,ה כסלו תשפח
06/12/2027,ו כסלו תשפח
07/12/2027,ז כסלו תשפח
08/12/2027,ח כסלו תשפח
09/12/2027,ט כסלו תשפח
10/12/2027,י כסלו תשפח
11/12/2027,יא כסלו תשפח
12/12/2027,יב כסלו תשפח
13/12/2027,יג כסלו תשפח
14/12/2027,יד כסלו תשפח
15/12/2027,טו כסלו תשפח
16/12/2027,טז כסלו תשפח
17/12/2027,יז כסלו תשפח
18/12/2027,יח כסלו תשפח
19/12/2027,יט כסלו תשפח
20/12/2027,כ כסלו תשפח
21/12/2027,כא כסלו תשפח
22/12/2027,כב כסלו תשפח
23/12/2027,כג כסלו תשפח
24/12/2027,כד כסלו תשפח
25/12/2027,כה כסלו תשפח
26/12/2027,כו כסלו תשפח
27/12/2027,כז כסלו תשפח
28/12/2027,כח כסלו תשפח
29/12/2027,כט כסלו תשפח
30/12/2027,ל כסלו תשפח
31/12/2027,א טבת תשפח
01/01/2028,ב טבת תשפח
02/01/2028,ג טבת תשפח
03/01/2028,ד טבת תשפח
04/01/2028,ה טבת תשפח
05/01/2028,ו טבת תשפח
06/01/2028,ז טבת תשפח
07/01/2028,ח טבת תשפח
08/01/2028,ט טבת תשפח
09/01/2028,י טבת תשפח
10/01/2028,יא טבת תשפח
11/01/2028,יב טבת תשפח
12/01/2028,יג טבת תשפח
13/01/2028,יד טבת תשפח
14/01/2028,טו טבת תשפח
15/01/2028,טז טבת תשפח
16/01/2028,יז טבת תשפח
17/01/2028,יח טבת תשפח
18/01/2028,יט טבת תשפח
19/01/2028,כ טבת תשפח
20/01/2028,כא טבת תשפח
21/01/2028,כב טבת תשפח
22/01/2028,כג טבת תשפח
23/01/2028,כד טבת תשפח
24/01/2028,כה טבת תשפח
25/01/2028,כו טבת תשפח
26/01/2028,כז טבת תשפח
27/01/2028,כח טבת תשפח
28/01/2028,כט טבת תשפח
29/01/2028,א שבט תשפח
30/01/2028,ב שבט תשפח
31/01/2028,ג שבט תשפח
01/02/2028,ד שבט תשפח
02/02/2028,ה שבט תשפח
03/02/2028,ו שבט תשפח
04/02/2028,ז שבט תשפח
05/02/2028,ח שבט תשפח
06/02/2028,ט שבט תשפח
07/02/2028,י שבט תשפח
08/02/2028,יא שבט תשפח
09/02/2028,יב שבט תשפח
10/02/2028,יג שבט תשפח
11/02/2028,יד שבט תשפח
12/02/2028,טו שבט תשפח
13/02/2028,טז שבט תשפח
14/02/2028,יז שבט תשפח
15/02/2028,יח שבט תשפח
16/02/2028,יט שבט תשפח
17/02/2028,כ שבט תשפח
18/02/2028,כא שבט תשפח
19/02/2028,כב שבט תשפח
20/02/2028,כג שבט תשפח
21/02/2028,כד שבט תשפח
22/02/2028,כה שבט תשפח
23/02/2028,כו שבט תשפח
24/02/2028,כז שבט תשפח
25/02/2028,כח שבט תשפח
26/02/2028,כט שבט תשפח
27/02/2028,ל שבט תשפח
28/02/2028,א אדר תשפח
29/02/2028,ב אדר תשפח
01/03/2028,ג אדר תשפח
02/03/2028,ד אדר תשפח
03/03/2028,ה אדר תשפח
04/03/2028,ו אדר תשפח
05/03/2028,ז אדר תשפח
06/03/2028,ח אדר תשפח
07/03/2028,ט אדר תשפח
08/03/2028,י אדר תשפח
09/03/2028,יא אדר תשפח
10/03/2028,יב אדר תשפח
11/03/2028,יג אדר תשפח
12/03/2028,יד אדר תשפח
13/03/2028,טו אדר תשפח
14/03/2028,טז אדר תשפח
15/03/2028,יז אדר תשפח
16/03/2028,יח אדר תשפח
17/03/2028,יט אדר תשפח
18/03/2028,כ אדר תשפח
19/03/2028,כא אדר תשפח
20/03/2028,כב אדר תשפח
21/03/2028,כג אדר תשפח
22/03/2028,כד אדר תשפח
23/03/2028,כה אדר תשפח
24/03/2028,כו אדר תשפח
25/03/2028,כז אדר תשפח
26/03/2028,כח אדר תשפח
27/03/2028,כט אדר תשפח
28/03/2028,א ניסן תשפח
29/03/2028,ב ניסן תשפח
30/03/2028,ג ניסן תשפח
31/03/2028,ד ניסן תשפח
01/04/2028,ה ניסן תשפח
02/04/2028,ו ניסן תשפח
03/04/2028,ז ניסן תשפח
04/04/2028,ח ניסן תשפח
05/04/2028,ט ניסן תשפח
06/04/2028,י ניסן תשפח
07/04/2028,יא ניסן תשפח
08/04/2028,יב ניסן תשפח
09/04/2028,יג ניסן תשפח
10/04/2028,יד ניסן תשפח
11/04/2028,טו ניסן תשפח
12/04/2028,טז ניסן תשפח
13/04/2028,יז ניסן תשפח
14/04/2028,יח ניסן תשפח
15/04/2028,יט ניסן תשפח
16/04/2028,כ ניסן תשפח
17/04/2028,כא ניסן תשפח
18/04/2028,כב ניסן תשפח
19/04/2028,כג ניסן תשפח
20/04/2028,כד ניסן תשפח
21/04/2028,כה ניסן תשפח
22/04/2028,כו ניסן תשפח
23/04/2028,כז ניסן תשפח
24/04/2028,כח ניסן תשפח
25/04/2028,כט ניסן תשפח
26/04/2028,ל ניסן תשפח
27/04/2028,א אייר תשפח
28/04/2028,ב אייר תשפח
29/04/2028,ג אייר תשפח
30/04/2028,ד אייר תשפח
01/05/2028,ה אייר תשפח
02/05/2028,ו אייר תשפח
03/05/2028,ז אייר תשפח
04/05/2028,ח אייר תשפח
05/05/2028,ט אייר תשפח
06/05/2028,י אייר תשפח
07/05/2028,יא אייר תשפח
08/05/2028,יב אייר תשפח
09/05/2028,יג אייר תשפח
10/05/2028,יד אייר תשפח
11/05/2028,טו אייר תשפח
12/05/2028,טז אייר תשפח
13/05/2028,יז אייר תשפח
14/05/2028,יח אייר תשפח
15/05/2028,יט אייר תשפח
16/05/2028,כ אייר תשפח
17/05/2028,כא אייר תשפח
18/05/2028,כב אייר תשפח
19/05/2028,כג אייר תשפח
20/05/2028,כד אייר תשפח
21/05/2028,כה אייר תשפח
22/05/2028,כו אייר תשפח
23/05/2028,כז אייר תשפח
24/05/2028,כח אייר תשפח
25/05/2028,כט אייר תשפח
26/05/2028,א סיון תשפח
27/05/2028,ב סיון תשפח
28/05/2028,ג סיון תשפח
29/05/2028,ד סיון תשפח
30/05/2028,ה סיון תשפח
31/05/2028,ו סיון תשפח
01/06/2028,ז סיון תשפח
02/06/2028,ח סיון תשפח
03/06/2028,ט סיון תשפח
04/06/2028,י סיון תשפח
05/06/2028,יא סיון תשפח
06/06/2028,יב סיון תשפח
07/06/2028,יג סיון תשפח
08/06/2028,יד סיון תשפח
09/06/2028,טו סיון תשפח
10/06/2028,טז סיון תשפח
11/06/2028,יז סיון תשפח
12/06/2028,יח סיון תשפח
13/06/2028,יט סיון תשפח
14/06/2028,כ סיון תשפח
15/06/2028,כא סיון תשפח
16/06/2028,כב סיון תשפח
17/06/2028,כג סיון תשפח
18/06/2028,כד סיון תשפח
19/06/2028,כה סיון תשפח
20/06/2028,כו סיון תשפח
21/06/2028,כז סיון תשפח
22/06/2028,כח סיון תשפח
23/06/2028,כט סיון תשפח
24/06/2028,ל סיון תשפח
25/06/2028,א תמוז תשפח
26/06/2028,ב תמוז תשפח
27/06/2028,ג תמוז תשפח
28/06/2028,ד תמוז תשפח
29/06/2028,ה תמוז תשפח
30/06/2028,ו תמוז תשפח
01/07/2028,ז תמוז תשפח
02/07/2028,ח תמוז תשפח
03/07/2028,ט תמוז תשפח
04/07/2028,י תמוז תשפח
05/07/2028,יא תמוז תשפח
06/07/2028,יב תמוז תשפח
07/07/2028,יג תמוז תשפח
08/07/2028,יד תמוז תשפח
09/07/2028,טו תמוז תשפח
10/07/2028,טז תמוז תשפח
11/07/2028,יז תמוז תשפח
12/07/2028,יח תמוז תשפח
13/07/2028,יט תמוז תשפח
14/07/2028,כ תמוז תשפח
15/07/2028,כא תמוז תשפח
16/07/2028,כב תמוז תשפח
17/07/2028,כג תמוז תשפח
18/07/2028,כד תמוז תשפח
19/07/2028,כה תמוז תשפח
20/07/2028,כו תמוז תשפח
21/07/2028,כז תמוז תשפח
22/07/2028,כח תמוז תשפח
23/07/2028,כט תמוז תשפח
24/07/2028,א אב תשפח
25/07/2028,ב אב תשפח
26/07/2028,ג אב תשפח
27/07/2028,ד אב תשפח
28/07/2028,ה אב תשפח
29/07/2028,ו אב תשפח
30/07/2028,ז אב תשפח
31/07/2028,ח אב תשפח
01/08/2028,ט אב תשפח
02/08/2028,י אב תשפח
03/08/2028,יא אב תשפח
04/08/2028,יב אב תשפח
05/08/2028,יג אב תשפח
06/08/2028,יד אב תשפח
07/08/2028,טו אב תשפח
08/08/2028,טז אב תשפח
09/08/2028,יז אב תשפח
10/08/2028,יח אב תשפח
11/08/2028,יט אב תשפח
12/08/2028,כ אב תשפח
13/08/2028,כא אב תשפח
14/08/2028,כב אב תשפח
15/08/2028,כג אב תשפח
16/08/2028,כד אב תשפח
17/08/2028,כה אב תשפח
18/08/2028,כו אב תשפח
19/08/2028,כז אב תשפח
20/08/2028,כח אב תשפח
21/08/2028,כט אב תשפח
22/08/2028,ל אב תשפח
23/08/2028,א אלול תשפח
24/08/2028,ב אלול תשפח
25/08/2028,ג אלול תשפח
26/08/2028,ד אלול תשפח
27/08/2028,ה אלול תשפח
28/08/2028,ו אלול תשפח
29/08/2028,ז אלול תשפח
30/08/2028,ח אלול תשפח
31/08/2028,ט אלול תשפח
01/09/2028,י אלול תשפח
02/09/2028,יא אלול תשפח
03/09/2028,יב אלול תשפח
04/09/2028,יג אלול תשפח
05/09/2028,יד אלול תשפח
06/09/2028,טו אלול תשפח
07/09/2028,טז אלול תשפח
08/09/2028,יז אלול תשפח
09/09/2028,יח אלול תשפח
10/09/2028,יט אלול תשפח
11/09/2028,כ אלול תשפח
12/09/2028,כא אלול תשפח
13/09/2028,כב אלול תשפח
14/09/2028,כג אלול תשפח
15/09/2028,כד אלול תשפח
16/09/2028,כה אלול תשפח
17/09/2028,כו אלול תשפח
18/09/2028,כז אלול תשפח
19/09/2028,כח אלול תשפח
20/09/2028,כט אלול תשפח
21/09/2028,א תשרי תשפט
22/09/2028,ב תשרי תשפט
23/09/2028,ג תשרי תשפט
24/09/2028,ד תשרי תשפט
25/09/2028,ה תשרי תשפט
26/09/2028,ו תשרי תשפט
27/09/2028,ז תשרי תשפט
28/09/2028,ח תשרי תשפט
29/09/2028,ט תשרי תשפט
30/09/2028,י תשרי תשפט
01/10/2028,יא תשרי תשפט
02/10/2028,יב תשרי תשפט
03/10/2028,יג תשרי תשפט
04/10/2028,יד תשרי תשפט
05/10/2028,טו תשרי תשפט
06/10/2028,טז תשרי תשפט
07/10/2028,יז תשרי תשפט
08/10/2028,יח תשרי תשפט
09/10/2028,יט תשרי תשפט
10/10/2028,כ תשרי תשפט
11/10/2028,כא תשרי תשפט
12/10/2028,כב תשרי תשפט
13/10/2028,כג תשרי תשפט
14/10/2028,כד תשרי תשפט
15/10/2028,כה תשרי תשפט
16/10/2028,כו תשרי תשפט
17/10/2028,כז תשרי תשפט
18/10/2028,כח תשרי תשפט
19/10/2028,כט תשרי תשפט
20/10/2028,ל תשרי תשפט
21/10/2028,א חשון תשפט
22/10/2028,ב חשון תשפט
23/10/2028,ג חשון תשפט
24/10/2028,ד חשון תשפט
25/10/2028,ה חשון תשפט
26/10/2028,ו חשון תשפט
27/10/2028,ז חשון תשפט
28/10/2028,ח חשון תשפט
29/10/2028,ט חשון תשפט
30/10/2028,י חשון תשפט
31/10/2028,יא חשון תשפט
01/11/2028,יב חשון תשפט
02/11/2028,יג חשון תשפט
03/11/2028,יד חשון תשפט
04/11/2028,טו חשון תשפט
05/11/2028,טז חשון תשפט
06/11/2028,יז חשון תשפט
07/11/2028,יח חשון תשפט
08/11/2028,יט חשון תשפט
09/11/2028,כ חשון תשפט
10/11/2028,כא חשון תשפט
11/11/2028,כב חשון תשפט
12/11/2028,כג חשון תשפט
13/11/2028,כד חשון תשפט
14/11/2028,כה חשון תשפט
15/11/2028,כו חשון תשפט
16/11/2028,כז חשון תשפט
17/11/2028,כח חשון תשפט
18/11/2028,כט חשון תשפט
19/11/2028,א כסלו תשפט
20/11/2028,ב כסלו תשפט
21/11/2028,ג כסלו תשפט
22/11/2028,ד כסלו תשפט
23/11/2028,ה כסלו תשפט
24/11/2028,ו כסלו תשפט
25/11/2028,ז כסלו תשפט
26/11/2028,ח כסלו תשפט
27/11/2028,ט כסלו תשפט
28/11/2028,י כסלו תשפט
29/11/2028,יא כסלו תשפט
30/11/2028,יב כסלו תשפט
01/12/2028,יג כסלו תשפט
02/12/2028,יד כסלו תשפט
03/12/2028,טו כסלו תשפט
04/12/2028,טז כסלו תשפט
05/12/2028,יז כסלו תשפט
06/12/2028,יח כסלו תשפט
07/12/2028,יט כסלו תשפט
08/12/2028,כ כסלו תשפט
09/12/2028,כא כסלו תשפט
10/12/2028,כב כסלו תשפט
11/12/2028,כג כסלו תשפט
12/12/2028,כד כסלו תשפט
13/12/2028,כה כסלו תשפט
14/12/2028,כו כסלו תשפט
15/12/2028,כז כסלו תשפט
16/12/2028,כח כסלו תשפט
17/12/2028,כט כסלו תשפט
18/12/2028,ל כסלו תשפט
19/12/2028,א טבת תשפט
20/12/2028,ב טבת תשפט
21/12/2028,ג טבת תשפט
22/12/2028,ד טבת תשפט
23/12/2028,ה טבת תשפט
24/12/2028,ו טבת תשפט
25/12/2028,ז טבת תשפט
26/12/2028,ח טבת תשפט
27/12/2028,ט טבת תשפט
28/12/2028,י טבת תשפט
29/12/2028,יא טבת תשפט
30/12/2028,יב טבת תשפט
31/12/2028,יג טבת תשפט
01/01/2029,יד טבת תשפט
02/01/2029,טו טבת תשפט
03/01/2029,טז טבת תשפט
04/01/2029,יז טבת תשפט
05/01/2029,יח טבת תשפט
06/01/2029,יט טבת תשפט
07/01/2029,כ טבת תשפט
08/01/2029,כא טבת תשפט
09/01/2029,כב טבת תשפט
10/01/2029,כג טבת תשפט
11/01/2029,כד טבת תשפט
12/01/2029,כה טבת תשפט
13/01/2029,כו טבת תשפט
14/01/2029,כז טבת תשפט
15/01/2029,כח טבת תשפט
16/01/2029,כט טבת תשפט
17/01/2029,א שבט תשפט
18/01/2029,ב שבט תשפט
19/01/2029,ג שבט תשפט
20/01/2029,ד שבט תשפט
21/01/2029,ה שבט תשפט
22/01/2029,ו שבט תשפט
23/01/2029,ז שבט תשפט
24/01/2029,ח שבט תשפט
25/01/2029,ט שבט תשפט
26/01/2029,י שבט תשפט
27/01/2029,יא שבט תשפט
28/01/2029,יב שבט תשפט
29/01/2029,יג שבט תשפט
30/01/2029,יד שבט תשפט
31/01/2029,טו שבט תשפט
01/02/2029,טז שבט תשפט
02/02/2029,יז שבט תשפט
03/02/2029,יח שבט תשפט
04/02/2029,יט שבט תשפט
05/02/2029,כ שבט תשפט
06/02/2029,כא שבט תשפט
07/02/2029,כב שבט תשפט
08/02/2029,כג שבט תשפט
09/02/2029,כד שבט תשפט
10/02/2029,כה שבט תשפט
11/02/2029,כו שבט תשפט
12/02/2029,כז שבט תשפט
13/02/2029,כח שבט תשפט
14/02/2029,כט שבט תשפט
15/02/2029,ל שבט תשפט
16/02/2029,א אדר תשפט
17/02/2029,ב אדר תשפט
18/02/2029,ג אדר תשפט
19/02/2029,ד אדר תשפט
20/02/2029,ה אדר תשפט
21/02/2029,ו אדר תשפט
22/02/2029,ז אדר תשפט
23/02/2029,ח אדר תשפט
24/02/2029,ט אדר תשפט
25/02/2029,י אדר תשפט
26/02/2029,יא אדר תשפט
27/02/2029,יב אדר תשפט
28/02/2029,יג אדר תשפט
01/03/2029,יד אדר תשפט
02/03/2029,טו אדר תשפט
03/03/2029,טז אדר תשפט
04/03/2029,יז אדר תשפט
05/03/2029,יח אדר תשפט
06/03/2029,יט אדר תשפט
07/03/2029,כ אדר תשפט
08/03/2029,כא אדר תשפט
09/03/2029,כב אדר תשפט
10/03/2029,כג אדר תשפט
11/03/2029,כד אדר תשפט
12/03/2029,כה אדר תשפט
13/03/2029,כו אדר תשפט
14/03/2029,כז אדר תשפט
15/03/2029,כח אדר תשפט
16/03/2029,כט אדר תשפט
17/03/2029,א ניסן תשפט
18/03/2029,ב ניסן תשפט
19/03/2029,ג ניסן תשפט
20/03/2029,ד ניסן תשפט
21/03/2029,ה ניסן תשפט
22/03/2029,ו ניסן תשפט
23/03/2029,ז ניסן תשפט
24/03/2029,ח ניסן תשפט
25/03/2029,ט ניסן תשפט
26/03/2029,י ניסן תשפט
27/03/2029,יא ניסן תשפט
28/03/2029,יב ניסן תשפט
29/03/2029,יג ניסן תשפט
30/03/2029,יד ניסן תשפט
31/03/2029,טו ניסן תשפט
01/04/2029,טז ניסן תשפט
02/04/2029,יז ניסן תשפט
03/04/2029,יח ניסן תשפט
04/04/2029,יט ניסן תשפט
05/04/2029,כ ניסן תשפט
06/04/2029,כא ניסן תשפט
07/04/2029,כב ניסן תשפט
08/04/2029,כג ניסן תשפט
09/04/2029,כד ניסן תשפט
10/04/2029,כה ניסן תשפט
11/04/2029,כו ניסן תשפט
12/04/2029,כז ניסן תשפט
13/04/2029,כח ניסן תשפט
14/04/2029,כט ניסן תשפט
15/04/2029,ל ניסן תשפט
16/04/2029,א אייר תשפט
17/04/2029,ב אייר תשפט
18/04/2029,ג אייר תשפט
19/04/2029,ד אייר תשפט
20/04/2029,ה אייר תשפט
21/04/2029,ו אייר תשפט
22/04/2029,ז אייר תשפט
23/04/2029,ח אייר תשפט
24/04/2029,ט אייר תשפט
25/04/2029,י אייר תשפט
26/04/2029,יא אייר תשפט
27/04/2029,יב אייר תשפט
28/04/2029,יג אייר תשפט
29/04/2029,יד אייר תשפט
30/04/2029,טו אייר תשפט
01/05/2029,טז אייר תשפט
02/05/2029,יז אייר תשפט
03/05/2029,יח אייר תשפט
04/05/2029,יט אייר תשפט
05/05/2029,כ אייר תשפט
06/05/2029,כא אייר תשפט
07/05/2029,כב אייר תשפט
08/05/2029,כג אייר תשפט
09/05/2029,כד אייר תשפט
10/05/2029,כה אייר תשפט
11/05/2029,כו אייר תשפט
12/05/2029,כז אייר תשפט
13/05/2029,כח אייר תשפט
14/05/2029,כט אייר תשפט
15/05/2029,א סיון תשפט
16/05/2029,ב סיון תשפט
17/05/2029,ג סיון תשפט
18/05/2029,ד סיון תשפט
19/05/2029,ה סיון תשפט
20/05/2029,ו סיון תשפט
21/05/2029,ז סיון תשפט
22/05/2029,ח סיון תשפט
23/05/2029,ט סיון תשפט
24/05/2029,י סיון תשפט
25/05/2029,יא סיון תשפט
26/05/2029,יב סיון תשפט
27/05/2029,יג סיון תשפט
28/05/2029,יד סיון תשפט
29/05/2029,טו סיון תשפט
30/05/2029,טז סיון תשפט
31/05/2029,יז סיון תשפט
01/06/2029,יח סיון תשפט
02/06/2029,יט סיון תשפט
03/06/2029,כ סיון תשפט
04/06/2029,כא סיון תשפט
05/06/2029,כב סיון תשפט
06/06/2029,כג סיון תשפט
07/06/2029,כד סיון תשפט
08/06/2029,כה סיון תשפט
09/06/2029,כו סיון תשפט
10/06/2029,כז סיון תשפט
11/06/2029,כח סיון תשפט
12/06/2029,כט סיון תשפט
13/06/2029,ל סיון תשפט
14/06/2029,א תמוז תשפט
15/06/2029,ב תמוז תשפט
16/06/2029,ג תמוז תשפט
17/06/2029,ד תמוז תשפט
18/06/2029,ה תמוז תשפט
19/06/2029,ו תמוז תשפט
20/06/2029,ז תמוז תשפט
21/06/2029,ח תמוז תשפט
22/06/2029,ט תמוז תשפט
23/06/2029,י תמוז תשפט
24/06/2029,יא תמוז תשפט
25/06/2029,יב תמוז תשפט
26/06/2029,יג תמוז תשפט
27/06/2029,יד תמוז תשפט
28/06/2029,טו תמוז תשפט
29/06/2029,טז תמוז תשפט
30/06/2029,יז תמוז תשפט
01/07/2029,יח תמוז תשפט
02/07/2029,יט תמוז תשפט
03/07/2029,כ תמוז תשפט
04/07/2029,כא תמוז תשפט
05/07/2029,כב תמוז תשפט
06/07/2029,כג תמוז תשפט
07/07/2029,כד תמוז תשפט
08/07/2029,כה תמוז תשפט
09/07/2029,כו תמוז תשפט
10/07/2029,כז תמוז תשפט
11/07/2029,כח תמוז תשפט
12/07/2029,כט תמוז תשפט
13/07/2029,א אב תשפט
14/07/2029,ב אב תשפט
15/07/2029,ג אב תשפט
16/07/2029,ד אב תשפט
17/07/2029,ה אב תשפט
18/07/2029,ו אב תשפט
19/07/2029,ז אב תשפט
20/07/2029,ח אב תשפט
21/07/2029,ט אב תשפט
22/07/2029,י אב תשפט
23/07/2029,יא אב תשפט
24/07/2029,יב אב תשפט
25/07/2029,יג אב תשפט
26/07/2029,יד אב תשפט
27/07/2029,טו אב תשפט
28/07/2029,טז אב תשפט
29/07/2029,יז אב תשפט
30/07/2029,יח אב תשפט
31/07/2029,יט אב תשפט
01/08/2029,כ אב תשפט
02/08/2029,כא אב תשפט
03/08/2029,כב אב תשפט
04/08/2029,כג אב תשפט
05/08/2029,כד אב תשפט
06/08/2029,כה אב תשפט
07/08/2029,כו אב תשפט
08/08/2029,כז אב תשפט
09/08/2029,כח אב תשפט
10/08/2029,כט אב תשפט
11/08/2029,ל אב תשפט
12/08/2029,א אלול תשפט
13/08/2029,ב אלול תשפט
14/08/2029,ג אלול תשפט
15/08/2029,ד אלול תשפט
16/08/2029,ה אלול תשפט
17/08/2029,ו אלול תשפט
18/08/2029,ז אלול תשפט
19/08/2029,ח אלול תשפט
20/08/2029,ט אלול תשפט
21/08/2029,י אלול תשפט
22/08/2029,יא אלול תשפט
23/08/2029,יב אלול תשפט
24/08/2029,יג אלול תשפט
25/08/2029,יד אלול תשפט
26/08/2029,טו אלול תשפט
27/08/2029,טז אלול תשפט
28/08/2029,יז אלול תשפט
29/08/2029,יח אלול תשפט
30/08/2029,יט אלול תשפט
31/08/2029,כ אלול תשפט
01/09/2029,כא אלול תשפט
02/09/2029,כב אלול תשפט
03/09/2029,כג אלול תשפט
04/09/2029,כד אלול תשפט
05/09/2029,כה אלול תשפט
06/09/2029,כו אלול תשפט
07/09/2029,כז אלול תשפט
08/09/2029,כח אלול תשפט
09/09/2029,כט אלול תשפט
10/09/2029,א תשרי תשצ
11/09/2029,ב תשרי תשצ
12/09/2029,ג תשרי תשצ
13/09/2029,ד תשרי תשצ
14/09/2029,ה תשרי תשצ
15/09/2029,ו תשרי תשצ
16/09/2029,ז תשרי תשצ
17/09/2029,ח תשרי תשצ
18/09/2029,ט תשרי תשצ
19/09/2029,י תשרי תשצ
20/09/2029,יא תשרי תשצ
21/09/2029,יב תשרי תשצ
22/09/2029,יג תשרי תשצ
23/09/2029,יד תשרי תשצ
24/09/2029,טו תשרי תשצ
25/09/2029,טז תשרי תשצ
26/09/2029,יז תשרי תשצ
27/09/2029,יח תשרי תשצ
28/09/2029,יט תשרי תשצ
29/09/2029,כ תשרי תשצ
30/09/2029,כא תשרי תשצ
01/10/2029,כב תשרי תשצ
02/10/2029,כג תשרי תשצ
03/10/2029,כד תשרי תשצ
04/10/2029,כה תשרי תשצ
05/10/2029,כו תשרי תשצ
06/10/2029,כז תשרי תשצ
07/10/2029,כח תשרי תשצ
08/10/2029,כט תשרי תשצ
09/10/2029,ל תשרי תשצ
10/10/2029,א חשון תשצ
11/10/2029,ב חשון תשצ
12/10/2029,ג חשון תשצ
13/10/2029,ד חשון תשצ
14/10/2029,ה חשון תשצ
15/10/2029,ו חשון תשצ
16/10/2029,ז חשון תשצ
17/10/2029,ח חשון תשצ
18/10/2029,ט חשון תשצ
19/10/2029,י חשון תשצ
20/10/2029,יא חשון תשצ
21/10/2029,יב חשון תשצ
22/10/2029,יג חשון תשצ
23/10/2029,יד חשון תשצ
24/10/2029,טו חשון תשצ
25/10/2029,טז חשון תשצ
26/10/2029,יז חשון תשצ
27/10/2029,יח חשון תשצ
28/10/2029,יט חשון תשצ
29/10/2029,כ חשון תשצ
30/10/2029,כא חשון תשצ
31/10/2029,כב חשון תשצ
01/11/2029,כג חשון תשצ
02/11/2029,כד חשון תשצ
03/11/2029,כה חשון תשצ
04/11/2029,כו חשון תשצ
05/11/2029,כז חשון תשצ
06/11/2029,כח חשון תשצ
07/11/2029,כט חשון תשצ
08/11/2029,א כסלו תשצ
09/11/2029,ב כסלו תשצ
10/11/2029,ג כסלו תשצ
11/11/2029,ד כסלו תשצ
12/11/2029,ה כסלו תשצ
13/11/2029,ו כסלו תשצ
14/11/2029,ז כסלו תשצ
15/11/2029,ח כסלו תשצ
16/11/2029,ט כסלו תשצ
17/11/2029,י כסלו תשצ
18/11/2029,יא כסלו תשצ
19/11/2029,יב כסלו תשצ
20/11/2029,יג כסלו תשצ
21/11/2029,יד כסלו תשצ
22/11/2029,טו כסלו תשצ
23/11/2029,טז כסלו תשצ
24/11/2029,יז כסלו תשצ
25/11/2029,יח כסלו תשצ
26/11/2029,יט כסלו תשצ
27/11/2029,כ כסלו תשצ
28/11/2029,כא כסלו תשצ
29/11/2029,כב כסלו תשצ
30/11/2029,כג כסלו תשצ
01/12/2029,כד כסלו תשצ
02/12/2029,כה כסלו תשצ
03/12/2029,כו כסלו תשצ
04/12/2029,כז כסלו תשצ
05/12/2029,כח כסלו תשצ
06/12/2029,כט כסלו תשצ
07/12/2029,א טבת תשצ
08/12/2029,ב טבת תשצ
09/12/2029,ג טבת תשצ
10/12/2029,ד טבת תשצ
11/12/2029,ה טבת תשצ
12/12/2029,ו טבת תשצ
13/12/2029,ז טבת תשצ
14/12/2029,ח טבת תשצ
15/12/2029,ט טבת תשצ
16/12/2029,י טבת תשצ
17/12/2029,יא טבת תשצ
18/12/2029,יב טבת תשצ
19/12/2029,יג טבת תשצ
20/12/2029,יד טבת תשצ
21/12/2029,טו טבת תשצ
22/12/2029,טז טבת תשצ
23/12/2029,יז טבת תשצ
24/12/2029,יח טבת תשצ
25/12/2029,יט טבת תשצ
26/12/2029,כ טבת תשצ
27/12/2029,כא טבת תשצ
28/12/2029,כב טבת תשצ
29/12/2029,כג טבת תשצ
30/12/2029,כד טבת תשצ
31/12/2029,כה טבת תשצ
01/01/2030,כו טבת תשצ
02/01/2030,כז טבת תשצ
03/01/2030,כח טבת תשצ
04/01/2030,כט טבת תשצ
05/01/2030,א שבט תשצ
06/01/2030,ב שבט תשצ
07/01/2030,ג שבט תשצ
08/01/2030,ד שבט תשצ
09/01/2030,ה שבט תשצ
10/01/2030,ו שבט תשצ
11/01/2030,ז שבט תשצ
12/01/2030,ח שבט תשצ
13/01/2030,ט שבט תשצ
14/01/2030,י שבט תשצ
15/01/2030,יא שבט תשצ
16/01/2030,יב שבט תשצ
17/01/2030,יג שבט תשצ
18/01/2030,יד שבט תשצ
19/01/2030,טו שבט תשצ
20/01/2030,טז שבט תשצ
21/01/2030,יז שבט תשצ
22/01/2030,יח שבט תשצ
23/01/2030,יט שבט תשצ
24/01/2030,כ שבט תשצ
25/01/2030,כא שבט תשצ
26/01/2030,כב שבט תשצ
27/01/2030,כג שבט תשצ
28/01/2030,כד שבט תשצ
29/01/2030,כה שבט תשצ
30/01/2030,כו שבט תשצ
31/01/2030,כז שבט תשצ
01/02/2030,כח שבט תשצ
02/02/2030,כט שבט תשצ
03/02/2030,ל שבט תשצ
04/02/2030,א אדר-א תשצ
05/02/2030,ב אדר-א תשצ
06/02/2030,ג אדר-א תשצ
07/02/2030,ד אדר-א תשצ
08/02/2030,ה אדר-א תשצ
09/02/2030,ו אדר-א תשצ
10/02/2030,ז אדר-א תשצ
11/02/2030,ח אדר-א תשצ
12/02/2030,ט אדר-א תשצ
13/02/2030,י אדר-א תשצ
14/02/2030,יא אדר-א תשצ
15/02/2030,יב אדר-א תשצ
16/02/2030,יג אדר-א תשצ
17/02/2030,יד אדר-א תשצ
18/02/2030,טו אדר-א תשצ
19/02/2030,טז אדר-א תשצ
20/02/2030,יז אדר-א תשצ
21/02/2030,יח אדר-א תשצ
22/02/2030,יט אדר-א תשצ
23/02/2030,כ אדר-א תשצ
24/02/2030,כא אדר-א תשצ
25/02/2030,כב אדר-א תשצ
26/02/2030,כג אדר-א תשצ
27/02/2030,כד אדר-א תשצ
28/02/2030,כה אדר-א תשצ
01/03/2030,כו אדר-א תשצ
02/03/2030,כז אדר-א תשצ
03/03/2030,כח אדר-א תשצ
04/03/2030,כט אדר-א תשצ
05/03/2030,ל אדר-א תשצ
06/03/2030,א אדר-ב תשצ
07/03/2030,ב אדר-ב תשצ
08/03/2030,ג אדר-ב תשצ
09/03/2030,ד אדר-ב תשצ
10/03/2030,ה אדר-ב תשצ
11/03/2030,ו אדר-ב תשצ
12/03/2030,ז אדר-ב תשצ
13/03/2030,ח אדר-ב תשצ
14/03/2030,ט אדר-ב תשצ
15/03/2030,י אדר-ב תשצ
16/03/2030,יא אדר-ב תשצ
17/03/2030,יב אדר-ב תשצ
18/03/2030,יג אדר-ב תשצ
19/03/2030,יד אדר-ב תשצ
20/03/2030,טו אדר-ב תשצ
21/03/2030,טז אדר-ב תשצ
22/03/2030,יז אדר-ב תשצ
23/03/2030,יח אדר-ב תשצ
24/03/2030,יט אדר-ב תשצ
25/03/2030,כ אדר-ב תשצ
26/03/2030,כא אדר-ב תשצ
27/03/2030,כב אדר-ב תשצ
28/03/2030,כג אדר-ב תשצ
29/03/2030,כד אדר-ב תשצ
30/03/2030,כה אדר-ב תשצ
31/03/2030,כו אדר-ב תשצ
01/04/2030,כז אדר-ב תשצ
02/04/2030,כח אדר-ב תשצ
03/04/2030,כט אדר-ב תשצ
04/04/2030,א ניסן תשצ
05/04/2030,ב ניסן תשצ
06/04/2030,ג ניסן תשצ
07/04/2030,ד ניסן תשצ
08/04/2030,ה ניסן תשצ
09/04/2030,ו ניסן תשצ
10/04/2030,ז ניסן תשצ
11/04/2030,ח ניסן תשצ
12/04/2030,ט ניסן תשצ
13/04/2030,י ניסן תשצ
14/04/2030,יא ניסן תשצ
15/04/2030,יב ניסן תשצ
16/04/2030,יג ניסן תשצ
17/04/2030,יד ניסן תשצ
18/04/2030,טו ניסן תשצ
19/04/2030,טז ניסן תשצ
20/04/2030,יז ניסן תשצ
21/04/2030,יח ניסן תשצ
22/04/2030,יט ניסן תשצ
23/04/2030,כ ניסן תשצ
24/04/2030,כא ניסן תשצ
25/04/2030,כב ניסן תשצ
26/04/2030,כג ניסן תשצ
27/04/2030,כד ניסן תשצ
28/04/2030,כה ניסן תשצ
29/04/2030,כו ניסן תשצ
30/04/2030,כז ניסן תשצ
01/05/2030,כח ניסן תשצ
02/05/2030,כט ניסן תשצ
03/05/2030,ל ניסן תשצ
04/05/2030,א אייר תשצ
05/05/2030,ב אייר תשצ
06/05/2030,ג אייר תשצ
07/05/2030,ד אייר תשצ
08/05/2030,ה אייר תשצ
09/05/2030,ו אייר תשצ
10/05/2030,ז אייר תשצ
11/05/2030,ח אייר תשצ
12/05/2030,ט אייר תשצ
13/05/2030,י אייר תשצ
14/05/2030,יא אייר תשצ
15/05/2030,יב אייר תשצ
16/05/2030,יג אייר תשצ
17/05/2030,יד אייר תשצ
18/05/2030,טו אייר תשצ
19/05/2030,טז אייר תשצ
20/05/2030,יז אייר תשצ
21/05/2030,יח אייר תשצ
22/05/2030,יט אייר תשצ
23/05/2030,כ אייר תשצ
24/05/2030,כא אייר תשצ
25/05/2030,כב אייר תשצ
26/05/2030,כג אייר תשצ
27/05/2030,כד אייר תשצ
28/05/2030,כה אייר תשצ
29/05/2030,כו אייר תשצ
30/05/2030,כז אייר תשצ
31/05/2030,כח אייר תשצ
01/06/2030,כט אייר תשצ
02/06/2030,א סיון תשצ
03/06/2030,ב סיון תשצ
04/06/2030,ג סיון תשצ
05/06/2030,ד סיון תשצ
06/06/2030,ה סיון תשצ
07/06/2030,ו סיון תשצ
08/06/2030,ז סיון תשצ
09/06/2030,ח סיון תשצ
10/06/2030,ט סיון תשצ
11/06/2030,י סיון תשצ
12/06/2030,יא סיון תשצ
13/06/2030,יב סיון תשצ
14/06/2030,יג סיון תשצ
15/06/2030,יד סיון תשצ
16/06/2030,טו סיון תשצ
17/06/2030,טז סיון תשצ
18/06/2030,יז סיון תשצ
19/06/2030,יח סיון תשצ
20/06/2030,יט סיון תשצ
21/06/2030,כ סיון תשצ
22/06/2030,כא סיון תשצ
23/06/2030,כב סיון תשצ
24/06/2030,כג סיון תשצ
25/06/2030,כד סיון תשצ
26/06/2030,כה סיון תשצ
27/06/2030,כו סיון תשצ
28/06/2030,כז סיון תשצ
29/06/2030,כח סיון תשצ
30/06/2030,כט סיון תשצ
01/07/2030,ל סיון תשצ
02/07/2030,א תמוז תשצ
03/07/2030,ב תמוז תשצ
04/07/2030,ג תמוז תשצ
05/07/2030,ד תמוז תשצ
06/07/2030,ה תמוז תשצ
07/07/2030,ו תמוז תשצ
08/07/2030,ז תמוז תשצ
09/07/2030,ח תמוז תשצ
10/07/2030,ט תמוז תשצ
11/07/2030,י תמוז תשצ
12/07/2030,יא תמוז תשצ
13/07/2030,יב תמוז תשצ
14/07/2030,יג תמוז תשצ
15/07/2030,יד תמוז תשצ
16/07/2030,טו תמוז תשצ
17/07/2030,טז תמוז תשצ
18/07/2030,יז תמוז תשצ
19/07/2030,יח תמוז תשצ
20/07/2030,יט תמוז תשצ
21/07/2030,כ תמוז תשצ
22/07/2030,כא תמוז תשצ
23/07/2030,כב תמוז תשצ
24/07/2030,כג תמוז תשצ
25/07/2030,כד תמוז תשצ
26/07/2030,כה תמוז תשצ
27/07/2030,כו תמוז תשצ
28/07/2030,כז תמוז תשצ
29/07/2030,כח תמוז תשצ
30/07/2030,כט תמוז תשצ
31/07/2030,א אב תשצ
01/08/2030,ב אב תשצ
02/08/2030,ג אב תשצ
03/08/2030,ד אב תשצ
04/08/2030,ה אב תשצ
05/08/2030,ו אב תשצ
06/08/2030,ז אב תשצ
07/08/2030,ח אב תשצ
08/08/2030,ט אב תשצ
09/08/2030,י אב תשצ
10/08/2030,יא אב תשצ
11/08/2030,יב אב תשצ
12/08/2030,יג אב תשצ
13/08/2030,יד אב תשצ
14/08/2030,טו אב תשצ
15/08/2030,טז אב תשצ
16/08/2030,יז אב תשצ
17/08/2030,יח אב תשצ
18/08/2030,יט אב תשצ
19/08/2030,כ אב תשצ
20/08/2030,כא אב תשצ
21/08/2030,כב אב תשצ
22/08/2030,כג אב תשצ
23/08/2030,כד אב תשצ
24/08/2030,כה אב תשצ
25/08/2030,כו אב תשצ
26/08/2030,כז אב תשצ
27/08/2030,כח אב תשצ
28/08/2030,כט אב תשצ
29/08/2030,ל אב תשצ
30/08/2030,א אלול תשצ
31/08/2030,ב אלול תשצ
01/09/2030,ג אלול תשצ
02/09/2030,ד אלול תשצ
03/09/2030,ה אלול תשצ
04/09/2030,ו אלול תשצ
05/09/2030,ז אלול תשצ
06/09/2030,ח אלול תשצ
07/09/2030,ט אלול תשצ
08/09/2030,י אלול תשצ
09/09/2030,יא אלול תשצ
10/09/2030,יב אלול תשצ
11/09/2030,יג אלול תשצ
12/09/2030,יד אלול תשצ
13/09/2030,טו אלול תשצ
14/09/2030,טז אלול תשצ
15/09/2030,יז אלול תשצ
16/09/2030,יח אלול תשצ
17/09/2030,יט אלול תשצ
18/09/2030,כ אלול תשצ
19/09/2030,כא אלול תשצ
20/09/2030,כב אלול תשצ
21/09/2030,כג אלול תשצ
22/09/2030,כד אלול תשצ
23/09/2030,כה אלול תשצ
24/09/2030,כו אלול תשצ
25/09/2030,כז אלול תשצ
26/09/2030,כח אלול תשצ
27/09/2030,כט אלול תשצ
28/09/2030,א תשרי תשצא
29/09/2030,ב תשרי תשצא
30/09/2030,ג תשרי תשצא
01/10/2030,ד תשרי תשצא
02/10/2030,ה תשרי תשצא
03/10/2030,ו תשרי תשצא
04/10/2030,ז תשרי תשצא
05/10/2030,ח תשרי תשצא
06/10/2030,ט תשרי תשצא
07/10/2030,י תשרי תשצא
08/10/2030,יא תשרי תשצא
09/10/2030,יב תשרי תשצא
10/10/2030,יג תשרי תשצא
11/10/2030,יד תשרי תשצא
12/10/2030,טו תשרי תשצא
13/10/2030,טז תשרי תשצא
14/10/2030,יז תשרי תשצא
15/10/2030,יח תשרי תשצא
16/10/2030,יט תשרי תשצא
17/10/2030,כ תשרי תשצא
18/10/2030,כא תשרי תשצא
19/10/2030,כב תשרי תשצא
20/10/2030,כג תשרי תשצא
21/10/2030,כד תשרי תשצא
22/10/2030,כה תשרי תשצא
23/10/2030,כו תשרי תשצא
24/10/2030,כז תשרי תשצא
25/10/2030,כח תשרי תשצא
26/10/2030,כט תשרי תשצא
27/10/2030,ל תשרי תשצא
28/10/2030,א חשון תשצא
29/10/2030,ב חשון תשצא
30/10/2030,ג חשון תשצא
31/10/2030,ד חשון תשצא
01/11/2030,ה חשון תשצא
02/11/2030,ו חשון תשצא
03/11/2030,ז חשון תשצא
04/11/2030,ח חשון תשצא
05/11/2030,ט חשון תשצא
06/11/2030,י חשון תשצא
07/11/2030,יא חשון תשצא
08/11/2030,יב חשון תשצא
09/11/2030,יג חשון תשצא
10/11/2030,יד חשון תשצא
11/11/2030,טו חשון תשצא
12/11/2030,טז חשון תשצא
13/11/2030,יז חשון תשצא
14/11/2030,יח חשון תשצא
15/11/2030,יט חשון תשצא
16/11/2030,כ חשון תשצא
17/11/2030,כא חשון תשצא
18/11/2030,כב חשון תשצא
19/11/2030,כג חשון תשצא
20/11/2030,כד חשון תשצא
21/11/2030,כה חשון תשצא
22/11/2030,כו חשון תשצא
23/11/2030,כז חשון תשצא
24/11/2030,כח חשון תשצא
25/11/2030,כט חשון תשצא
26/11/2030,ל חשון תשצא
27/11/2030,א כסלו תשצא
28/11/2030,ב כסלו תשצא
29/11/2030,ג כסלו תשצא
30/11/2030,ד כסלו תשצא
01/12/2030,ה כסלו תשצא
02/12/2030,ו כסלו תשצא
03/12/2030,ז כסלו תשצא
04/12/2030,ח כסלו תשצא
05/12/2030,ט כסלו תשצא
06/12/2030,י כסלו תשצא
07/12/2030,יא כסלו תשצא
08/12/2030,יב כסלו תשצא
09/12/2030,יג כסלו תשצא
10/12/2030,יד כסלו תשצא
11/12/2030,טו כסלו תשצא
12/12/2030,טז כסלו תשצא
13/12/2030,יז כסלו תשצא
14/12/2030,יח כסלו תשצא
15/12/2030,יט כסלו תשצא
16/12/2030,כ כסלו תשצא
17/12/2030,כא כסלו תשצא
18/12/2030,כב כסלו תשצא
19/12/2030,כג כסלו תשצא
20/12/2030,כד כסלו תשצא
21/12/2030,כה כסלו תשצא
22/12/2030,כו כסלו תשצא
23/12/2030,כז כסלו תשצא
24/12/2030,כח כסלו תשצא
25/12/2030,כט כסלו תשצא
26/12/2030,ל כסלו תשצא
27/12/2030,א טבת תשצא
28/12/2030,ב טבת תשצא
29/12/2030,ג טבת תשצא
30/12/2030,ד טבת תשצא
31/12/2030,ה טבת תשצא
01/01/2031,ו טבת תשצא
02/01/2031,ז טבת תשצא
03/01/2031,ח טבת תשצא
04/01/2031,ט טבת תשצא
05/01/2031,י טבת תשצא
06/01/2031,יא טבת תשצא
07/01/2031,יב טבת תשצא
08/01/2031,יג טבת תשצא
09/01/2031,יד טבת תשצא
10/01/2031,טו טבת תשצא
11/01/2031,טז טבת תשצא
12/01/2031,יז טבת תשצא
13/01/2031,יח טבת תשצא
14/01/2031,יט טבת תשצא
15/01/2031,כ טבת תשצא
16/01/2031,כא טבת תשצא
17/01/2031,כב טבת תשצא
18/01/2031,כג טבת תשצא
19/01/2031,כד טבת תשצא
20/01/2031,כה טבת תשצא
21/01/2031,כו טבת תשצא
22/01/2031,כז טבת תשצא
23/01/2031,כח טבת תשצא
24/01/2031,כט טבת תשצא
25/01/2031,א שבט תשצא
26/01/2031,ב שבט תשצא
27/01/2031,ג שבט תשצא
28/01/2031,ד שבט תשצא
29/01/2031,ה שבט תשצא
30/01/2031,ו שבט תשצא
31/01/2031,ז שבט תשצא
01/02/2031,ח שבט תשצא
02/02/2031,ט שבט תשצא
03/02/2031,י שבט תשצא
04/02/2031,יא שבט תשצא
05/02/2031,יב שבט תשצא
06/02/2031,יג שבט תשצא
07/02/2031,יד שבט תשצא
08/02/2031,טו שבט תשצא
09/02/2031,טז שבט תשצא
10/02/2031,יז שבט תשצא
11/02/2031,יח שבט תשצא
12/02/2031,יט שבט תשצא
13/02/2031,כ שבט תשצא
14/02/2031,כא שבט תשצא
15/02/2031,כב שבט תשצא
16/02/2031,כג שבט תשצא
17/02/2031,כד שבט תשצא
18/02/2031,כה שבט תשצא
19/02/2031,כו שבט תשצא
20/02/2031,כז שבט תשצא
21/02/2031,כח שבט תשצא
22/02/2031,כט שבט תשצא
23/02/2031,ל שבט תשצא
24/02/2031,א אדר תשצא
25/02/2031,ב אדר תשצא
26/02/2031,ג אדר תשצא
27/02/2031,ד אדר תשצא
28/02/2031,ה אדר תשצא
01/03/2031,ו אדר תשצא
02/03/2031,ז אדר תשצא
03/03/2031,ח אדר תשצא
04/03/2031,ט אדר תשצא
05/03/2031,י אדר תשצא
06/03/2031,יא אדר תשצא
07/03/2031,יב אדר תשצא
08/03/2031,יג אדר תשצא
09/03/2031,יד אדר תשצא
10/03/2031,טו אדר תשצא
11/03/2031,טז אדר תשצא
12/03/2031,יז אדר תשצא
13/03/2031,יח אדר תשצא
14/03/2031,יט אדר תשצא
15/03/2031,כ אדר תשצא
16/03/2031,כא אדר תשצא
17/03/2031,כב אדר תשצא
18/03/2031,כג אדר תשצא
19/03/2031,כד אדר תשצא
20/03/2031,כה אדר תשצא
21/03/2031,כו אדר תשצא
22/03/2031,כז אדר תשצא
23/03/2031,כח אדר תשצא
24/03/2031,כט אדר תשצא
25/03/2031,א ניסן תשצא
26/03/2031,ב ניסן תשצא
27/03/2031,ג ניסן תשצא
28/03/2031,ד ניסן תשצא
29/03/2031,ה ניסן תשצא
30/03/2031,ו ניסן תשצא
31/03/2031,ז ניסן תשצא
01/04/2031,ח ניסן תשצא
02/04/2031,ט ניסן תשצא
03/04/2031,י ניסן תשצא
04/04/2031,יא ניסן תשצא
05/04/2031,יב ניסן תשצא
06/04/2031,יג ניסן תשצא
07/04/2031,יד ניסן תשצא
08/04/2031,טו ניסן תשצא
09/04/2031,טז ניסן תשצא
10/04/2031,יז ניסן תשצא
11/04/2031,יח ניסן תשצא
12/04/2031,יט ניסן תשצא
13/04/2031,כ ניסן תשצא
14/04/2031,כא ניסן תשצא
15/04/2031,כב ניסן תשצא
16/04/2031,כג ניסן תשצא
17/04/2031,כד ניסן תשצא
18/04/2031,כה ניסן תשצא
19/04/2031,כו ניסן תשצא
20/04/2031,כז ניסן תשצא
21/04/2031,כח ניסן תשצא
22/04/2031,כט ניסן תשצא
23/04/2031,ל ניסן תשצא
24/04/2031,א אייר תשצא
25/04/2031,ב אייר תשצא
26/04/2031,ג אייר תשצא
27/04/2031,ד אייר תשצא
28/04/2031,ה אייר תשצא
29/04/2031,ו אייר תשצא
30/04/2031,ז אייר תשצא
01/05/2031,ח אייר תשצא
02/05/2031,ט אייר תשצא
03/05/2031,י אייר תשצא
04/05/2031,יא אייר תשצא
05/05/2031,יב אייר תשצא
06/05/2031,יג אייר תשצא
07/05/2031,יד אייר תשצא
08/05/2031,טו אייר תשצא
09/05/2031,טז אייר תשצא
10/05/2031,יז אייר תשצא
11/05/2031,יח אייר תשצא
12/05/2031,יט אייר תשצא
13/05/2031,כ אייר תשצא
14/05/2031,כא אייר תשצא
15/05/2031,כב אייר תשצא
16/05/2031,כג אייר תשצא
17/05/2031,כד אייר תשצא
18/05/2031,כה אייר תשצא
19/05/2031,כו אייר תשצא
20/05/2031,כז אייר תשצא
21/05/2031,כח אייר תשצא
22/05/2031,כט אייר תשצא
23/05/2031,א סיון תשצא
24/05/2031,ב סיון תשצא
25/05/2031,ג סיון תשצא
26/05/2031,ד סיון תשצא
27/05/2031,ה סיון תשצא
28/05/2031,ו סיון תשצא
29/05/2031,ז סיון תשצא
30/05/2031,ח סיון תשצא
31/05/2031,ט סיון תשצא
27/05/2031,ה סיון תשצא
28/05/2031,ו סיון תשצא
29/05/2031,ז סיון תשצא
30/05/2031,ח סיון תשצא
31/05/2031,ט סיון תשצא
